sample,elapsed_s,mark,calibratorCalibrated,ikCalibrated,trackingAssigned,mappingCalibrated,simulatedInput,dataSource,leftAvailable,rightAvailable,leftFallback,rightFallback,leftValgus_deg,rightValgus_deg,leftFlex_deg,rightFlex_deg,swayRMS_mm,swayVelocity_mps,symmetry_pct,leftReach_pct,rightReach_pct,pelvis_x,pelvis_y,pelvis_z,leftKnee_x,leftKnee_y,leftKnee_z,rightKnee_x,rightKnee_y,rightKnee_z,leftAnkle_x,leftAnkle_y,leftAnkle_z,rightAnkle_x,rightAnkle_y,rightAnkle_z
0,0.292,0,1,1,1,1,0,Avatar IK kemik fallback,1,1,1,1,-0.229,-0.230,6.497,6.483,0.001,0.000,0.217,0.047,0.000,1.553,0.123,1.988,1.651,-0.407,1.971,1.455,-0.407,1.972,1.650,-0.870,2.001,1.457,-0.870,2.000
1,0.400,0,1,1,1,1,0,Avatar IK kemik fallback,1,1,1,1,-0.210,-0.265,6.554,6.533,0.432,0.009,0.326,0.062,0.000,1.552,0.122,1.990,1.651,-0.407,1.972,1.455,-0.407,1.973,1.650,-0.870,2.001,1.457,-0.870,2.000
2,0.501,0,1,1,1,1,0,Avatar IK kemik fallback,1,1,1,1,-0.228,-0.226,6.566,6.535,0.704,0.007,0.479,0.046,0.000,1.551,0.123,1.990,1.651,-0.406,1.972,1.455,-0.406,1.973,1.651,-0.869,2.001,1.458,-0.869,2.000
3,0.612,0,1,1,1,1,0,Avatar IK kemik fallback,1,1,1,1,-0.199,-0.224,6.569,6.498,0.937,0.000,1.093,0.113,0.000,1.551,0.124,1.990,1.651,-0.405,1.972,1.455,-0.405,1.973,1.651,-0.868,2.001,1.458,-0.868,2.000
4,0.713,0,1,1,1,1,0,Avatar IK kemik fallback,1,1,1,1,-0.191,-0.226,6.573,6.476,1.110,0.002,1.479,0.151,0.000,1.551,0.124,1.991,1.651,-0.405,1.972,1.455,-0.405,1.973,1.651,-0.868,2.001,1.458,-0.868,2.000
5,0.835,0,1,1,1,1,0,Avatar IK kemik fallback,1,1,1,1,-0.170,-0.270,6.564,6.434,1.247,0.003,2.010,0.230,0.000,1.552,0.125,1.991,1.651,-0.405,1.972,1.455,-0.405,1.973,1.651,-0.868,2.001,1.458,-0.868,1.999
6,0.936,0,1,1,1,1,0,Avatar IK kemik fallback,1,1,1,1,-0.138,-0.330,6.547,6.423,1.300,0.004,1.910,0.218,0.000,1.552,0.125,1.990,1.651,-0.405,1.972,1.455,-0.404,1.973,1.651,-0.868,2.001,1.458,-0.868,1.999
7,1.036,0,1,1,1,1,0,Avatar IK kemik fallback,1,1,1,1,-0.112,-0.353,6.524,6.440,1.308,0.007,1.291,0.144,0.000,1.553,0.125,1.990,1.651,-0.404,1.972,1.455,-0.404,1.973,1.651,-0.867,2.001,1.458,-0.867,2.000
8,1.158,0,1,1,1,1,0,Avatar IK kemik fallback,1,1,1,1,-0.136,-0.353,6.515,6.439,1.289,0.008,1.163,0.121,0.000,1.553,0.126,1.989,1.651,-0.403,1.971,1.455,-0.403,1.972,1.651,-0.866,2.001,1.458,-0.866,2.000
9,1.259,0,1,1,1,1,0,Avatar IK kemik fallback,1,1,1,1,-0.127,-0.351,6.481,6.449,1.283,0.011,0.495,0.078,0.000,1.553,0.128,1.988,1.652,-0.402,1.971,1.455,-0.402,1.972,1.651,-0.865,2.001,1.458,-0.865,2.000
10,1.381,0,1,1,1,1,0,Avatar IK kemik fallback,1,1,1,1,-0.144,-0.333,6.449,6.475,1.332,0.010,0.406,0.023,0.000,1.553,0.129,1.987,1.651,-0.401,1.970,1.455,-0.401,1.971,1.651,-0.864,2.000,1.458,-0.864,2.000
11,1.482,0,1,1,1,1,0,Avatar IK kemik fallback,1,1,1,1,-0.199,-0.250,6.443,6.482,1.405,0.004,0.602,0.011,0.000,1.552,0.129,1.987,1.651,-0.401,1.970,1.455,-0.401,1.971,1.651,-0.864,2.000,1.457,-0.864,2.000
12,1.604,0,1,1,1,1,0,Avatar IK kemik fallback,1,1,1,1,-0.262,-0.186,6.480,6.486,1.534,0.020,0.095,0.032,0.000,1.551,0.127,1.987,1.650,-0.402,1.970,1.454,-0.402,1.971,1.650,-0.865,2.001,1.457,-0.865,2.000
13,1.726,0,1,1,1,1,0,Avatar IK kemik fallback,1,1,1,1,-0.249,-0.191,6.471,6.473,1.615,0.000,0.037,0.009,0.000,1.551,0.126,1.987,1.650,-0.403,1.970,1.454,-0.403,1.971,1.650,-0.866,2.000,1.457,-0.866,2.000
14,1.837,0,1,1,1,1,0,Avatar IK kemik fallback,1,1,1,1,-0.221,-0.214,6.502,6.501,1.637,0.011,0.015,0.002,0.000,1.551,0.124,1.988,1.651,-0.405,1.971,1.454,-0.405,1.972,1.650,-0.868,2.000,1.457,-0.868,2.000
15,1.939,0,1,1,1,1,0,Avatar IK kemik fallback,1,1,1,1,-0.215,-0.247,6.520,6.508,1.625,0.006,0.179,0.018,0.000,1.552,0.123,1.988,1.651,-0.406,1.971,1.455,-0.406,1.972,1.650,-0.869,2.000,1.457,-0.869,2.000
16,2.060,0,1,1,1,1,0,Avatar IK kemik fallback,1,1,1,1,-0.256,-0.339,8.290,8.118,1.595,0.011,2.101,0.000,0.057,1.552,0.120,1.990,1.651,-0.409,1.961,1.454,-0.409,1.963,1.651,-0.871,1.993,1.457,-0.871,1.994
17,2.161,0,1,1,1,1,0,Avatar IK kemik fallback,1,1,1,1,-0.323,-0.427,10.363,10.172,1.610,0.007,1.855,0.000,0.119,1.552,0.118,1.991,1.652,-0.410,1.948,1.454,-0.410,1.951,1.651,-0.873,1.984,1.457,-0.873,1.985
18,2.262,0,1,1,1,1,0,Avatar IK kemik fallback,1,1,1,1,-0.336,-0.485,11.198,10.939,1.692,0.020,2.332,0.000,0.108,1.552,0.116,1.992,1.652,-0.411,1.944,1.454,-0.411,1.946,1.652,-0.873,1.981,1.457,-0.873,1.982
19,2.372,0,1,1,1,1,0,Avatar IK kemik fallback,1,1,1,1,-0.341,-0.463,11.195,10.910,1.808,0.014,2.580,0.000,0.150,1.552,0.116,1.992,1.652,-0.411,1.944,1.454,-0.410,1.947,1.651,-0.873,1.981,1.457,-0.873,1.982
20,2.473,0,1,1,1,1,0,Avatar IK kemik fallback,1,1,1,1,-0.317,-0.480,10.998,10.718,1.974,0.011,2.574,0.000,0.058,1.553,0.117,1.993,1.652,-0.410,1.946,1.454,-0.410,1.948,1.651,-0.873,1.982,1.458,-0.873,1.983
21,2.595,0,1,1,1,1,0,Avatar IK kemik fallback,1,1,1,1,-0.267,-0.479,10.263,9.968,2.231,0.008,2.910,0.020,0.000,1.553,0.118,1.994,1.652,-0.410,1.951,1.455,-0.410,1.953,1.651,-0.872,1.986,1.458,-0.872,1.986
22,2.696,0,1,1,1,1,0,Avatar IK kemik fallback,1,1,1,1,-0.202,-0.439,9.193,8.877,2.466,0.009,3.491,0.025,0.000,1.553,0.119,1.994,1.652,-0.409,1.957,1.455,-0.409,1.960,1.652,-0.872,1.990,1.458,-0.872,1.990
23,2.817,0,1,1,1,1,0,Avatar IK kemik fallback,1,1,1,1,-0.166,-0.384,8.060,7.825,2.737,0.006,2.953,0.186,0.000,1.553,0.120,1.994,1.652,-0.408,1.965,1.455,-0.408,1.966,1.651,-0.871,1.995,1.458,-0.871,1.994
24,2.940,0,1,1,1,1,0,Avatar IK kemik fallback,1,1,1,1,-0.226,-0.228,6.621,6.475,2.966,0.003,2.234,0.184,0.000,1.552,0.123,1.995,1.651,-0.406,1.974,1.455,-0.406,1.975,1.650,-0.869,2.001,1.458,-0.869,2.000
25,3.063,0,1,1,1,1,0,Avatar IK kemik fallback,1,1,1,1,-0.176,-0.265,6.596,6.461,3.061,0.004,2.072,0.168,0.000,1.552,0.124,1.994,1.651,-0.405,1.973,1.455,-0.405,1.975,1.651,-0.868,2.001,1.458,-0.868,2.000
26,3.185,0,1,1,1,1,0,Avatar IK kemik fallback,1,1,1,1,-0.141,-0.285,6.572,6.471,3.001,0.007,1.536,0.090,0.000,1.553,0.124,1.993,1.651,-0.405,1.973,1.455,-0.405,1.974,1.651,-0.868,2.001,1.458,-0.868,2.000
27,3.297,0,1,1,1,1,0,Avatar IK kemik fallback,1,1,1,1,-0.175,-0.260,6.585,6.484,2.852,0.004,1.541,0.062,0.000,1.552,0.122,1.992,1.651,-0.407,1.973,1.455,-0.407,1.974,1.651,-0.870,2.001,1.458,-0.870,2.001
28,3.399,0,1,1,1,1,0,Avatar IK kemik fallback,1,1,1,1,-0.234,-0.311,8.132,7.769,2.634,0.013,4.566,0.000,0.044,1.552,0.120,1.991,1.651,-0.409,1.962,1.455,-0.408,1.965,1.651,-0.871,1.994,1.458,-0.871,1.995
29,3.508,0,1,1,1,1,0,Avatar IK kemik fallback,1,1,1,1,-0.348,-0.380,10.326,10.299,2.385,0.004,0.262,0.022,0.000,1.552,0.118,1.991,1.652,-0.410,1.948,1.454,-0.410,1.949,1.651,-0.873,1.984,1.458,-0.872,1.984
30,3.631,0,1,1,1,1,0,Avatar IK kemik fallback,1,1,1,1,-0.399,-0.474,11.817,11.930,2.105,0.006,0.951,0.047,0.000,1.552,0.115,1.990,1.652,-0.411,1.938,1.454,-0.411,1.938,1.652,-0.874,1.977,1.457,-0.873,1.976
31,3.753,0,1,1,1,1,0,Avatar IK kemik fallback,1,1,1,1,-0.376,-0.578,12.727,12.841,1.956,0.010,0.886,0.020,0.000,1.553,0.114,1.989,1.653,-0.412,1.932,1.454,-0.412,1.932,1.652,-0.874,1.973,1.458,-0.874,1.972
32,3.865,0,1,1,1,1,0,Avatar IK kemik fallback,1,1,1,1,-0.336,-0.607,12.717,12.918,1.994,0.011,1.573,0.028,0.000,1.553,0.114,1.988,1.653,-0.412,1.932,1.454,-0.412,1.931,1.653,-0.874,1.973,1.458,-0.874,1.972
33,3.987,0,1,1,1,1,0,Avatar IK kemik fallback,1,1,1,1,-0.284,-0.609,12.033,12.335,2.214,0.011,2.479,0.083,0.000,1.553,0.115,1.987,1.653,-0.412,1.936,1.454,-0.411,1.935,1.653,-0.874,1.976,1.458,-0.874,1.974
34,4.099,0,1,1,1,1,0,Avatar IK kemik fallback,1,1,1,1,-0.274,-0.505,10.430,10.856,2.434,0.015,4.002,0.131,0.000,1.552,0.117,1.987,1.652,-0.410,1.946,1.454,-0.410,1.944,1.652,-0.873,1.983,1.458,-0.872,1.981
35,4.199,0,1,1,1,1,0,Avatar IK kemik fallback,1,1,1,1,-0.253,-0.436,8.872,9.347,2.638,0.008,5.217,0.231,0.000,1.551,0.119,1.987,1.651,-0.409,1.956,1.454,-0.409,1.953,1.652,-0.872,1.990,1.459,-0.871,1.987
36,4.321,0,1,1,1,1,0,Avatar IK kemik fallback,1,1,1,1,-0.209,-0.315,6.683,7.375,2.811,0.014,9.842,0.342,0.000,1.550,0.122,1.988,1.651,-0.408,1.970,1.454,-0.407,1.966,1.651,-0.871,1.999,1.458,-0.870,1.996
37,4.432,0,1,1,1,1,0,Avatar IK kemik fallback,1,1,1,1,-0.213,-0.273,6.486,6.469,2.862,0.003,0.267,0.000,0.006,1.550,0.123,1.988,1.650,-0.406,1.971,1.454,-0.406,1.972,1.651,-0.869,2.000,1.458,-0.869,2.000
38,4.532,0,1,1,1,1,0,Avatar IK kemik fallback,1,1,1,1,-0.189,-0.285,6.487,6.435,2.800,0.018,0.796,0.011,0.000,1.551,0.124,1.989,1.651,-0.405,1.971,1.455,-0.405,1.972,1.651,-0.868,2.000,1.458,-0.868,1.999
39,4.644,0,1,1,1,1,0,Avatar IK kemik fallback,1,1,1,1,-0.155,-0.295,6.501,6.392,2.640,0.013,1.702,0.080,0.000,1.551,0.124,1.990,1.651,-0.405,1.972,1.455,-0.405,1.972,1.651,-0.869,2.000,1.458,-0.868,1.999
40,4.744,0,1,1,1,1,0,Avatar IK kemik fallback,1,1,1,1,-0.136,-0.301,6.500,6.388,2.415,0.005,1.734,0.046,0.000,1.552,0.125,1.990,1.651,-0.405,1.972,1.455,-0.405,1.973,1.651,-0.868,2.000,1.459,-0.868,1.999
41,4.856,0,1,1,1,1,0,Avatar IK kemik fallback,1,1,1,1,-0.112,-0.336,6.506,6.356,2.164,0.001,2.332,0.093,0.000,1.553,0.125,1.990,1.651,-0.404,1.972,1.456,-0.404,1.973,1.651,-0.867,2.000,1.459,-0.867,1.999
42,4.956,0,1,1,1,1,0,Avatar IK kemik fallback,1,1,1,1,-0.091,-0.347,6.511,6.388,1.947,0.005,1.910,0.078,0.000,1.553,0.126,1.991,1.651,-0.403,1.972,1.456,-0.403,1.973,1.651,-0.867,2.000,1.459,-0.867,1.999
43,5.068,0,1,1,1,1,0,Avatar IK kemik fallback,1,1,1,1,-0.079,-0.355,6.528,6.408,1.792,0.010,1.855,0.082,0.000,1.553,0.126,1.991,1.651,-0.404,1.972,1.456,-0.404,1.973,1.651,-0.867,2.000,1.459,-0.867,1.999
44,5.190,0,1,1,1,1,0,Avatar IK kemik fallback,1,1,1,1,-0.077,-0.336,6.499,6.427,1.684,0.005,1.104,0.031,0.000,1.553,0.129,1.991,1.651,-0.400,1.972,1.456,-0.400,1.973,1.651,-0.863,2.000,1.459,-0.863,1.999
45,5.290,0,1,1,1,1,0,Avatar IK kemik fallback,1,1,1,1,-0.077,-0.339,6.536,6.474,1.684,0.008,0.944,0.052,0.000,1.553,0.127,1.992,1.651,-0.403,1.972,1.456,-0.402,1.973,1.651,-0.866,2.000,1.459,-0.866,2.000
46,5.403,0,1,1,1,1,0,Avatar IK kemik fallback,1,1,1,1,-0.079,-0.327,6.543,6.500,1.765,0.007,0.663,0.008,0.000,1.553,0.126,1.992,1.651,-0.404,1.972,1.456,-0.403,1.974,1.651,-0.867,2.000,1.459,-0.867,2.000
47,5.525,0,1,1,1,1,0,Avatar IK kemik fallback,1,1,1,1,-0.101,-0.339,6.571,6.494,1.958,0.006,1.174,0.041,0.000,1.553,0.124,1.993,1.651,-0.405,1.973,1.456,-0.405,1.974,1.651,-0.869,2.000,1.459,-0.868,1.999
48,5.647,0,1,1,1,1,0,Avatar IK kemik fallback,1,1,1,1,-0.088,-0.367,6.583,6.510,2.208,0.006,1.120,0.049,0.000,1.553,0.124,1.994,1.651,-0.406,1.973,1.456,-0.406,1.974,1.651,-0.869,2.000,1.459,-0.869,1.999
49,5.758,0,1,1,1,1,0,Avatar IK kemik fallback,1,1,1,1,-0.086,-0.388,6.603,6.557,2.414,0.010,0.707,0.023,0.000,1.553,0.124,1.995,1.651,-0.405,1.974,1.455,-0.405,1.975,1.652,-0.868,2.000,1.459,-0.868,2.000
50,5.860,0,1,1,1,1,0,Avatar IK kemik fallback,1,1,1,1,-0.110,-0.386,6.621,6.562,2.592,0.010,0.901,0.054,0.000,1.553,0.125,1.996,1.651,-0.404,1.974,1.455,-0.404,1.975,1.651,-0.868,2.000,1.459,-0.867,2.000
51,5.981,0,1,1,1,1,0,Avatar IK kemik fallback,1,1,1,1,-0.136,-0.366,6.635,6.555,2.777,0.009,1.213,0.104,0.000,1.552,0.126,1.997,1.651,-0.403,1.974,1.455,-0.403,1.976,1.651,-0.866,2.000,1.459,-0.866,1.999
52,6.103,0,1,1,1,1,0,Avatar IK kemik fallback,1,1,1,1,-0.147,-0.351,6.665,6.515,2.949,0.009,2.270,0.175,0.000,1.552,0.127,1.998,1.651,-0.402,1.975,1.455,-0.402,1.976,1.652,-0.865,2.001,1.459,-0.865,1.999
53,6.204,0,1,1,1,1,0,Avatar IK kemik fallback,1,1,1,1,-0.143,-0.340,6.683,6.497,3.097,0.011,2.816,0.189,0.000,1.552,0.128,1.999,1.651,-0.401,1.975,1.455,-0.401,1.977,1.652,-0.865,2.001,1.459,-0.865,1.999
54,6.326,0,1,1,1,1,0,Avatar IK kemik fallback,1,1,1,1,-0.071,-0.334,6.658,6.465,3.237,0.004,2.943,0.185,0.000,1.553,0.128,1.999,1.652,-0.401,1.976,1.456,-0.401,1.977,1.652,-0.865,2.001,1.459,-0.865,1.999
55,6.438,0,1,1,1,1,0,Avatar IK kemik fallback,1,1,1,1,-0.020,-0.367,6.669,6.477,3.325,0.003,2.921,0.189,0.000,1.554,0.128,1.999,1.652,-0.401,1.976,1.456,-0.401,1.977,1.652,-0.865,2.001,1.460,-0.865,1.999
56,6.538,0,1,1,1,1,0,Avatar IK kemik fallback,1,1,1,1,-0.020,-0.386,6.677,6.494,3.408,0.004,2.784,0.166,0.000,1.554,0.127,2.000,1.652,-0.402,1.976,1.456,-0.402,1.977,1.653,-0.865,2.001,1.460,-0.865,2.000
57,6.660,0,1,1,1,1,0,Avatar IK kemik fallback,1,1,1,1,0.000,-0.361,6.682,6.509,3.449,0.008,2.633,0.155,0.000,1.553,0.128,1.999,1.652,-0.402,1.976,1.456,-0.401,1.978,1.653,-0.865,2.001,1.460,-0.865,2.000
58,6.760,0,1,1,1,1,0,Avatar IK kemik fallback,1,1,1,1,-0.086,-0.323,6.716,6.507,3.397,0.007,3.164,0.189,0.000,1.552,0.128,1.999,1.651,-0.401,1.976,1.456,-0.401,1.977,1.652,-0.864,2.002,1.460,-0.864,2.000
59,6.861,0,1,1,1,1,0,Avatar IK kemik fallback,1,1,1,1,-0.138,-0.256,6.710,6.525,3.279,0.008,2.796,0.097,0.000,1.551,0.129,1.999,1.651,-0.401,1.976,1.455,-0.400,1.977,1.652,-0.864,2.001,1.459,-0.864,2.001
60,6.963,0,1,1,1,1,0,Avatar IK kemik fallback,1,1,1,1,-0.140,-0.236,6.694,6.505,3.120,0.012,2.868,0.064,0.000,1.551,0.129,1.998,1.651,-0.400,1.975,1.455,-0.400,1.977,1.652,-0.863,2.001,1.459,-0.863,2.000
61,7.084,0,1,1,1,1,0,Avatar IK kemik fallback,1,1,1,1,-0.134,-0.282,6.661,6.482,2.809,0.022,2.725,0.041,0.000,1.551,0.130,1.997,1.651,-0.399,1.975,1.455,-0.399,1.976,1.652,-0.863,2.001,1.459,-0.863,2.000
62,7.195,0,1,1,1,1,0,Avatar IK kemik fallback,1,1,1,1,-0.093,-0.321,6.651,6.469,2.513,0.010,2.777,0.052,0.000,1.552,0.130,1.996,1.651,-0.399,1.974,1.455,-0.399,1.976,1.652,-0.863,2.001,1.459,-0.863,2.000
63,7.317,0,1,1,1,1,0,Avatar IK kemik fallback,1,1,1,1,-0.056,-0.345,6.635,6.484,2.193,0.007,2.290,0.000,0.024,1.552,0.130,1.996,1.651,-0.399,1.974,1.456,-0.399,1.976,1.652,-0.862,2.000,1.460,-0.862,2.000
64,7.419,0,1,1,1,1,0,Avatar IK kemik fallback,1,1,1,1,-0.059,-0.373,6.647,6.485,2.009,0.003,2.473,0.000,0.008,1.552,0.130,1.995,1.651,-0.400,1.974,1.456,-0.399,1.975,1.652,-0.863,2.001,1.460,-0.863,2.000
65,7.541,0,1,1,1,1,0,Avatar IK kemik fallback,1,1,1,1,-0.074,-0.350,6.669,6.566,1.901,0.005,1.558,0.000,0.109,1.552,0.129,1.995,1.651,-0.401,1.974,1.455,-0.400,1.975,1.652,-0.864,2.001,1.459,-0.864,2.001
66,7.663,0,1,1,1,1,0,Avatar IK kemik fallback,1,1,1,1,-0.082,-0.331,6.684,6.560,1.920,0.002,1.868,0.000,0.096,1.551,0.128,1.995,1.651,-0.401,1.974,1.455,-0.401,1.975,1.652,-0.864,2.001,1.459,-0.864,2.001
67,7.774,0,1,1,1,1,0,Avatar IK kemik fallback,1,1,1,1,-0.095,-0.315,6.694,6.592,1.993,0.010,1.532,0.000,0.138,1.551,0.126,1.995,1.651,-0.403,1.974,1.455,-0.403,1.975,1.652,-0.866,2.001,1.459,-0.866,2.001
68,7.874,0,1,1,1,1,0,Avatar IK kemik fallback,1,1,1,1,-0.097,-0.300,6.697,6.599,2.084,0.008,1.473,0.000,0.131,1.551,0.125,1.995,1.651,-0.404,1.974,1.455,-0.404,1.975,1.652,-0.867,2.001,1.459,-0.867,2.001
69,7.974,0,1,1,1,1,0,Avatar IK kemik fallback,1,1,1,1,-0.115,-0.276,6.704,6.607,2.180,0.007,1.460,0.000,0.129,1.550,0.124,1.995,1.651,-0.406,1.974,1.455,-0.405,1.975,1.652,-0.869,2.001,1.459,-0.869,2.001
70,8.075,0,1,1,1,1,0,Avatar IK kemik fallback,1,1,1,1,-0.143,-0.246,6.727,6.630,2.238,0.002,1.465,0.000,0.136,1.550,0.123,1.995,1.650,-0.407,1.974,1.455,-0.407,1.975,1.652,-0.870,2.002,1.459,-0.870,2.001
71,8.187,0,1,1,1,1,0,Avatar IK kemik fallback,1,1,1,1,-0.140,-0.258,6.833,6.644,2.230,0.004,2.813,0.000,0.183,1.550,0.122,1.995,1.650,-0.407,1.974,1.455,-0.407,1.975,1.652,-0.871,2.001,1.459,-0.871,2.002
72,8.287,0,1,1,1,1,0,Avatar IK kemik fallback,1,1,1,1,-0.138,-0.313,7.709,7.354,2.143,0.005,4.719,0.000,0.293,1.550,0.121,1.995,1.651,-0.408,1.968,1.455,-0.408,1.971,1.652,-0.871,1.997,1.459,-0.871,1.999
73,8.388,0,1,1,1,1,0,Avatar IK kemik fallback,1,1,1,1,-0.155,-0.329,8.187,7.930,1.976,0.006,3.186,0.000,0.283,1.550,0.120,1.996,1.651,-0.408,1.965,1.455,-0.408,1.968,1.652,-0.871,1.995,1.459,-0.871,1.997
74,8.499,0,1,1,1,1,0,Avatar IK kemik fallback,1,1,1,1,-0.148,-0.317,7.664,7.373,1.723,0.007,3.867,0.000,0.253,1.550,0.121,1.995,1.651,-0.408,1.969,1.455,-0.408,1.971,1.652,-0.871,1.998,1.459,-0.871,1.999
75,8.622,0,1,1,1,1,0,Avatar IK kemik fallback,1,1,1,1,-0.161,-0.250,6.751,6.705,1.460,0.005,0.683,0.000,0.134,1.549,0.122,1.996,1.650,-0.407,1.975,1.454,-0.407,1.975,1.652,-0.870,2.002,1.459,-0.870,2.002
76,8.743,0,1,1,1,1,0,Avatar IK kemik fallback,1,1,1,1,-0.155,-0.251,6.774,6.731,1.252,0.009,0.636,0.000,0.107,1.550,0.124,1.996,1.650,-0.406,1.975,1.455,-0.405,1.975,1.652,-0.869,2.003,1.459,-0.869,2.002
77,8.844,0,1,1,1,1,0,Avatar IK kemik fallback,1,1,1,1,-0.103,-0.273,6.760,6.736,1.070,0.021,0.351,0.000,0.116,1.550,0.125,1.995,1.651,-0.405,1.975,1.455,-0.405,1.975,1.652,-0.868,2.003,1.459,-0.868,2.003
78,8.966,0,1,1,1,1,0,Avatar IK kemik fallback,1,1,1,1,-0.095,-0.273,6.801,6.825,0.914,0.024,0.351,0.000,0.175,1.551,0.126,1.995,1.651,-0.403,1.975,1.455,-0.403,1.976,1.652,-0.866,2.003,1.459,-0.866,2.004
79,9.088,0,1,1,1,1,0,Avatar IK kemik fallback,1,1,1,1,-0.131,-0.249,6.840,6.908,0.824,0.025,0.988,0.000,0.251,1.551,0.126,1.995,1.651,-0.403,1.975,1.455,-0.403,1.976,1.652,-0.866,2.004,1.459,-0.866,2.005
80,9.199,0,1,1,1,1,0,Avatar IK kemik fallback,1,1,1,1,-0.059,-0.333,6.847,6.909,0.805,0.014,0.902,0.000,0.243,1.552,0.126,1.994,1.651,-0.403,1.974,1.455,-0.403,1.975,1.652,-0.866,2.004,1.459,-0.866,2.005
81,9.300,0,1,1,1,1,0,Avatar IK kemik fallback,1,1,1,1,-0.020,-0.379,6.866,6.905,0.908,0.013,0.568,0.000,0.189,1.552,0.127,1.993,1.651,-0.403,1.974,1.455,-0.403,1.975,1.652,-0.866,2.004,1.459,-0.866,2.005
82,9.423,0,1,1,1,1,0,Avatar IK kemik fallback,1,1,1,1,0.000,-0.366,6.972,6.968,1.188,0.012,0.045,0.000,0.103,1.553,0.127,1.992,1.651,-0.403,1.974,1.455,-0.402,1.974,1.652,-0.865,2.006,1.458,-0.865,2.006
83,9.545,0,1,1,1,1,0,Avatar IK kemik fallback,1,1,1,1,0.020,-0.301,7.070,7.176,1.684,0.015,1.491,0.000,0.161,1.553,0.127,1.990,1.651,-0.402,1.973,1.455,-0.402,1.974,1.652,-0.865,2.008,1.458,-0.865,2.009
84,9.656,0,1,1,1,1,0,Avatar IK kemik fallback,1,1,1,1,0.040,-0.216,7.678,7.552,2.335,0.018,1.660,0.218,0.000,1.553,0.128,1.987,1.651,-0.402,1.973,1.455,-0.401,1.974,1.651,-0.864,2.015,1.457,-0.864,2.014
85,9.757,0,1,1,1,1,0,Avatar IK kemik fallback,1,1,1,1,-0.093,-0.079,8.583,8.115,3.201,0.041,5.614,0.885,0.000,1.554,0.130,1.983,1.650,-0.400,1.974,1.455,-0.400,1.973,1.649,-0.861,2.028,1.455,-0.861,2.020
86,9.869,0,1,1,1,1,0,Avatar IK kemik fallback,1,1,1,1,-0.274,-0.028,9.775,9.422,4.404,0.048,3.678,0.955,0.000,1.555,0.129,1.979,1.650,-0.401,1.974,1.457,-0.401,1.973,1.645,-0.860,2.043,1.457,-0.860,2.034
87,9.991,0,1,1,1,1,0,Avatar IK kemik fallback,1,1,1,1,-0.916,-0.088,11.533,11.480,6.179,0.052,0.460,0.872,0.000,1.557,0.125,1.974,1.650,-0.405,1.975,1.461,-0.405,1.974,1.640,-0.860,2.064,1.465,-0.861,2.058
88,10.113,0,1,1,1,1,0,Avatar IK kemik fallback,1,1,1,1,-1.885,0.391,16.360,15.131,7.965,0.014,7.810,0.000,0.264,1.557,0.112,1.970,1.652,-0.418,1.956,1.467,-0.418,1.964,1.636,-0.868,2.067,1.472,-0.870,2.070
89,10.225,0,1,1,1,1,0,Avatar IK kemik fallback,1,1,1,1,-3.550,1.304,26.851,26.086,9.081,0.005,2.891,0.106,0.000,1.556,0.092,1.970,1.658,-0.433,1.903,1.471,-0.433,1.907,1.637,-0.874,2.046,1.475,-0.876,2.046
90,10.326,0,1,1,1,1,0,Avatar IK kemik fallback,1,1,1,1,-3.574,2.525,34.021,33.337,9.893,0.024,2.032,0.182,0.000,1.554,0.071,1.969,1.658,-0.447,1.872,1.476,-0.447,1.875,1.638,-0.879,2.039,1.477,-0.881,2.038
91,10.436,0,1,1,1,1,0,Avatar IK kemik fallback,1,1,1,1,-2.293,3.385,40.998,40.325,10.468,0.014,1.655,0.363,0.000,1.552,0.046,1.969,1.653,-0.465,1.841,1.480,-0.464,1.843,1.640,-0.887,2.032,1.479,-0.889,2.029
92,10.537,0,1,1,1,1,0,Avatar IK kemik fallback,1,1,1,1,-1.255,4.887,46.444,45.517,10.824,0.023,2.015,1.213,0.000,1.552,0.024,1.968,1.648,-0.480,1.820,1.484,-0.478,1.820,1.639,-0.893,2.032,1.477,-0.896,2.022
93,10.648,0,1,1,1,1,0,Avatar IK kemik fallback,1,1,1,1,-1.191,7.950,50.444,49.803,11.151,0.032,1.278,1.671,0.000,1.552,0.004,1.965,1.648,-0.495,1.801,1.493,-0.492,1.800,1.639,-0.899,2.029,1.473,-0.902,2.015
94,10.759,0,1,1,1,1,0,Avatar IK kemik fallback,1,1,1,1,-2.354,8.708,52.543,52.372,11.657,0.037,0.325,1.764,0.000,1.550,-0.009,1.960,1.653,-0.505,1.791,1.495,-0.501,1.787,1.638,-0.904,2.028,1.472,-0.906,2.012
95,10.859,0,1,1,1,1,0,Avatar IK kemik fallback,1,1,1,1,-3.523,8.310,54.128,54.300,12.279,0.049,0.318,1.846,0.000,1.549,-0.019,1.956,1.658,-0.513,1.784,1.495,-0.508,1.776,1.638,-0.908,2.027,1.472,-0.909,2.009
96,10.971,0,1,1,1,1,0,Avatar IK kemik fallback,1,1,1,1,-5.183,7.969,56.151,56.406,12.915,0.025,0.454,2.240,0.000,1.549,-0.027,1.952,1.664,-0.521,1.777,1.494,-0.514,1.766,1.638,-0.909,2.030,1.472,-0.909,2.009
97,11.071,0,1,1,1,1,0,Avatar IK kemik fallback,1,1,1,1,-5.948,8.319,58.559,59.042,13.460,0.022,0.822,2.689,0.000,1.550,-0.038,1.949,1.666,-0.529,1.769,1.495,-0.521,1.755,1.637,-0.909,2.033,1.472,-0.909,2.009
98,11.183,0,1,1,1,1,0,Avatar IK kemik fallback,1,1,1,1,-4.179,9.824,59.916,60.881,13.832,0.018,1.598,3.192,0.000,1.551,-0.045,1.947,1.658,-0.535,1.763,1.498,-0.525,1.748,1.636,-0.910,2.035,1.470,-0.909,2.008
99,11.284,0,1,1,1,1,0,Avatar IK kemik fallback,1,1,1,1,-2.398,9.964,59.956,61.005,13.946,0.009,1.734,3.649,0.000,1.552,-0.045,1.946,1.651,-0.536,1.762,1.496,-0.525,1.746,1.637,-0.910,2.035,1.468,-0.909,2.006
100,11.395,0,1,1,1,1,0,Avatar IK kemik fallback,1,1,1,1,-2.461,9.825,59.206,60.188,13.659,0.016,1.645,3.930,0.000,1.552,-0.041,1.947,1.650,-0.533,1.765,1.493,-0.522,1.749,1.637,-0.909,2.036,1.466,-0.908,2.005
101,11.516,0,1,1,1,1,0,Avatar IK kemik fallback,1,1,1,1,-2.877,9.395,58.150,59.171,12.852,0.040,1.740,3.281,0.000,1.549,-0.034,1.949,1.651,-0.526,1.771,1.492,-0.517,1.757,1.637,-0.906,2.038,1.465,-0.904,2.012
102,11.617,0,1,1,1,1,0,Avatar IK kemik fallback,1,1,1,1,-3.865,7.763,55.788,56.597,11.870,0.067,1.440,2.695,0.000,1.547,-0.019,1.954,1.655,-0.514,1.784,1.486,-0.507,1.771,1.637,-0.900,2.040,1.465,-0.899,2.017
103,11.728,0,1,1,1,1,0,Avatar IK kemik fallback,1,1,1,1,-3.871,6.219,50.548,51.302,10.826,0.083,1.481,2.246,0.000,1.545,0.007,1.961,1.656,-0.494,1.806,1.481,-0.488,1.794,1.638,-0.894,2.041,1.466,-0.893,2.020
104,11.839,0,1,1,1,1,0,Avatar IK kemik fallback,1,1,1,1,-3.522,5.430,42.504,42.926,10.156,0.060,0.987,1.715,0.000,1.543,0.040,1.968,1.655,-0.470,1.839,1.478,-0.466,1.829,1.640,-0.888,2.038,1.467,-0.888,2.021
105,11.941,0,1,1,1,1,0,Avatar IK kemik fallback,1,1,1,1,-3.262,5.258,32.649,32.994,10.312,0.086,1.052,0.694,0.000,1.539,0.073,1.977,1.654,-0.445,1.881,1.476,-0.443,1.876,1.641,-0.882,2.039,1.466,-0.881,2.030
106,12.051,0,1,1,1,1,0,Avatar IK kemik fallback,1,1,1,1,-1.774,4.083,20.524,19.327,11.408,0.052,6.005,0.153,0.000,1.537,0.103,1.984,1.647,-0.424,1.939,1.469,-0.423,1.942,1.642,-0.874,2.052,1.462,-0.875,2.047
107,12.151,0,1,1,1,1,0,Avatar IK kemik fallback,1,1,1,1,-0.754,3.030,11.125,11.128,12.923,0.021,0.025,1.401,0.000,1.536,0.123,1.987,1.643,-0.407,1.982,1.464,-0.406,1.974,1.644,-0.865,2.058,1.462,-0.866,2.041
108,12.263,0,1,1,1,1,0,Avatar IK kemik fallback,1,1,1,1,-0.315,1.251,8.631,8.548,14.486,0.012,0.965,0.810,0.000,1.537,0.134,1.990,1.644,-0.396,1.977,1.457,-0.395,1.971,1.649,-0.857,2.027,1.463,-0.857,2.015
109,12.374,0,1,1,1,1,0,Avatar IK kemik fallback,1,1,1,1,-0.169,1.060,7.632,7.246,16.045,0.027,5.198,0.764,0.000,1.537,0.135,1.993,1.645,-0.394,1.977,1.459,-0.394,1.972,1.652,-0.857,2.015,1.469,-0.856,2.004
110,12.475,0,1,1,1,1,0,Avatar IK kemik fallback,1,1,1,1,-0.167,1.120,7.825,7.187,17.566,0.023,8.504,0.767,0.000,1.537,0.134,1.994,1.644,-0.395,1.978,1.460,-0.395,1.974,1.652,-0.858,2.017,1.471,-0.858,2.006
111,12.586,0,1,1,1,1,0,Avatar IK kemik fallback,1,1,1,1,-0.127,1.219,7.986,7.474,18.993,0.019,6.632,0.459,0.000,1.537,0.131,1.997,1.644,-0.398,1.979,1.462,-0.398,1.977,1.652,-0.861,2.018,1.473,-0.861,2.010
112,12.686,0,1,1,1,1,0,Avatar IK kemik fallback,1,1,1,1,-0.157,1.225,8.106,7.576,20.207,0.007,6.762,0.513,0.000,1.537,0.130,1.997,1.644,-0.400,1.979,1.462,-0.399,1.977,1.652,-0.862,2.020,1.473,-0.862,2.012
113,12.797,0,1,1,1,1,0,Avatar IK kemik fallback,1,1,1,1,-0.133,1.149,8.156,7.573,20.985,0.024,7.420,0.673,0.000,1.537,0.129,1.996,1.644,-0.400,1.979,1.461,-0.400,1.977,1.652,-0.862,2.021,1.473,-0.862,2.012
114,12.897,0,1,1,1,1,0,Avatar IK kemik fallback,1,1,1,1,-0.151,1.079,8.419,7.674,21.178,0.031,9.265,1.006,0.000,1.536,0.129,1.993,1.644,-0.400,1.978,1.460,-0.400,1.976,1.652,-0.862,2.025,1.472,-0.862,2.013
115,13.010,0,1,1,1,1,0,Avatar IK kemik fallback,1,1,1,1,-0.226,1.094,8.658,8.169,20.783,0.019,5.812,0.871,0.000,1.536,0.128,1.991,1.643,-0.402,1.978,1.459,-0.401,1.976,1.651,-0.863,2.028,1.471,-0.863,2.019
116,13.121,0,1,1,1,1,0,Avatar IK kemik fallback,1,1,1,1,-0.199,2.597,9.316,9.179,19.749,0.010,1.481,0.852,0.000,1.536,0.125,1.988,1.642,-0.405,1.978,1.467,-0.404,1.976,1.649,-0.865,2.037,1.474,-0.865,2.028
117,13.244,0,1,1,1,1,0,Avatar IK kemik fallback,1,1,1,1,-0.434,2.358,10.202,10.646,17.737,0.017,4.257,0.822,0.000,1.535,0.120,1.986,1.641,-0.410,1.979,1.465,-0.409,1.975,1.647,-0.869,2.048,1.472,-0.868,2.040
118,13.344,0,1,1,1,1,0,Avatar IK kemik fallback,1,1,1,1,-0.730,2.596,13.455,14.979,15.576,0.030,10.721,1.428,0.000,1.534,0.114,1.984,1.641,-0.415,1.965,1.465,-0.413,1.956,1.645,-0.871,2.050,1.473,-0.870,2.038
119,13.454,0,1,1,1,1,0,Avatar IK kemik fallback,1,1,1,1,-1.921,2.422,20.477,20.724,13.041,0.017,1.198,0.939,0.000,1.534,0.105,1.983,1.645,-0.422,1.932,1.464,-0.420,1.930,1.644,-0.873,2.042,1.474,-0.872,2.035
120,13.555,0,1,1,1,1,0,Avatar IK kemik fallback,1,1,1,1,-3.627,2.082,28.559,27.694,10.413,0.019,3.078,1.293,0.000,1.533,0.089,1.982,1.650,-0.432,1.899,1.462,-0.431,1.898,1.644,-0.875,2.038,1.474,-0.876,2.028
121,13.677,0,1,1,1,1,0,Avatar IK kemik fallback,1,1,1,1,-5.843,1.692,36.701,36.002,7.589,0.016,1.924,0.853,0.000,1.532,0.065,1.984,1.658,-0.448,1.866,1.459,-0.447,1.865,1.642,-0.881,2.033,1.470,-0.882,2.026
122,13.788,0,1,1,1,1,0,Avatar IK kemik fallback,1,1,1,1,-7.081,2.262,43.544,43.071,5.976,0.010,1.093,0.828,0.000,1.532,0.039,1.986,1.663,-0.465,1.840,1.460,-0.464,1.837,1.642,-0.888,2.030,1.467,-0.889,2.023
123,13.911,0,1,1,1,1,0,Avatar IK kemik fallback,1,1,1,1,-7.257,3.448,48.971,48.320,5.190,0.016,1.338,1.265,0.000,1.532,0.016,1.986,1.664,-0.480,1.820,1.463,-0.478,1.816,1.642,-0.893,2.031,1.464,-0.895,2.020
124,14.022,0,1,1,1,1,0,Avatar IK kemik fallback,1,1,1,1,-7.612,4.964,51.495,50.952,5.192,0.018,1.061,1.335,0.000,1.533,0.005,1.984,1.665,-0.488,1.811,1.468,-0.486,1.806,1.641,-0.896,2.032,1.461,-0.898,2.019
125,14.122,0,1,1,1,1,0,Avatar IK kemik fallback,1,1,1,1,-7.253,6.052,52.789,52.327,5.390,0.029,0.879,1.212,0.000,1.533,-0.001,1.982,1.666,-0.493,1.806,1.473,-0.490,1.799,1.640,-0.897,2.032,1.458,-0.899,2.019
126,14.234,0,1,1,1,1,0,Avatar IK kemik fallback,1,1,1,1,-6.224,6.905,53.031,52.888,5.710,0.037,0.270,1.060,0.000,1.533,-0.004,1.979,1.664,-0.496,1.803,1.476,-0.493,1.796,1.641,-0.899,2.031,1.457,-0.900,2.018
127,14.356,0,1,1,1,1,0,Avatar IK kemik fallback,1,1,1,1,-4.902,7.118,52.601,53.008,6.213,0.023,0.772,0.558,0.000,1.533,-0.004,1.975,1.660,-0.497,1.800,1.478,-0.494,1.794,1.643,-0.900,2.028,1.458,-0.899,2.019
128,14.467,0,1,1,1,1,0,Avatar IK kemik fallback,1,1,1,1,-5.076,6.923,52.961,53.389,6.642,0.038,0.805,0.658,0.000,1.533,-0.005,1.971,1.661,-0.499,1.799,1.479,-0.495,1.792,1.642,-0.900,2.031,1.460,-0.899,2.020
129,14.568,0,1,1,1,1,0,Avatar IK kemik fallback,1,1,1,1,-6.009,7.122,53.818,54.318,7.071,0.037,0.925,0.806,0.000,1.534,-0.008,1.967,1.664,-0.502,1.796,1.480,-0.498,1.788,1.641,-0.899,2.035,1.461,-0.897,2.024
130,14.680,0,1,1,1,1,0,Avatar IK kemik fallback,1,1,1,1,-6.061,7.778,55.307,56.119,7.559,0.035,1.459,0.741,0.000,1.534,-0.013,1.964,1.664,-0.506,1.791,1.484,-0.502,1.782,1.641,-0.898,2.038,1.463,-0.895,2.028
131,14.791,0,1,1,1,1,0,Avatar IK kemik fallback,1,1,1,1,-5.280,9.013,57.355,58.419,8.223,0.042,1.839,1.005,0.000,1.535,-0.023,1.961,1.661,-0.514,1.782,1.488,-0.509,1.773,1.642,-0.900,2.040,1.464,-0.896,2.028
132,14.891,0,1,1,1,1,0,Avatar IK kemik fallback,1,1,1,1,-3.571,9.355,58.205,59.230,8.998,0.004,1.746,1.367,0.000,1.536,-0.028,1.959,1.656,-0.518,1.778,1.489,-0.512,1.769,1.644,-0.900,2.040,1.465,-0.897,2.025
133,15.003,0,1,1,1,1,0,Avatar IK kemik fallback,1,1,1,1,-3.471,9.001,58.642,59.680,9.504,0.024,1.755,1.431,0.000,1.536,-0.029,1.962,1.655,-0.518,1.778,1.488,-0.511,1.768,1.644,-0.900,2.041,1.464,-0.897,2.026
134,15.103,0,1,1,1,1,0,Avatar IK kemik fallback,1,1,1,1,-3.663,8.267,57.148,58.321,9.671,0.038,2.033,1.213,0.000,1.535,-0.022,1.964,1.656,-0.512,1.785,1.485,-0.507,1.775,1.643,-0.899,2.041,1.463,-0.895,2.027
135,15.213,0,1,1,1,1,0,Avatar IK kemik fallback,1,1,1,1,-3.540,6.225,52.658,53.549,9.580,0.060,1.678,1.132,0.000,1.534,-0.001,1.970,1.656,-0.497,1.803,1.477,-0.492,1.792,1.643,-0.896,2.039,1.463,-0.893,2.025
136,15.314,0,1,1,1,1,0,Avatar IK kemik fallback,1,1,1,1,-3.721,4.111,46.491,46.873,9.353,0.097,0.819,0.835,0.000,1.535,0.027,1.975,1.656,-0.477,1.828,1.470,-0.474,1.819,1.643,-0.890,2.038,1.463,-0.889,2.026
137,15.426,0,1,1,1,1,0,Avatar IK kemik fallback,1,1,1,1,-3.111,3.976,37.604,37.382,9.240,0.043,0.592,0.407,0.000,1.536,0.060,1.981,1.653,-0.453,1.864,1.468,-0.452,1.861,1.642,-0.883,2.038,1.462,-0.884,2.030
138,15.537,0,1,1,1,1,0,Avatar IK kemik fallback,1,1,1,1,-2.937,3.909,28.342,26.901,9.352,0.031,5.217,0.123,0.000,1.536,0.088,1.986,1.651,-0.433,1.904,1.467,-0.434,1.908,1.640,-0.877,2.041,1.461,-0.879,2.037
139,15.637,0,1,1,1,1,0,Avatar IK kemik fallback,1,1,1,1,-2.132,2.395,18.882,14.870,9.662,0.056,23.772,0.000,0.651,1.535,0.108,1.991,1.647,-0.420,1.948,1.460,-0.421,1.966,1.640,-0.872,2.050,1.460,-0.877,2.053
140,15.749,0,1,1,1,1,0,Avatar IK kemik fallback,1,1,1,1,-0.799,2.318,11.150,10.967,10.311,0.059,1.653,1.502,0.000,1.536,0.121,1.996,1.642,-0.408,1.984,1.461,-0.408,1.978,1.643,-0.867,2.055,1.463,-0.868,2.039
141,15.871,0,1,1,1,1,0,Avatar IK kemik fallback,1,1,1,1,-0.335,2.449,9.346,8.920,11.713,0.050,4.660,1.327,0.000,1.537,0.126,2.001,1.643,-0.403,1.982,1.465,-0.402,1.978,1.648,-0.864,2.032,1.470,-0.864,2.018
142,15.983,0,1,1,1,1,0,Avatar IK kemik fallback,1,1,1,1,-0.301,0.948,7.858,7.556,13.268,0.027,3.910,0.666,0.000,1.537,0.127,2.005,1.645,-0.402,1.981,1.457,-0.402,1.979,1.652,-0.865,2.015,1.467,-0.865,2.007
143,16.084,0,1,1,1,1,0,Avatar IK kemik fallback,1,1,1,1,-0.464,0.803,7.312,6.754,14.767,0.024,7.926,0.554,0.000,1.535,0.127,2.006,1.645,-0.402,1.982,1.456,-0.402,1.979,1.653,-0.865,2.009,1.467,-0.865,2.001
144,16.195,0,1,1,1,1,0,Avatar IK kemik fallback,1,1,1,1,-0.534,0.530,7.240,8.660,16.121,0.005,17.861,1.492,0.000,1.534,0.126,2.007,1.645,-0.403,1.982,1.454,-0.401,1.967,1.653,-0.866,2.009,1.466,-0.865,1.991
145,16.316,0,1,1,1,1,0,Avatar IK kemik fallback,1,1,1,1,-0.535,0.218,7.291,10.647,17.428,0.010,37.415,2.224,0.000,1.534,0.126,2.007,1.645,-0.402,1.983,1.451,-0.400,1.956,1.653,-0.865,2.009,1.463,-0.863,1.984
146,16.428,0,1,1,1,1,0,Avatar IK kemik fallback,1,1,1,1,-0.562,0.174,7.344,10.363,18.161,0.013,34.102,1.921,0.000,1.533,0.127,2.007,1.645,-0.401,1.983,1.451,-0.399,1.958,1.653,-0.864,2.010,1.462,-0.862,1.988
147,16.528,0,1,1,1,1,0,Avatar IK kemik fallback,1,1,1,1,-0.565,0.161,7.397,9.534,18.431,0.015,25.249,1.569,0.000,1.533,0.128,2.006,1.645,-0.401,1.983,1.450,-0.399,1.963,1.654,-0.864,2.011,1.462,-0.862,1.992
148,16.639,0,1,1,1,1,0,Avatar IK kemik fallback,1,1,1,1,-0.585,0.265,7.413,7.525,18.153,0.010,1.501,0.620,0.000,1.532,0.129,2.005,1.645,-0.400,1.983,1.450,-0.400,1.976,1.654,-0.863,2.012,1.462,-0.863,2.001
149,16.740,0,1,1,1,1,0,Avatar IK kemik fallback,1,1,1,1,-0.612,0.310,7.465,6.821,17.221,0.012,9.016,0.351,0.000,1.532,0.129,2.004,1.645,-0.400,1.982,1.450,-0.400,1.980,1.654,-0.863,2.013,1.462,-0.863,2.005
150,16.851,0,1,1,1,1,0,Avatar IK kemik fallback,1,1,1,1,-0.596,0.317,7.470,6.858,15.659,0.017,8.543,0.393,0.000,1.532,0.129,2.002,1.645,-0.400,1.982,1.450,-0.400,1.979,1.654,-0.863,2.013,1.462,-0.863,2.005
151,16.963,0,1,1,1,1,0,Avatar IK kemik fallback,1,1,1,1,-0.586,0.301,7.489,6.874,13.754,0.016,8.565,0.475,0.000,1.532,0.129,2.000,1.645,-0.400,1.981,1.451,-0.400,1.978,1.654,-0.863,2.014,1.463,-0.863,2.005
152,17.085,0,1,1,1,1,0,Avatar IK kemik fallback,1,1,1,1,-0.575,0.301,7.560,6.893,11.124,0.012,9.233,0.579,0.000,1.532,0.129,1.999,1.645,-0.400,1.980,1.451,-0.399,1.977,1.654,-0.862,2.015,1.463,-0.862,2.005
153,17.185,0,1,1,1,1,0,Avatar IK kemik fallback,1,1,1,1,-0.577,0.316,7.564,6.898,9.026,0.019,9.210,0.565,0.000,1.533,0.130,1.997,1.645,-0.399,1.980,1.451,-0.399,1.976,1.653,-0.862,2.015,1.463,-0.862,2.005
154,17.297,0,1,1,1,1,0,Avatar IK kemik fallback,1,1,1,1,-0.562,0.332,7.543,6.903,7.226,0.008,8.853,0.534,0.000,1.533,0.130,1.996,1.645,-0.399,1.979,1.451,-0.399,1.976,1.653,-0.862,2.015,1.463,-0.862,2.005
155,17.397,0,1,1,1,1,0,Avatar IK kemik fallback,1,1,1,1,-0.505,0.312,7.525,6.911,5.908,0.017,8.498,0.543,0.000,1.534,0.130,1.995,1.645,-0.399,1.978,1.452,-0.399,1.975,1.653,-0.862,2.015,1.463,-0.862,2.005
156,17.508,0,1,1,1,1,0,Avatar IK kemik fallback,1,1,1,1,-0.454,0.254,7.494,6.873,5.130,0.015,8.648,0.580,0.000,1.535,0.131,1.994,1.646,-0.398,1.978,1.452,-0.398,1.975,1.653,-0.861,2.014,1.463,-0.861,2.005
157,17.609,0,1,1,1,1,0,Avatar IK kemik fallback,1,1,1,1,-0.410,0.226,7.449,6.857,4.926,0.013,8.269,0.561,0.000,1.536,0.131,1.993,1.646,-0.398,1.977,1.453,-0.398,1.974,1.653,-0.861,2.014,1.464,-0.861,2.005
158,17.719,0,1,1,1,1,0,Avatar IK kemik fallback,1,1,1,1,-0.382,0.203,7.432,6.815,5.199,0.004,8.653,0.590,0.000,1.537,0.131,1.993,1.646,-0.398,1.977,1.453,-0.398,1.974,1.653,-0.861,2.014,1.464,-0.861,2.004
159,17.820,0,1,1,1,1,0,Avatar IK kemik fallback,1,1,1,1,-0.352,0.195,7.407,6.809,5.575,0.011,8.416,0.575,0.000,1.538,0.132,1.992,1.647,-0.398,1.977,1.453,-0.398,1.974,1.654,-0.860,2.014,1.464,-0.860,2.005
160,17.931,0,1,1,1,1,0,Avatar IK kemik fallback,1,1,1,1,-0.348,0.167,7.409,6.776,5.854,0.007,8.926,0.641,0.000,1.538,0.131,1.992,1.647,-0.399,1.977,1.453,-0.398,1.974,1.653,-0.861,2.014,1.464,-0.861,2.004
161,18.032,0,1,1,1,1,0,Avatar IK kemik fallback,1,1,1,1,-0.324,0.134,7.401,6.772,6.031,0.009,8.865,0.652,0.000,1.539,0.130,1.992,1.647,-0.399,1.977,1.453,-0.399,1.974,1.653,-0.862,2.014,1.464,-0.862,2.004
162,18.143,0,1,1,1,1,0,Avatar IK kemik fallback,1,1,1,1,-0.337,0.120,7.419,6.786,6.055,0.005,8.910,0.691,0.000,1.539,0.129,1.993,1.647,-0.400,1.977,1.453,-0.400,1.974,1.653,-0.863,2.014,1.463,-0.863,2.004
163,18.244,0,1,1,1,1,0,Avatar IK kemik fallback,1,1,1,1,-0.354,0.133,7.433,6.790,5.886,0.008,9.035,0.675,0.000,1.539,0.128,1.993,1.647,-0.401,1.977,1.453,-0.401,1.974,1.653,-0.864,2.014,1.463,-0.864,2.004
164,18.366,0,1,1,1,1,0,Avatar IK kemik fallback,1,1,1,1,-0.388,0.138,7.466,6.831,5.465,0.010,8.884,0.639,0.000,1.539,0.127,1.993,1.647,-0.402,1.977,1.453,-0.402,1.975,1.653,-0.864,2.014,1.463,-0.865,2.005
165,18.477,0,1,1,1,1,0,Avatar IK kemik fallback,1,1,1,1,-0.375,0.125,7.493,6.891,5.007,0.006,8.380,0.618,0.000,1.539,0.126,1.994,1.647,-0.403,1.977,1.453,-0.403,1.975,1.653,-0.865,2.015,1.463,-0.866,2.006
166,18.589,0,1,1,1,1,0,Avatar IK kemik fallback,1,1,1,1,-0.366,0.128,7.567,7.799,4.521,0.009,3.022,0.963,0.000,1.539,0.125,1.994,1.647,-0.404,1.978,1.454,-0.404,1.971,1.653,-0.867,2.015,1.463,-0.867,2.004
167,18.711,0,1,1,1,1,0,Avatar IK kemik fallback,1,1,1,1,-0.367,0.127,7.754,8.972,3.941,0.010,14.559,1.386,0.000,1.540,0.124,1.995,1.647,-0.406,1.978,1.454,-0.405,1.965,1.653,-0.868,2.018,1.463,-0.867,2.002
168,18.823,0,1,1,1,1,0,Avatar IK kemik fallback,1,1,1,1,-0.392,0.183,8.049,8.824,3.483,0.006,9.188,1.329,0.000,1.540,0.124,1.995,1.647,-0.405,1.979,1.454,-0.405,1.968,1.652,-0.867,2.021,1.463,-0.867,2.006
169,18.934,0,1,1,1,1,0,Avatar IK kemik fallback,1,1,1,1,-0.377,0.181,8.192,8.712,3.079,0.012,6.145,1.372,0.000,1.540,0.124,1.994,1.647,-0.405,1.979,1.454,-0.405,1.969,1.652,-0.867,2.023,1.463,-0.867,2.008
170,19.046,0,1,1,1,1,0,Avatar IK kemik fallback,1,1,1,1,-0.407,0.237,8.441,7.664,2.711,0.012,9.654,0.931,0.000,1.541,0.126,1.993,1.647,-0.404,1.979,1.454,-0.404,1.976,1.651,-0.865,2.027,1.463,-0.866,2.015
171,19.157,0,1,1,1,1,0,Avatar IK kemik fallback,1,1,1,1,-0.456,0.274,8.942,8.370,2.455,0.020,6.611,0.660,0.000,1.542,0.126,1.992,1.647,-0.404,1.980,1.455,-0.403,1.977,1.650,-0.864,2.033,1.461,-0.865,2.024
172,19.279,0,1,1,1,1,0,Avatar IK kemik fallback,1,1,1,1,-0.584,0.898,10.120,9.874,2.358,0.015,2.462,0.476,0.000,1.544,0.124,1.991,1.647,-0.406,1.982,1.459,-0.406,1.980,1.647,-0.866,2.048,1.464,-0.866,2.041
173,19.392,0,1,1,1,1,0,Avatar IK kemik fallback,1,1,1,1,-0.886,0.416,11.585,15.044,2.481,0.017,25.977,2.187,0.000,1.545,0.118,1.990,1.647,-0.412,1.985,1.459,-0.410,1.960,1.643,-0.869,2.066,1.467,-0.867,2.044
174,19.503,0,1,1,1,1,0,Avatar IK kemik fallback,1,1,1,1,-2.790,-0.827,20.866,22.960,2.661,0.018,9.560,1.076,0.000,1.545,0.105,1.991,1.653,-0.422,1.942,1.456,-0.419,1.928,1.640,-0.872,2.054,1.469,-0.869,2.043
175,19.624,0,1,1,1,1,0,Avatar IK kemik fallback,1,1,1,1,-5.243,-2.036,30.014,31.217,2.827,0.020,3.932,0.574,0.000,1.546,0.085,1.992,1.663,-0.435,1.902,1.451,-0.433,1.892,1.639,-0.876,2.043,1.468,-0.873,2.036
176,19.726,0,1,1,1,1,0,Avatar IK kemik fallback,1,1,1,1,-5.613,-2.734,37.745,38.826,3.023,0.011,2.823,0.381,0.000,1.547,0.062,1.991,1.666,-0.450,1.869,1.448,-0.448,1.861,1.641,-0.882,2.038,1.466,-0.879,2.033
177,19.838,0,1,1,1,1,0,Avatar IK kemik fallback,1,1,1,1,-3.737,-0.854,43.359,44.327,3.340,0.034,2.208,0.396,0.000,1.548,0.041,1.988,1.660,-0.464,1.845,1.456,-0.462,1.838,1.642,-0.886,2.038,1.464,-0.883,2.033
178,19.959,0,1,1,1,1,0,Avatar IK kemik fallback,1,1,1,1,-3.323,1.315,48.540,49.524,3.970,0.032,2.007,0.329,0.000,1.547,0.020,1.984,1.659,-0.479,1.825,1.465,-0.476,1.816,1.641,-0.890,2.039,1.463,-0.887,2.033
179,20.071,0,1,1,1,1,0,Avatar IK kemik fallback,1,1,1,1,-4.159,1.382,51.403,52.115,4.736,0.026,1.376,0.529,0.000,1.546,0.008,1.980,1.662,-0.488,1.814,1.468,-0.485,1.804,1.639,-0.892,2.041,1.465,-0.890,2.031
180,20.181,0,1,1,1,1,0,Avatar IK kemik fallback,1,1,1,1,-3.843,1.752,52.571,53.236,5.529,0.025,1.259,0.386,0.000,1.546,0.002,1.979,1.662,-0.492,1.809,1.472,-0.489,1.800,1.639,-0.894,2.041,1.468,-0.891,2.032
181,20.283,0,1,1,1,1,0,Avatar IK kemik fallback,1,1,1,1,-3.598,1.944,52.521,53.263,5.970,0.003,1.403,0.000,0.044,1.546,0.000,1.980,1.662,-0.493,1.808,1.475,-0.491,1.799,1.639,-0.896,2.036,1.472,-0.893,2.030
182,20.393,0,1,1,1,1,0,Avatar IK kemik fallback,1,1,1,1,-3.292,2.111,51.671,52.180,6.202,0.015,0.979,0.000,0.122,1.546,0.003,1.981,1.661,-0.491,1.810,1.477,-0.489,1.803,1.639,-0.897,2.034,1.474,-0.894,2.028
183,20.493,0,1,1,1,1,0,Avatar IK kemik fallback,1,1,1,1,-2.431,2.444,51.555,52.014,6.182,0.024,0.886,0.000,0.146,1.546,0.004,1.983,1.659,-0.490,1.811,1.479,-0.488,1.804,1.639,-0.896,2.034,1.475,-0.894,2.028
184,20.606,0,1,1,1,1,0,Avatar IK kemik fallback,1,1,1,1,-0.384,4.260,52.422,53.031,5.947,0.012,1.155,0.000,0.184,1.546,0.001,1.986,1.652,-0.491,1.809,1.486,-0.489,1.803,1.641,-0.896,2.035,1.473,-0.894,2.029
185,20.717,0,1,1,1,1,0,Avatar IK kemik fallback,1,1,1,1,7.841,13.075,53.449,54.834,5.595,0.026,2.558,0.000,0.340,1.546,-0.002,1.988,1.625,-0.492,1.808,1.515,-0.489,1.804,1.645,-0.896,2.036,1.467,-0.891,2.031
186,20.839,0,1,1,1,1,0,Avatar IK kemik fallback,1,1,1,1,18.691,25.522,55.501,57.961,5.171,0.026,4.337,0.000,0.153,1.546,-0.009,1.992,1.589,-0.495,1.809,1.558,-0.488,1.810,1.650,-0.895,2.036,1.462,-0.888,2.029
187,20.951,0,1,1,1,1,0,Avatar IK kemik fallback,1,1,1,1,19.047,26.546,56.627,59.388,5.004,0.038,4.760,0.257,0.000,1.548,-0.013,1.993,1.588,-0.497,1.806,1.562,-0.490,1.805,1.650,-0.896,2.036,1.464,-0.888,2.026
188,21.051,0,1,1,1,1,0,Avatar IK kemik fallback,1,1,1,1,19.165,27.249,57.400,60.471,5.083,0.017,5.210,0.693,0.000,1.549,-0.017,1.995,1.588,-0.499,1.804,1.565,-0.490,1.801,1.651,-0.896,2.037,1.465,-0.887,2.024
189,21.173,0,1,1,1,1,0,Avatar IK kemik fallback,1,1,1,1,19.067,27.480,57.559,60.772,5.445,0.002,5.431,0.897,0.000,1.550,-0.017,1.996,1.589,-0.499,1.805,1.566,-0.489,1.800,1.652,-0.896,2.037,1.466,-0.886,2.023
190,21.284,0,1,1,1,1,0,Avatar IK kemik fallback,1,1,1,1,18.999,27.462,57.404,60.545,5.832,0.006,5.325,0.913,0.000,1.550,-0.015,1.997,1.589,-0.497,1.806,1.566,-0.488,1.802,1.651,-0.895,2.038,1.467,-0.885,2.023
191,21.384,0,1,1,1,1,0,Avatar IK kemik fallback,1,1,1,1,19.157,27.326,57.332,60.260,6.287,0.020,4.980,0.953,0.000,1.551,-0.015,1.999,1.588,-0.496,1.807,1.566,-0.487,1.804,1.651,-0.895,2.038,1.466,-0.885,2.024
192,21.497,0,1,1,1,1,0,Avatar IK kemik fallback,1,1,1,1,19.186,26.972,57.220,59.974,6.801,0.019,4.699,0.983,0.000,1.551,-0.013,2.000,1.588,-0.495,1.809,1.564,-0.486,1.805,1.651,-0.894,2.039,1.465,-0.885,2.024
193,21.618,0,1,1,1,1,0,Avatar IK kemik fallback,1,1,1,1,19.131,26.514,57.059,59.751,7.580,0.017,4.608,0.864,0.000,1.551,-0.013,2.003,1.589,-0.494,1.811,1.563,-0.486,1.807,1.651,-0.894,2.039,1.463,-0.886,2.024
194,21.730,0,1,1,1,1,0,Avatar IK kemik fallback,1,1,1,1,19.214,26.003,56.623,59.262,8.283,0.008,4.556,0.710,0.000,1.551,-0.011,2.004,1.590,-0.492,1.813,1.562,-0.485,1.809,1.651,-0.894,2.039,1.463,-0.886,2.025
195,21.831,0,1,1,1,1,0,Avatar IK kemik fallback,1,1,1,1,17.776,24.726,55.749,58.431,8.904,0.008,4.698,0.599,0.000,1.551,-0.008,2.005,1.594,-0.491,1.815,1.557,-0.483,1.811,1.649,-0.894,2.038,1.463,-0.886,2.024
196,21.942,0,1,1,1,1,0,Avatar IK kemik fallback,1,1,1,1,12.293,20.071,54.008,56.407,9.226,0.022,4.345,0.648,0.000,1.552,-0.003,2.006,1.611,-0.487,1.816,1.542,-0.481,1.810,1.644,-0.895,2.035,1.467,-0.888,2.022
197,22.063,0,1,1,1,1,0,Avatar IK kemik fallback,1,1,1,1,9.249,12.534,51.444,52.746,8.919,0.027,2.499,1.048,0.000,1.553,0.008,2.003,1.619,-0.482,1.823,1.518,-0.476,1.814,1.642,-0.893,2.036,1.474,-0.889,2.021
198,22.177,0,1,1,1,1,0,Avatar IK kemik fallback,1,1,1,1,2.488,4.418,49.295,49.769,8.381,0.019,0.957,0.922,0.000,1.554,0.016,2.002,1.642,-0.477,1.827,1.492,-0.473,1.818,1.637,-0.892,2.033,1.481,-0.891,2.020
199,22.299,0,1,1,1,1,0,Avatar IK kemik fallback,1,1,1,1,-3.087,0.533,47.516,47.604,7.413,0.006,0.186,0.566,0.000,1.553,0.023,2.001,1.660,-0.472,1.832,1.478,-0.470,1.824,1.633,-0.891,2.030,1.483,-0.891,2.020
200,22.410,0,1,1,1,1,0,Avatar IK kemik fallback,1,1,1,1,-4.525,-0.467,47.548,47.348,6.466,0.013,0.422,0.250,0.000,1.550,0.023,2.001,1.665,-0.472,1.833,1.474,-0.470,1.825,1.633,-0.891,2.028,1.483,-0.891,2.020
201,22.531,0,1,1,1,1,0,Avatar IK kemik fallback,1,1,1,1,-3.796,0.287,48.445,48.186,5.405,0.038,0.535,0.000,0.069,1.548,0.019,2.002,1.662,-0.474,1.829,1.476,-0.473,1.823,1.634,-0.892,2.027,1.482,-0.892,2.021
202,22.643,0,1,1,1,1,0,Avatar IK kemik fallback,1,1,1,1,-3.143,1.203,49.234,49.079,4.712,0.035,0.315,0.000,0.236,1.546,0.016,2.003,1.660,-0.475,1.827,1.479,-0.475,1.821,1.634,-0.893,2.027,1.480,-0.893,2.021
203,22.766,0,1,1,1,1,0,Avatar IK kemik fallback,1,1,1,1,-2.521,2.196,49.807,49.878,4.322,0.024,0.143,0.000,0.296,1.544,0.012,2.006,1.658,-0.477,1.825,1.481,-0.476,1.818,1.636,-0.895,2.025,1.479,-0.894,2.019
204,22.878,0,1,1,1,1,0,Avatar IK kemik fallback,1,1,1,1,-2.266,3.423,49.738,50.020,4.432,0.026,0.567,0.000,0.404,1.541,0.012,2.007,1.657,-0.476,1.825,1.484,-0.475,1.818,1.637,-0.895,2.024,1.478,-0.894,2.018
205,22.988,0,1,1,1,1,0,Avatar IK kemik fallback,1,1,1,1,-2.655,3.396,49.835,50.253,4.981,0.032,0.837,0.000,0.467,1.538,0.011,2.009,1.658,-0.476,1.825,1.484,-0.475,1.817,1.639,-0.896,2.021,1.479,-0.894,2.016
206,23.090,0,1,1,1,1,0,Avatar IK kemik fallback,1,1,1,1,-2.332,3.560,49.808,50.359,5.790,0.034,1.100,0.000,0.457,1.536,0.010,2.011,1.656,-0.476,1.825,1.483,-0.474,1.817,1.640,-0.897,2.019,1.480,-0.894,2.014
207,23.201,0,1,1,1,1,0,Avatar IK kemik fallback,1,1,1,1,-1.610,4.521,49.697,50.482,6.655,0.012,1.567,0.000,0.706,1.534,0.010,2.013,1.654,-0.475,1.825,1.486,-0.474,1.818,1.641,-0.897,2.018,1.479,-0.894,2.014
208,23.311,0,1,1,1,1,0,Avatar IK kemik fallback,1,1,1,1,2.586,10.653,49.865,51.408,7.554,0.009,3.047,0.000,1.158,1.532,0.011,2.013,1.640,-0.475,1.826,1.506,-0.472,1.822,1.645,-0.896,2.021,1.475,-0.891,2.020
209,23.412,0,1,1,1,1,0,Avatar IK kemik fallback,1,1,1,1,7.866,15.537,50.332,52.382,8.320,0.016,3.991,0.000,1.320,1.531,0.010,2.013,1.621,-0.476,1.826,1.523,-0.472,1.825,1.648,-0.895,2.024,1.472,-0.889,2.025
210,23.523,0,1,1,1,1,0,Avatar IK kemik fallback,1,1,1,1,13.686,21.468,50.953,53.542,8.895,0.014,4.955,0.000,1.160,1.532,0.010,2.012,1.601,-0.477,1.828,1.542,-0.471,1.830,1.651,-0.894,2.028,1.469,-0.886,2.027
211,23.634,0,1,1,1,1,0,Avatar IK kemik fallback,1,1,1,1,16.855,25.655,51.483,54.478,9.229,0.029,5.652,0.000,1.072,1.532,0.008,2.010,1.588,-0.479,1.827,1.557,-0.471,1.833,1.652,-0.894,2.027,1.470,-0.885,2.027
212,23.735,0,1,1,1,1,0,Avatar IK kemik fallback,1,1,1,1,16.172,26.248,50.747,54.064,9.430,0.029,6.329,0.000,1.104,1.531,0.012,2.006,1.590,-0.478,1.829,1.558,-0.469,1.835,1.653,-0.892,2.029,1.470,-0.883,2.030
213,23.847,0,1,1,1,1,0,Avatar IK kemik fallback,1,1,1,1,16.199,26.416,51.274,54.607,9.596,0.048,6.296,0.000,1.059,1.530,0.010,2.004,1.591,-0.480,1.826,1.559,-0.470,1.832,1.654,-0.892,2.030,1.471,-0.882,2.030
214,23.957,0,1,1,1,1,0,Avatar IK kemik fallback,1,1,1,1,16.337,26.143,51.682,54.885,9.656,0.036,6.013,0.000,1.036,1.529,0.009,2.001,1.591,-0.481,1.824,1.558,-0.472,1.830,1.655,-0.892,2.031,1.471,-0.882,2.031
215,24.058,0,1,1,1,1,0,Avatar IK kemik fallback,1,1,1,1,16.241,25.799,51.864,55.054,9.547,0.019,5.968,0.000,1.257,1.527,0.008,2.000,1.591,-0.482,1.823,1.557,-0.473,1.828,1.655,-0.892,2.032,1.471,-0.882,2.032
216,24.169,0,1,1,1,1,0,Avatar IK kemik fallback,1,1,1,1,15.497,25.032,51.548,54.729,9.301,0.012,5.987,0.000,1.505,1.526,0.009,1.998,1.595,-0.481,1.823,1.555,-0.473,1.828,1.654,-0.892,2.032,1.470,-0.883,2.032
217,24.280,0,1,1,1,1,0,Avatar IK kemik fallback,1,1,1,1,14.717,24.129,51.015,54.162,8.991,0.018,5.984,0.000,1.649,1.526,0.011,1.997,1.599,-0.480,1.824,1.552,-0.473,1.829,1.653,-0.892,2.032,1.469,-0.883,2.032
218,24.403,0,1,1,1,1,0,Avatar IK kemik fallback,1,1,1,1,15.159,24.197,50.863,54.017,8.603,0.027,6.014,0.000,1.581,1.528,0.012,1.996,1.598,-0.480,1.825,1.553,-0.472,1.829,1.653,-0.892,2.033,1.468,-0.882,2.032
219,24.514,0,1,1,1,1,0,Avatar IK kemik fallback,1,1,1,1,15.461,24.400,51.003,54.209,8.278,0.018,6.094,0.000,1.533,1.529,0.012,1.995,1.597,-0.481,1.824,1.554,-0.473,1.829,1.653,-0.891,2.034,1.467,-0.882,2.033
220,24.615,0,1,1,1,1,0,Avatar IK kemik fallback,1,1,1,1,15.780,24.496,51.182,54.336,8.104,0.026,5.978,0.000,1.456,1.531,0.011,1.993,1.597,-0.481,1.824,1.555,-0.474,1.828,1.653,-0.891,2.036,1.466,-0.882,2.034
221,24.737,0,1,1,1,1,0,Avatar IK kemik fallback,1,1,1,1,16.042,24.655,51.226,54.293,8.119,0.029,5.814,0.000,1.239,1.534,0.012,1.992,1.596,-0.482,1.824,1.556,-0.474,1.827,1.653,-0.890,2.037,1.466,-0.882,2.034
222,24.848,0,1,1,1,1,0,Avatar IK kemik fallback,1,1,1,1,16.323,24.773,51.524,54.462,8.335,0.016,5.545,0.000,1.019,1.536,0.010,1.991,1.596,-0.482,1.822,1.557,-0.475,1.826,1.652,-0.891,2.036,1.466,-0.882,2.032
223,24.959,0,1,1,1,1,0,Avatar IK kemik fallback,1,1,1,1,16.320,24.711,51.927,54.733,8.615,0.021,5.262,0.000,0.805,1.538,0.008,1.991,1.596,-0.484,1.820,1.558,-0.477,1.823,1.651,-0.891,2.036,1.467,-0.883,2.031
224,25.073,0,1,1,1,1,0,Avatar IK kemik fallback,1,1,1,1,14.849,23.424,51.944,54.504,8.803,0.011,4.810,0.000,0.670,1.540,0.008,1.991,1.602,-0.484,1.819,1.554,-0.477,1.821,1.649,-0.892,2.036,1.469,-0.885,2.030
225,25.194,0,1,1,1,1,0,Avatar IK kemik fallback,1,1,1,1,9.430,18.202,51.814,53.838,8.796,0.013,3.831,0.000,0.779,1.540,0.006,1.992,1.620,-0.484,1.815,1.539,-0.479,1.815,1.644,-0.893,2.032,1.474,-0.887,2.027
226,25.316,0,1,1,1,1,0,Avatar IK kemik fallback,1,1,1,1,0.911,12.602,51.573,53.043,8.390,0.018,2.811,0.000,1.157,1.539,0.006,1.993,1.650,-0.483,1.814,1.522,-0.480,1.811,1.639,-0.895,2.028,1.479,-0.890,2.025
227,25.429,0,1,1,1,1,0,Avatar IK kemik fallback,1,1,1,1,-4.397,8.162,51.205,52.195,7.823,0.014,1.916,0.000,1.313,1.538,0.006,1.994,1.669,-0.482,1.816,1.509,-0.481,1.808,1.636,-0.896,2.023,1.483,-0.892,2.022
228,25.551,0,1,1,1,1,0,Avatar IK kemik fallback,1,1,1,1,-5.221,5.614,51.226,51.975,7.055,0.019,1.450,0.000,1.102,1.539,0.006,1.995,1.672,-0.482,1.816,1.501,-0.481,1.806,1.635,-0.897,2.022,1.484,-0.893,2.019
229,25.662,0,1,1,1,1,0,Avatar IK kemik fallback,1,1,1,1,-4.051,4.807,52.031,52.768,6.612,0.010,1.408,0.000,1.084,1.539,0.002,1.995,1.668,-0.484,1.814,1.499,-0.483,1.803,1.635,-0.897,2.023,1.485,-0.893,2.019
230,25.783,0,1,1,1,1,0,Avatar IK kemik fallback,1,1,1,1,-3.478,4.842,52.475,53.338,6.154,0.016,1.630,0.000,1.120,1.537,0.001,1.995,1.666,-0.485,1.812,1.499,-0.484,1.801,1.635,-0.897,2.024,1.485,-0.893,2.020
231,25.884,0,1,1,1,1,0,Avatar IK kemik fallback,1,1,1,1,-2.696,5.294,52.332,53.256,5.808,0.016,1.751,0.000,1.121,1.537,0.001,1.994,1.663,-0.485,1.812,1.500,-0.484,1.802,1.636,-0.897,2.025,1.484,-0.892,2.021
232,25.996,0,1,1,1,1,0,Avatar IK kemik fallback,1,1,1,1,-2.446,5.460,51.908,52.804,5.384,0.005,1.711,0.000,1.091,1.536,0.003,1.993,1.662,-0.485,1.814,1.499,-0.483,1.803,1.636,-0.896,2.026,1.484,-0.892,2.022
233,26.121,0,1,1,1,1,0,Avatar IK kemik fallback,1,1,1,1,-1.611,5.984,51.317,52.327,4.744,0.011,1.949,0.000,1.150,1.536,0.006,1.992,1.658,-0.483,1.815,1.500,-0.482,1.806,1.638,-0.896,2.027,1.483,-0.891,2.023
234,26.240,0,1,1,1,1,0,Avatar IK kemik fallback,1,1,1,1,-1.204,5.832,50.941,51.930,4.013,0.013,1.923,0.000,1.236,1.534,0.008,1.991,1.657,-0.482,1.817,1.499,-0.481,1.807,1.638,-0.895,2.028,1.483,-0.890,2.025
235,26.341,0,1,1,1,1,0,Avatar IK kemik fallback,1,1,1,1,-1.559,5.525,50.806,51.743,3.495,0.011,1.827,0.000,1.282,1.533,0.009,1.991,1.658,-0.482,1.818,1.498,-0.480,1.808,1.638,-0.895,2.028,1.483,-0.890,2.025
236,26.452,0,1,1,1,1,0,Avatar IK kemik fallback,1,1,1,1,-1.773,5.171,50.558,51.440,3.204,0.013,1.730,0.000,1.374,1.531,0.010,1.991,1.658,-0.481,1.819,1.496,-0.480,1.809,1.638,-0.895,2.028,1.483,-0.890,2.025
237,26.553,0,1,1,1,1,0,Avatar IK kemik fallback,1,1,1,1,-2.172,4.851,50.392,51.340,3.181,0.009,1.862,0.000,1.484,1.531,0.010,1.991,1.660,-0.481,1.819,1.495,-0.479,1.809,1.638,-0.895,2.027,1.483,-0.890,2.025
238,26.653,0,1,1,1,1,0,Avatar IK kemik fallback,1,1,1,1,0.181,8.898,50.490,52.401,3.329,0.019,3.713,0.000,1.950,1.532,0.010,1.991,1.652,-0.481,1.819,1.509,-0.479,1.811,1.640,-0.895,2.028,1.480,-0.887,2.030
239,26.764,0,1,1,1,1,0,Avatar IK kemik fallback,1,1,1,1,14.126,23.535,52.178,55.819,3.412,0.029,6.744,0.000,1.749,1.533,0.006,1.993,1.605,-0.484,1.818,1.555,-0.477,1.820,1.650,-0.893,2.034,1.468,-0.882,2.033
240,26.865,0,1,1,1,1,0,Avatar IK kemik fallback,1,1,1,1,16.979,25.019,53.486,56.848,3.400,0.029,6.094,0.000,1.177,1.536,0.002,1.995,1.595,-0.487,1.817,1.561,-0.479,1.818,1.651,-0.893,2.036,1.470,-0.882,2.032
241,26.965,0,1,1,1,1,0,Avatar IK kemik fallback,1,1,1,1,17.196,25.764,53.576,56.905,3.305,0.040,6.027,0.000,0.715,1.538,0.002,1.995,1.593,-0.487,1.817,1.562,-0.478,1.818,1.652,-0.892,2.036,1.470,-0.882,2.031
242,27.077,0,1,1,1,1,0,Avatar IK kemik fallback,1,1,1,1,16.837,26.036,53.213,56.519,3.293,0.011,6.025,0.000,0.538,1.539,0.003,1.997,1.594,-0.485,1.819,1.562,-0.477,1.820,1.652,-0.892,2.036,1.470,-0.882,2.030
243,27.199,0,1,1,1,1,0,Avatar IK kemik fallback,1,1,1,1,16.626,26.309,53.357,56.654,3.457,0.004,5.995,0.000,0.595,1.539,0.002,1.998,1.595,-0.486,1.817,1.564,-0.477,1.820,1.651,-0.893,2.034,1.470,-0.883,2.028
244,27.311,0,1,1,1,1,0,Avatar IK kemik fallback,1,1,1,1,16.168,26.844,53.830,57.336,3.646,0.032,6.308,0.000,0.847,1.538,0.000,1.999,1.597,-0.487,1.816,1.566,-0.478,1.819,1.650,-0.893,2.033,1.469,-0.883,2.029
245,27.433,0,1,1,1,1,0,Avatar IK kemik fallback,1,1,1,1,16.249,26.758,54.205,57.779,3.967,0.020,6.382,0.000,1.327,1.534,-0.003,2.001,1.598,-0.487,1.814,1.567,-0.479,1.819,1.651,-0.894,2.032,1.469,-0.884,2.028
246,27.555,0,1,1,1,1,0,Avatar IK kemik fallback,1,1,1,1,16.420,26.410,54.276,57.922,4.297,0.010,6.499,0.000,1.659,1.533,-0.003,2.001,1.599,-0.487,1.814,1.567,-0.479,1.819,1.651,-0.895,2.031,1.469,-0.884,2.028
247,27.666,0,1,1,1,1,0,Avatar IK kemik fallback,1,1,1,1,16.562,26.441,54.694,58.431,4.562,0.001,6.606,0.000,1.810,1.532,-0.006,2.001,1.599,-0.489,1.812,1.567,-0.481,1.817,1.651,-0.896,2.031,1.469,-0.884,2.028
248,27.767,0,1,1,1,1,0,Avatar IK kemik fallback,1,1,1,1,16.551,26.349,54.947,58.636,4.810,0.001,6.496,0.000,1.841,1.532,-0.007,2.001,1.600,-0.490,1.811,1.568,-0.482,1.815,1.650,-0.896,2.030,1.469,-0.885,2.027
249,27.868,0,1,1,1,1,0,Avatar IK kemik fallback,1,1,1,1,16.453,26.058,55.085,58.614,4.963,0.016,6.208,0.000,1.726,1.533,-0.008,2.001,1.600,-0.490,1.810,1.567,-0.483,1.814,1.650,-0.897,2.029,1.470,-0.886,2.026
250,27.979,0,1,1,1,1,0,Avatar IK kemik fallback,1,1,1,1,15.149,25.274,55.267,58.692,5.006,0.009,6.011,0.000,1.508,1.535,-0.010,2.001,1.604,-0.492,1.808,1.564,-0.484,1.811,1.648,-0.898,2.028,1.471,-0.887,2.025
251,28.100,0,1,1,1,1,0,Avatar IK kemik fallback,1,1,1,1,7.190,20.892,54.633,57.600,4.937,0.005,5.288,0.000,1.159,1.537,-0.010,2.000,1.628,-0.492,1.805,1.549,-0.485,1.806,1.643,-0.899,2.026,1.475,-0.890,2.023
252,28.212,0,1,1,1,1,0,Avatar IK kemik fallback,1,1,1,1,-0.074,13.632,54.007,56.277,4.780,0.016,4.118,0.000,1.255,1.536,-0.008,1.999,1.652,-0.490,1.805,1.525,-0.486,1.800,1.639,-0.900,2.022,1.482,-0.892,2.021
253,28.313,0,1,1,1,1,0,Avatar IK kemik fallback,1,1,1,1,-4.212,5.579,53.197,54.528,4.497,0.013,2.471,0.000,1.329,1.536,-0.004,1.998,1.667,-0.488,1.809,1.500,-0.486,1.798,1.637,-0.900,2.020,1.487,-0.893,2.019
254,28.436,0,1,1,1,1,0,Avatar IK kemik fallback,1,1,1,1,-6.513,2.966,53.168,54.446,4.042,0.005,2.375,0.000,1.341,1.537,-0.004,2.000,1.675,-0.487,1.810,1.491,-0.485,1.797,1.636,-0.900,2.018,1.488,-0.893,2.018
255,28.546,0,1,1,1,1,0,Avatar IK kemik fallback,1,1,1,1,-5.184,4.813,52.504,54.052,3.575,0.018,2.906,0.000,1.497,1.538,-0.001,2.001,1.671,-0.485,1.813,1.497,-0.483,1.802,1.635,-0.899,2.020,1.485,-0.892,2.020
256,28.647,0,1,1,1,1,0,Avatar IK kemik fallback,1,1,1,1,-3.851,4.858,51.978,53.592,3.275,0.014,3.057,0.000,1.379,1.539,0.002,2.003,1.667,-0.483,1.816,1.498,-0.480,1.804,1.634,-0.898,2.021,1.482,-0.891,2.019
257,28.770,0,1,1,1,1,0,Avatar IK kemik fallback,1,1,1,1,-2.593,5.316,49.488,51.231,3.355,0.027,3.460,0.000,1.065,1.542,0.014,2.005,1.662,-0.475,1.827,1.497,-0.472,1.814,1.634,-0.894,2.024,1.478,-0.887,2.020
258,28.880,0,1,1,1,1,0,Avatar IK kemik fallback,1,1,1,1,-1.997,4.905,44.142,45.904,3.768,0.017,3.914,0.000,0.881,1.544,0.036,2.007,1.659,-0.461,1.848,1.494,-0.458,1.834,1.635,-0.889,2.024,1.476,-0.883,2.019
259,28.982,0,1,1,1,1,0,Avatar IK kemik fallback,1,1,1,1,-0.936,4.592,36.807,38.515,4.413,0.022,4.535,0.000,0.737,1.545,0.064,2.010,1.654,-0.444,1.879,1.489,-0.442,1.865,1.635,-0.883,2.029,1.472,-0.878,2.022
260,29.104,0,1,1,1,1,0,Avatar IK kemik fallback,1,1,1,1,-0.209,3.868,25.423,26.807,5.311,0.025,5.299,0.000,0.288,1.546,0.095,2.011,1.649,-0.425,1.929,1.481,-0.423,1.915,1.637,-0.876,2.039,1.467,-0.873,2.028
261,29.214,0,1,1,1,1,0,Avatar IK kemik fallback,1,1,1,1,0.000,2.066,11.923,12.011,6.177,0.033,0.733,0.060,0.000,1.548,0.118,2.014,1.645,-0.411,1.996,1.466,-0.411,1.984,1.639,-0.870,2.062,1.458,-0.870,2.048
262,29.316,0,1,1,1,1,0,Avatar IK kemik fallback,1,1,1,1,0.492,1.972,9.813,9.812,7.137,0.022,0.013,0.000,0.011,1.551,0.131,2.015,1.647,-0.398,1.992,1.467,-0.398,1.982,1.644,-0.860,2.036,1.461,-0.860,2.024
263,29.426,0,1,1,1,1,0,Avatar IK kemik fallback,1,1,1,1,-0.040,0.617,8.493,7.846,7.975,0.012,7.914,0.496,0.000,1.552,0.133,2.015,1.651,-0.396,1.989,1.461,-0.395,1.980,1.647,-0.858,2.021,1.460,-0.859,2.005
264,29.539,0,1,1,1,1,0,Avatar IK kemik fallback,1,1,1,1,-0.164,0.619,7.406,7.090,8.593,0.009,4.363,0.022,0.000,1.553,0.134,2.015,1.651,-0.395,1.987,1.462,-0.395,1.980,1.648,-0.858,2.009,1.462,-0.858,1.999
265,29.660,0,1,1,1,1,0,Avatar IK kemik fallback,1,1,1,1,-0.284,0.666,6.991,6.461,8.854,0.020,7.888,0.120,0.000,1.551,0.133,2.013,1.651,-0.395,1.986,1.462,-0.395,1.980,1.649,-0.859,2.005,1.463,-0.859,1.994
266,29.771,0,1,1,1,1,0,Avatar IK kemik fallback,1,1,1,1,-0.317,0.691,6.982,6.540,8.799,0.020,6.543,0.049,0.000,1.550,0.133,2.012,1.651,-0.396,1.985,1.462,-0.396,1.980,1.649,-0.860,2.005,1.464,-0.860,1.996
267,29.872,0,1,1,1,1,0,Avatar IK kemik fallback,1,1,1,1,-0.305,0.666,7.035,6.609,8.579,0.010,6.248,0.074,0.000,1.549,0.130,2.012,1.650,-0.399,1.985,1.461,-0.399,1.980,1.650,-0.862,2.006,1.464,-0.862,1.998
268,29.983,0,1,1,1,1,0,Avatar IK kemik fallback,1,1,1,1,-0.400,0.679,7.211,6.661,8.232,0.026,7.932,0.254,0.000,1.546,0.129,2.010,1.649,-0.400,1.985,1.460,-0.400,1.979,1.649,-0.864,2.009,1.464,-0.864,1.998
269,30.096,0,1,1,1,1,0,Avatar IK kemik fallback,1,1,1,1,-0.476,0.650,7.259,6.973,7.776,0.033,4.021,0.395,0.000,1.544,0.127,2.008,1.649,-0.402,1.984,1.459,-0.402,1.977,1.650,-0.865,2.010,1.464,-0.865,1.998
270,30.207,0,1,1,1,1,0,Avatar IK kemik fallback,1,1,1,1,-0.514,0.596,7.331,8.509,7.143,0.028,14.876,1.174,0.000,1.542,0.126,2.005,1.648,-0.403,1.983,1.458,-0.402,1.966,1.650,-0.866,2.011,1.464,-0.865,1.992
271,30.318,0,1,1,1,1,0,Avatar IK kemik fallback,1,1,1,1,-0.504,0.533,7.260,9.056,6.665,0.037,22.019,1.504,0.000,1.541,0.125,2.001,1.648,-0.404,1.981,1.457,-0.402,1.961,1.651,-0.867,2.010,1.464,-0.865,1.989
272,30.428,0,1,1,1,1,0,Avatar IK kemik fallback,1,1,1,1,-0.515,0.465,7.225,9.804,6.586,0.039,30.290,2.013,0.000,1.540,0.124,1.997,1.647,-0.405,1.979,1.456,-0.403,1.954,1.651,-0.868,2.010,1.464,-0.866,1.985
273,30.528,0,1,1,1,1,0,Avatar IK kemik fallback,1,1,1,1,-0.532,0.510,7.262,9.153,7.127,0.042,23.049,1.736,0.000,1.539,0.125,1.993,1.647,-0.404,1.978,1.456,-0.403,1.956,1.651,-0.867,2.012,1.464,-0.866,1.988
274,30.641,0,1,1,1,1,0,Avatar IK kemik fallback,1,1,1,1,-0.523,0.581,7.358,8.557,8.165,0.037,15.069,1.496,0.000,1.538,0.125,1.990,1.647,-0.405,1.976,1.456,-0.403,1.959,1.651,-0.867,2.013,1.464,-0.866,1.992
275,30.751,0,1,1,1,1,0,Avatar IK kemik fallback,1,1,1,1,-0.529,0.659,7.471,7.915,9.585,0.023,5.770,1.157,0.000,1.538,0.126,1.986,1.646,-0.404,1.975,1.456,-0.403,1.962,1.651,-0.866,2.015,1.464,-0.866,1.997
276,30.851,0,1,1,1,1,0,Avatar IK kemik fallback,1,1,1,1,-0.525,0.741,7.524,7.053,11.071,0.025,6.468,0.555,0.000,1.537,0.126,1.983,1.646,-0.403,1.974,1.456,-0.403,1.967,1.651,-0.865,2.016,1.464,-0.865,2.003
277,30.965,0,1,1,1,1,0,Avatar IK kemik fallback,1,1,1,1,-0.537,0.802,7.730,7.288,12.450,0.019,5.887,0.493,0.000,1.538,0.128,1.980,1.646,-0.402,1.973,1.456,-0.402,1.966,1.650,-0.864,2.019,1.463,-0.864,2.006
278,31.087,0,1,1,1,1,0,Avatar IK kemik fallback,1,1,1,1,-0.590,0.816,8.605,7.969,13.786,0.015,7.684,0.731,0.000,1.537,0.128,1.979,1.645,-0.402,1.974,1.456,-0.401,1.966,1.647,-0.863,2.029,1.463,-0.863,2.013
279,31.197,0,1,1,1,1,0,Avatar IK kemik fallback,1,1,1,1,-0.728,2.130,9.377,9.075,14.365,0.024,3.273,0.457,0.000,1.538,0.126,1.981,1.646,-0.404,1.977,1.464,-0.404,1.970,1.646,-0.864,2.038,1.466,-0.864,2.025
280,31.308,0,1,1,1,1,0,Avatar IK kemik fallback,1,1,1,1,-0.732,2.817,10.385,13.036,14.355,0.037,22.637,1.189,0.000,1.538,0.121,1.985,1.645,-0.409,1.981,1.467,-0.408,1.959,1.644,-0.868,2.050,1.465,-0.866,2.030
281,31.409,0,1,1,1,1,0,Avatar IK kemik fallback,1,1,1,1,-0.886,3.217,15.505,18.832,13.841,0.029,19.374,0.636,0.000,1.538,0.114,1.988,1.646,-0.415,1.962,1.470,-0.413,1.940,1.643,-0.870,2.050,1.465,-0.867,2.036
282,31.520,0,1,1,1,1,0,Avatar IK kemik fallback,1,1,1,1,-2.295,3.257,24.004,26.340,12.988,0.037,9.281,0.000,0.096,1.537,0.100,1.991,1.652,-0.424,1.927,1.471,-0.422,1.911,1.641,-0.873,2.044,1.467,-0.868,2.037
283,31.631,0,1,1,1,1,0,Avatar IK kemik fallback,1,1,1,1,-2.844,3.252,32.058,33.946,12.057,0.011,5.721,0.000,0.387,1.536,0.081,1.993,1.655,-0.436,1.894,1.473,-0.433,1.881,1.642,-0.876,2.039,1.468,-0.871,2.034
284,31.732,0,1,1,1,1,0,Avatar IK kemik fallback,1,1,1,1,-2.960,3.298,38.312,39.799,11.010,0.011,3.808,0.000,0.536,1.536,0.061,1.993,1.657,-0.449,1.867,1.475,-0.447,1.856,1.642,-0.881,2.035,1.469,-0.877,2.031
285,31.843,0,1,1,1,1,0,Avatar IK kemik fallback,1,1,1,1,-3.180,2.875,44.231,45.481,9.806,0.018,2.788,0.000,0.604,1.535,0.040,1.992,1.659,-0.463,1.845,1.474,-0.461,1.835,1.642,-0.885,2.036,1.469,-0.880,2.032
286,31.954,0,1,1,1,1,0,Avatar IK kemik fallback,1,1,1,1,-3.151,3.576,47.889,49.156,8.588,0.011,2.611,0.000,0.809,1.534,0.026,1.990,1.660,-0.472,1.832,1.477,-0.470,1.822,1.641,-0.887,2.039,1.467,-0.882,2.035
287,32.054,0,1,1,1,1,0,Avatar IK kemik fallback,1,1,1,1,-2.945,4.913,49.725,51.123,7.382,0.011,2.772,0.000,0.908,1.534,0.019,1.990,1.660,-0.476,1.825,1.482,-0.474,1.815,1.642,-0.888,2.039,1.465,-0.883,2.035
288,32.166,0,1,1,1,1,0,Avatar IK kemik fallback,1,1,1,1,-2.709,5.702,50.850,52.372,6.284,0.014,2.951,0.000,0.917,1.535,0.013,1.991,1.660,-0.480,1.820,1.485,-0.478,1.810,1.642,-0.890,2.036,1.465,-0.884,2.032
289,32.277,0,1,1,1,1,0,Avatar IK kemik fallback,1,1,1,1,-2.422,5.946,51.008,52.674,5.400,0.014,3.212,0.000,0.892,1.535,0.011,1.990,1.660,-0.481,1.819,1.487,-0.479,1.808,1.643,-0.891,2.036,1.465,-0.885,2.031
290,32.377,0,1,1,1,1,0,Avatar IK kemik fallback,1,1,1,1,-2.460,6.133,52.183,53.949,4.878,0.011,3.329,0.000,0.952,1.534,0.005,1.991,1.661,-0.485,1.814,1.488,-0.482,1.803,1.644,-0.893,2.034,1.466,-0.886,2.030
291,32.488,0,1,1,1,1,0,Avatar IK kemik fallback,1,1,1,1,-2.181,6.539,53.234,55.057,4.699,0.019,3.366,0.000,0.960,1.533,0.000,1.991,1.660,-0.488,1.810,1.490,-0.485,1.799,1.644,-0.894,2.034,1.467,-0.887,2.030
292,32.599,0,1,1,1,1,0,Avatar IK kemik fallback,1,1,1,1,-1.494,7.106,53.949,55.814,4.728,0.003,3.397,0.000,0.910,1.533,-0.004,1.990,1.657,-0.491,1.807,1.492,-0.487,1.796,1.645,-0.895,2.033,1.468,-0.888,2.029
293,32.711,0,1,1,1,1,0,Avatar IK kemik fallback,1,1,1,1,-1.314,7.395,54.315,56.188,4.783,0.011,3.390,0.000,0.934,1.533,-0.007,1.991,1.657,-0.492,1.804,1.493,-0.489,1.794,1.645,-0.897,2.030,1.469,-0.890,2.026
294,32.811,0,1,1,1,1,0,Avatar IK kemik fallback,1,1,1,1,-1.408,7.971,54.491,56.417,4.694,0.013,3.474,0.000,0.937,1.533,-0.008,1.991,1.657,-0.493,1.803,1.495,-0.489,1.793,1.646,-0.898,2.030,1.468,-0.890,2.026
295,32.924,0,1,1,1,1,0,Avatar IK kemik fallback,1,1,1,1,-1.299,8.643,54.796,56.720,4.336,0.007,3.449,0.000,1.047,1.533,-0.009,1.990,1.657,-0.494,1.802,1.498,-0.490,1.792,1.646,-0.898,2.029,1.468,-0.890,2.026
296,33.035,0,1,1,1,1,0,Avatar IK kemik fallback,1,1,1,1,-1.231,9.321,54.893,56.900,3.625,0.006,3.590,0.000,1.087,1.534,-0.010,1.990,1.657,-0.495,1.801,1.501,-0.491,1.792,1.645,-0.898,2.029,1.468,-0.891,2.026
297,33.135,0,1,1,1,1,0,Avatar IK kemik fallback,1,1,1,1,-1.294,9.297,54.955,56.952,2.743,0.007,3.570,0.000,1.131,1.534,-0.010,1.989,1.657,-0.495,1.801,1.501,-0.492,1.792,1.645,-0.898,2.030,1.468,-0.891,2.027
298,33.258,0,1,1,1,1,0,Avatar IK kemik fallback,1,1,1,1,-2.171,8.333,54.999,57.033,1.967,0.023,3.631,0.000,1.282,1.534,-0.010,1.988,1.660,-0.495,1.801,1.499,-0.492,1.791,1.644,-0.898,2.031,1.470,-0.890,2.029
299,33.368,0,1,1,1,1,0,Avatar IK kemik fallback,1,1,1,1,-3.089,8.325,54.880,57.072,1.648,0.025,3.915,0.000,1.505,1.532,-0.010,1.988,1.663,-0.495,1.802,1.498,-0.492,1.792,1.643,-0.898,2.030,1.470,-0.889,2.030
300,33.469,0,1,1,1,1,0,Avatar IK kemik fallback,1,1,1,1,-7.831,3.806,53.889,55.594,1.778,0.025,3.116,0.000,1.635,1.530,-0.006,1.988,1.678,-0.491,1.806,1.484,-0.490,1.793,1.641,-0.899,2.026,1.475,-0.890,2.027
301,33.592,0,1,1,1,1,0,Avatar IK kemik fallback,1,1,1,1,-29.072,-17.062,52.380,51.312,2.450,0.056,2.060,0.000,0.229,1.528,0.004,1.983,1.753,-0.482,1.832,1.406,-0.485,1.794,1.638,-0.899,2.006,1.480,-0.898,1.996
302,33.703,0,1,1,1,1,0,Avatar IK kemik fallback,1,1,1,1,-40.124,-30.693,53.053,50.806,3.311,0.038,4.325,0.485,0.000,1.527,0.010,1.980,1.794,-0.475,1.865,1.343,-0.482,1.816,1.638,-0.894,2.006,1.469,-0.896,1.992
303,33.804,0,1,1,1,1,0,Avatar IK kemik fallback,1,1,1,1,-41.518,-32.902,52.160,49.942,4.310,0.014,4.345,0.485,0.000,1.526,0.018,1.978,1.798,-0.470,1.877,1.330,-0.478,1.828,1.636,-0.890,2.009,1.466,-0.893,1.995
304,33.915,0,1,1,1,1,0,Avatar IK kemik fallback,1,1,1,1,-43.234,-33.898,52.944,50.269,5.169,0.029,5.184,0.096,0.000,1.524,0.017,1.978,1.802,-0.470,1.883,1.326,-0.478,1.830,1.633,-0.888,2.009,1.465,-0.892,1.998
305,34.025,0,1,1,1,1,0,Avatar IK kemik fallback,1,1,1,1,-43.515,-34.262,53.415,50.625,5.921,0.005,5.364,0.000,0.191,1.523,0.016,1.978,1.804,-0.470,1.883,1.325,-0.479,1.829,1.633,-0.888,2.010,1.465,-0.892,2.000
306,34.127,0,1,1,1,1,0,Avatar IK kemik fallback,1,1,1,1,-43.399,-33.901,53.581,50.831,6.499,0.009,5.268,0.000,0.443,1.522,0.016,1.978,1.804,-0.470,1.882,1.328,-0.480,1.827,1.633,-0.888,2.011,1.465,-0.891,2.002
307,34.249,0,1,1,1,1,0,Avatar IK kemik fallback,1,1,1,1,-43.355,-33.746,53.267,50.769,6.996,0.016,4.803,0.000,0.838,1.522,0.017,1.977,1.804,-0.469,1.885,1.328,-0.479,1.826,1.633,-0.888,2.010,1.463,-0.890,2.003
308,34.360,0,1,1,1,1,0,Avatar IK kemik fallback,1,1,1,1,-42.865,-33.684,52.688,50.393,7.357,0.016,4.452,0.000,1.085,1.521,0.019,1.976,1.802,-0.468,1.887,1.328,-0.478,1.827,1.633,-0.888,2.010,1.463,-0.889,2.004
309,34.460,0,1,1,1,1,0,Avatar IK kemik fallback,1,1,1,1,-42.001,-33.322,53.130,50.628,7.693,0.040,4.823,0.000,0.972,1.518,0.018,1.977,1.799,-0.468,1.882,1.330,-0.479,1.823,1.633,-0.887,2.012,1.462,-0.889,2.004
310,34.571,0,1,1,1,1,0,Avatar IK kemik fallback,1,1,1,1,-40.312,-31.419,53.286,50.903,8.031,0.049,4.576,0.000,1.191,1.515,0.015,1.978,1.793,-0.469,1.876,1.340,-0.481,1.816,1.635,-0.889,2.012,1.463,-0.890,2.003
311,34.672,0,1,1,1,1,0,Avatar IK kemik fallback,1,1,1,1,-36.051,-25.710,52.203,50.337,8.241,0.045,3.639,0.000,1.453,1.514,0.015,1.981,1.779,-0.469,1.865,1.363,-0.480,1.808,1.640,-0.891,2.011,1.463,-0.890,2.003
312,34.783,0,1,1,1,1,0,Avatar IK kemik fallback,1,1,1,1,-27.246,-15.021,50.086,49.796,8.366,0.034,0.580,0.000,1.909,1.513,0.016,1.985,1.748,-0.470,1.847,1.405,-0.477,1.801,1.644,-0.894,2.008,1.464,-0.890,2.005
313,34.884,0,1,1,1,1,0,Avatar IK kemik fallback,1,1,1,1,-17.230,-1.430,49.187,50.486,8.518,0.058,2.605,0.000,2.634,1.512,0.014,1.990,1.710,-0.472,1.830,1.457,-0.475,1.802,1.645,-0.897,2.008,1.469,-0.889,2.012
314,34.995,0,1,1,1,1,0,Avatar IK kemik fallback,1,1,1,1,-14.672,2.249,49.739,51.361,8.857,0.041,3.209,0.000,3.184,1.509,0.012,1.993,1.702,-0.473,1.828,1.473,-0.475,1.804,1.645,-0.897,2.010,1.470,-0.888,2.016
315,35.095,0,1,1,1,1,0,Avatar IK kemik fallback,1,1,1,1,-13.316,3.537,49.761,51.496,9.358,0.058,3.428,0.000,3.497,1.507,0.011,1.996,1.699,-0.472,1.828,1.479,-0.475,1.805,1.647,-0.897,2.009,1.470,-0.888,2.016
316,35.207,0,1,1,1,1,0,Avatar IK kemik fallback,1,1,1,1,-12.643,4.028,49.743,51.366,9.958,0.033,3.210,0.000,3.480,1.506,0.011,1.999,1.696,-0.472,1.829,1.481,-0.475,1.808,1.646,-0.897,2.010,1.471,-0.889,2.017
317,35.307,0,1,1,1,1,0,Avatar IK kemik fallback,1,1,1,1,-11.841,4.824,49.620,51.135,10.582,0.035,3.007,0.000,3.203,1.508,0.012,2.001,1.691,-0.472,1.829,1.482,-0.474,1.811,1.645,-0.897,2.011,1.471,-0.889,2.018
318,35.419,0,1,1,1,1,0,Avatar IK kemik fallback,1,1,1,1,-10.851,5.439,49.350,50.673,11.318,0.011,2.645,0.000,3.015,1.508,0.012,2.004,1.687,-0.471,1.830,1.484,-0.473,1.814,1.645,-0.897,2.011,1.472,-0.890,2.017
319,35.543,0,1,1,1,1,0,Avatar IK kemik fallback,1,1,1,1,-11.209,5.345,49.126,50.229,12.179,0.014,2.219,0.000,3.100,1.507,0.014,2.005,1.688,-0.470,1.832,1.484,-0.472,1.816,1.645,-0.896,2.012,1.473,-0.890,2.018
320,35.652,0,1,1,1,1,0,Avatar IK kemik fallback,1,1,1,1,-11.217,5.530,48.967,50.152,12.730,0.012,2.391,0.000,3.222,1.506,0.015,2.005,1.688,-0.469,1.834,1.485,-0.471,1.818,1.644,-0.895,2.013,1.473,-0.889,2.019
321,35.753,0,1,1,1,1,0,Avatar IK kemik fallback,1,1,1,1,-11.296,5.204,48.877,50.056,12.998,0.007,2.385,0.000,3.123,1.506,0.016,2.005,1.688,-0.469,1.835,1.484,-0.471,1.817,1.643,-0.895,2.013,1.473,-0.889,2.019
322,35.863,0,1,1,1,1,0,Avatar IK kemik fallback,1,1,1,1,-11.023,4.848,48.857,49.939,13.008,0.033,2.191,0.000,2.811,1.509,0.017,2.004,1.687,-0.469,1.835,1.483,-0.471,1.817,1.642,-0.894,2.015,1.473,-0.888,2.019
323,35.964,0,1,1,1,1,0,Avatar IK kemik fallback,1,1,1,1,-10.215,5.278,48.717,49.806,12.735,0.025,2.211,0.000,2.544,1.512,0.018,2.003,1.684,-0.469,1.835,1.485,-0.470,1.818,1.640,-0.893,2.018,1.471,-0.887,2.020
324,36.075,0,1,1,1,1,0,Avatar IK kemik fallback,1,1,1,1,-12.974,5.470,48.941,49.550,12.220,0.011,1.237,0.000,2.332,1.514,0.020,2.002,1.694,-0.468,1.838,1.486,-0.469,1.819,1.638,-0.892,2.020,1.471,-0.887,2.021
325,36.175,0,1,1,1,1,0,Avatar IK kemik fallback,1,1,1,1,-27.803,-4.146,49.858,47.502,11.513,0.027,4.839,0.000,1.437,1.516,0.019,2.002,1.748,-0.465,1.856,1.453,-0.470,1.813,1.638,-0.892,2.006,1.478,-0.894,2.001
326,36.297,0,1,1,1,1,0,Avatar IK kemik fallback,1,1,1,1,-38.978,-20.611,50.712,45.943,10.290,0.037,9.868,0.000,0.136,1.518,0.024,1.997,1.791,-0.461,1.891,1.387,-0.471,1.822,1.640,-0.888,2.007,1.477,-0.895,1.992
327,36.409,0,1,1,1,1,0,Avatar IK kemik fallback,1,1,1,1,-41.652,-28.171,49.997,45.507,9.208,0.029,9.402,0.000,0.239,1.521,0.031,1.994,1.802,-0.456,1.908,1.352,-0.468,1.840,1.641,-0.885,2.008,1.471,-0.892,1.995
328,36.509,0,1,1,1,1,0,Avatar IK kemik fallback,1,1,1,1,-41.844,-30.487,49.669,45.593,8.338,0.028,8.558,0.000,0.328,1.522,0.033,1.993,1.803,-0.455,1.910,1.340,-0.467,1.848,1.641,-0.884,2.009,1.467,-0.891,1.997
329,36.621,0,1,1,1,1,0,Avatar IK kemik fallback,1,1,1,1,-41.662,-30.586,49.777,46.062,7.862,0.018,7.752,0.000,0.513,1.522,0.032,1.991,1.801,-0.457,1.906,1.339,-0.468,1.846,1.640,-0.885,2.009,1.467,-0.890,2.000
330,36.721,0,1,1,1,1,0,Avatar IK kemik fallback,1,1,1,1,-42.253,-30.831,50.546,46.922,7.915,0.021,7.438,0.000,0.660,1.522,0.029,1.989,1.803,-0.459,1.903,1.339,-0.470,1.842,1.640,-0.885,2.009,1.466,-0.890,2.001
331,36.822,0,1,1,1,1,0,Avatar IK kemik fallback,1,1,1,1,-42.337,-31.311,50.853,47.416,8.436,0.027,6.995,0.000,0.824,1.522,0.029,1.986,1.804,-0.459,1.900,1.337,-0.471,1.840,1.640,-0.885,2.010,1.467,-0.889,2.003
332,36.932,0,1,1,1,1,0,Avatar IK kemik fallback,1,1,1,1,-42.055,-31.715,51.279,47.859,9.173,0.032,6.901,0.000,0.989,1.520,0.027,1.982,1.802,-0.460,1.895,1.336,-0.473,1.838,1.640,-0.885,2.011,1.468,-0.889,2.005
333,37.034,0,1,1,1,1,0,Avatar IK kemik fallback,1,1,1,1,-41.607,-31.543,51.419,48.208,9.912,0.021,6.445,0.000,1.266,1.518,0.026,1.980,1.799,-0.461,1.892,1.337,-0.474,1.835,1.639,-0.884,2.012,1.468,-0.888,2.008
334,37.155,0,1,1,1,1,0,Avatar IK kemik fallback,1,1,1,1,-39.153,-27.822,50.863,48.481,10.741,0.013,4.794,0.000,1.709,1.516,0.025,1.978,1.790,-0.462,1.881,1.353,-0.475,1.826,1.641,-0.887,2.011,1.468,-0.887,2.011
335,37.267,0,1,1,1,1,0,Avatar IK kemik fallback,1,1,1,1,-30.290,-17.417,48.676,48.471,11.249,0.010,0.422,0.000,2.983,1.515,0.025,1.978,1.758,-0.465,1.856,1.396,-0.475,1.812,1.644,-0.891,2.008,1.470,-0.885,2.018
336,37.368,0,1,1,1,1,0,Avatar IK kemik fallback,1,1,1,1,-18.837,-5.900,46.942,48.446,11.527,0.018,3.154,0.000,3.822,1.513,0.024,1.978,1.715,-0.469,1.836,1.442,-0.474,1.808,1.643,-0.895,2.007,1.471,-0.885,2.022
337,37.478,0,1,1,1,1,0,Avatar IK kemik fallback,1,1,1,1,-11.454,4.705,47.098,49.674,11.437,0.005,5.323,0.000,3.697,1.512,0.021,1.979,1.688,-0.472,1.826,1.481,-0.473,1.808,1.643,-0.896,2.010,1.471,-0.884,2.023
338,37.581,0,1,1,1,1,0,Avatar IK kemik fallback,1,1,1,1,-10.499,8.956,47.408,50.298,11.023,0.015,5.914,0.000,3.407,1.512,0.020,1.980,1.685,-0.473,1.826,1.497,-0.472,1.810,1.642,-0.895,2.013,1.471,-0.883,2.024
339,37.690,0,1,1,1,1,0,Avatar IK kemik fallback,1,1,1,1,-14.754,5.066,47.788,49.566,10.474,0.007,3.653,0.000,3.023,1.512,0.020,1.979,1.701,-0.472,1.831,1.488,-0.473,1.807,1.640,-0.895,2.013,1.477,-0.885,2.019
340,37.790,0,1,1,1,1,0,Avatar IK kemik fallback,1,1,1,1,-15.312,4.247,47.949,49.488,9.860,0.019,3.161,0.000,2.872,1.513,0.020,1.981,1.704,-0.471,1.832,1.486,-0.472,1.807,1.639,-0.895,2.013,1.477,-0.885,2.018
341,37.902,0,1,1,1,1,0,Avatar IK kemik fallback,1,1,1,1,-15.231,3.959,47.531,49.017,9.141,0.018,3.078,0.000,2.849,1.514,0.022,1.983,1.703,-0.470,1.835,1.486,-0.471,1.809,1.638,-0.894,2.013,1.477,-0.885,2.018
342,38.002,0,1,1,1,1,0,Avatar IK kemik fallback,1,1,1,1,-15.333,2.894,46.925,48.065,8.289,0.013,2.398,0.000,2.767,1.514,0.025,1.983,1.703,-0.468,1.837,1.482,-0.470,1.811,1.638,-0.894,2.012,1.478,-0.886,2.016
343,38.113,0,1,1,1,1,0,Avatar IK kemik fallback,1,1,1,1,-14.752,2.523,46.560,47.662,7.268,0.016,2.338,0.000,2.748,1.514,0.026,1.985,1.701,-0.467,1.838,1.481,-0.469,1.813,1.637,-0.894,2.011,1.478,-0.886,2.015
344,38.225,0,1,1,1,1,0,Avatar IK kemik fallback,1,1,1,1,-14.478,2.671,46.784,47.976,6.533,0.017,2.516,0.000,2.768,1.514,0.025,1.987,1.700,-0.467,1.838,1.481,-0.469,1.814,1.637,-0.894,2.012,1.478,-0.886,2.016
345,38.347,0,1,1,1,1,0,Avatar IK kemik fallback,1,1,1,1,-14.174,2.581,46.767,48.041,5.939,0.020,2.686,0.000,2.751,1.513,0.025,1.990,1.698,-0.467,1.839,1.479,-0.468,1.815,1.637,-0.893,2.013,1.478,-0.886,2.017
346,38.448,0,1,1,1,1,0,Avatar IK kemik fallback,1,1,1,1,-13.958,2.750,46.589,47.942,5.644,0.041,2.863,0.000,2.793,1.512,0.026,1.992,1.696,-0.466,1.840,1.479,-0.467,1.817,1.638,-0.894,2.012,1.478,-0.885,2.017
347,38.559,0,1,1,1,1,0,Avatar IK kemik fallback,1,1,1,1,-13.008,4.700,45.907,47.786,5.800,0.057,4.010,0.000,3.236,1.509,0.028,1.995,1.692,-0.464,1.842,1.483,-0.465,1.821,1.640,-0.894,2.010,1.476,-0.884,2.019
348,38.660,0,1,1,1,1,0,Avatar IK kemik fallback,1,1,1,1,-10.223,7.182,44.968,47.375,6.465,0.034,5.213,0.000,3.488,1.506,0.031,1.998,1.682,-0.462,1.843,1.490,-0.462,1.827,1.643,-0.893,2.011,1.474,-0.883,2.021
349,38.771,0,1,1,1,1,0,Avatar IK kemik fallback,1,1,1,1,-11.419,4.286,44.152,45.410,7.391,0.014,2.809,0.000,2.959,1.505,0.033,2.000,1.685,-0.459,1.847,1.479,-0.460,1.829,1.644,-0.893,2.007,1.479,-0.886,2.014
350,38.873,0,1,1,1,1,0,Avatar IK kemik fallback,1,1,1,1,-27.858,-9.515,46.047,43.163,8.274,0.010,6.466,0.000,1.163,1.505,0.034,2.001,1.744,-0.455,1.873,1.429,-0.463,1.826,1.640,-0.890,2.002,1.487,-0.892,1.995
351,38.994,0,1,1,1,1,0,Avatar IK kemik fallback,1,1,1,1,-41.604,-28.681,48.441,43.045,8.674,0.058,11.794,0.000,0.175,1.506,0.040,1.995,1.795,-0.447,1.923,1.346,-0.465,1.853,1.641,-0.881,2.011,1.478,-0.889,1.995
352,39.104,0,1,1,1,1,0,Avatar IK kemik fallback,1,1,1,1,-42.547,-33.007,47.165,41.945,8.477,0.046,11.715,0.000,0.800,1.508,0.049,1.991,1.799,-0.441,1.940,1.322,-0.460,1.879,1.641,-0.877,2.013,1.471,-0.886,2.004
353,39.205,0,1,1,1,1,0,Avatar IK kemik fallback,1,1,1,1,-42.377,-33.632,47.342,42.606,8.177,0.045,10.530,0.000,1.195,1.511,0.048,1.995,1.801,-0.443,1.936,1.318,-0.460,1.882,1.643,-0.878,2.012,1.468,-0.886,2.007
354,39.317,0,1,1,1,1,0,Avatar IK kemik fallback,1,1,1,1,-43.221,-34.256,48.880,44.154,8.002,0.019,10.160,0.000,1.435,1.513,0.040,1.999,1.806,-0.447,1.930,1.317,-0.465,1.877,1.645,-0.880,2.009,1.466,-0.889,2.006
355,39.438,0,1,1,1,1,0,Avatar IK kemik fallback,1,1,1,1,-43.722,-34.772,50.008,45.270,7.922,0.028,9.946,0.000,1.559,1.514,0.034,2.001,1.809,-0.450,1.924,1.316,-0.468,1.872,1.647,-0.882,2.007,1.465,-0.892,2.005
356,39.540,0,1,1,1,1,0,Avatar IK kemik fallback,1,1,1,1,-44.045,-35.451,50.737,46.858,7.857,0.024,7.949,0.000,1.081,1.515,0.030,2.003,1.812,-0.453,1.920,1.313,-0.469,1.864,1.649,-0.884,2.006,1.463,-0.891,2.000
357,39.651,0,1,1,1,1,0,Avatar IK kemik fallback,1,1,1,1,-44.063,-35.250,51.054,47.487,7.648,0.010,7.239,0.000,0.814,1.515,0.029,2.003,1.812,-0.454,1.917,1.314,-0.468,1.858,1.649,-0.884,2.006,1.462,-0.890,1.997
358,39.751,0,1,1,1,1,0,Avatar IK kemik fallback,1,1,1,1,-44.322,-35.202,51.930,48.528,7.392,0.008,6.772,0.000,0.558,1.516,0.025,2.003,1.813,-0.456,1.912,1.316,-0.470,1.850,1.649,-0.885,2.005,1.461,-0.891,1.994
359,39.862,0,1,1,1,1,0,Avatar IK kemik fallback,1,1,1,1,-42.620,-32.817,51.812,48.745,7.088,0.007,6.101,0.000,0.544,1.515,0.022,2.003,1.806,-0.458,1.902,1.327,-0.471,1.840,1.648,-0.887,2.004,1.463,-0.892,1.992
360,39.964,0,1,1,1,1,0,Avatar IK kemik fallback,1,1,1,1,-39.411,-28.174,51.168,48.566,6.693,0.016,5.216,0.000,0.756,1.515,0.021,2.004,1.793,-0.460,1.889,1.348,-0.470,1.829,1.646,-0.889,2.003,1.463,-0.892,1.993
361,40.085,0,1,1,1,1,0,Avatar IK kemik fallback,1,1,1,1,-31.664,-18.318,49.460,48.042,6.271,0.067,2.909,0.000,1.060,1.517,0.020,2.004,1.765,-0.462,1.866,1.389,-0.469,1.815,1.647,-0.893,2.001,1.463,-0.892,1.993
362,40.196,0,1,1,1,1,0,Avatar IK kemik fallback,1,1,1,1,-11.083,1.818,48.001,49.934,6.014,0.018,3.948,0.000,2.271,1.517,0.018,2.004,1.689,-0.468,1.832,1.472,-0.467,1.809,1.642,-0.896,2.005,1.469,-0.887,2.006
363,40.298,0,1,1,1,1,0,Avatar IK kemik fallback,1,1,1,1,-6.560,9.468,49.823,52.776,5.823,0.032,5.756,0.000,2.835,1.515,0.012,2.005,1.674,-0.472,1.827,1.505,-0.469,1.810,1.638,-0.895,2.013,1.471,-0.884,2.016
364,40.408,0,1,1,1,1,0,Avatar IK kemik fallback,1,1,1,1,-13.441,4.767,50.605,52.148,5.649,0.014,3.003,0.000,2.750,1.513,0.012,2.003,1.700,-0.471,1.834,1.494,-0.471,1.807,1.635,-0.894,2.015,1.478,-0.885,2.015
365,40.530,0,1,1,1,1,0,Avatar IK kemik fallback,1,1,1,1,-12.149,5.067,49.251,50.809,5.457,0.009,3.115,0.000,2.695,1.513,0.018,2.002,1.696,-0.468,1.837,1.495,-0.468,1.811,1.637,-0.893,2.016,1.478,-0.885,2.015
366,40.632,0,1,1,1,1,0,Avatar IK kemik fallback,1,1,1,1,-12.968,3.162,48.271,49.367,5.222,0.007,2.245,0.000,2.632,1.514,0.022,2.001,1.698,-0.465,1.842,1.488,-0.466,1.815,1.635,-0.891,2.016,1.479,-0.884,2.016
367,40.743,0,1,1,1,1,0,Avatar IK kemik fallback,1,1,1,1,-12.991,2.491,46.214,47.182,4.864,0.026,2.071,0.000,2.740,1.513,0.032,2.001,1.696,-0.460,1.852,1.484,-0.461,1.824,1.634,-0.889,2.019,1.478,-0.882,2.019
368,40.856,0,1,1,1,1,0,Avatar IK kemik fallback,1,1,1,1,-13.006,2.007,42.263,42.985,4.487,0.009,1.693,0.000,2.664,1.512,0.048,2.002,1.693,-0.450,1.869,1.479,-0.451,1.841,1.632,-0.885,2.020,1.478,-0.879,2.020
369,40.976,0,1,1,1,1,0,Avatar IK kemik fallback,1,1,1,1,-11.356,2.214,34.229,34.477,3.468,0.007,0.721,0.000,2.272,1.512,0.074,2.003,1.682,-0.435,1.900,1.474,-0.436,1.875,1.630,-0.879,2.024,1.475,-0.876,2.022
370,41.100,0,1,1,1,1,0,Avatar IK kemik fallback,1,1,1,1,-8.253,2.367,23.188,22.804,2.375,0.008,1.672,0.000,1.410,1.514,0.102,2.005,1.662,-0.419,1.947,1.465,-0.419,1.925,1.624,-0.873,2.036,1.471,-0.872,2.028
371,41.210,0,1,1,1,1,0,Avatar IK kemik fallback,1,1,1,1,-4.903,1.941,11.782,11.358,2.058,0.019,3.665,0.000,1.160,1.516,0.122,2.005,1.640,-0.407,1.994,1.455,-0.406,1.976,1.618,-0.867,2.046,1.465,-0.866,2.037
372,41.321,0,1,1,1,1,0,Avatar IK kemik fallback,1,1,1,1,-5.316,1.058,9.834,8.437,2.020,0.020,15.289,0.000,0.286,1.518,0.134,2.003,1.646,-0.394,1.990,1.450,-0.394,1.970,1.627,-0.857,2.022,1.463,-0.856,2.005
373,41.422,0,1,1,1,1,0,Avatar IK kemik fallback,1,1,1,1,-3.072,0.792,7.663,6.580,2.285,0.024,15.206,0.000,0.480,1.520,0.135,2.002,1.634,-0.393,1.981,1.450,-0.393,1.967,1.620,-0.857,1.998,1.465,-0.856,1.986
374,41.533,0,1,1,1,1,0,Avatar IK kemik fallback,1,1,1,1,-3.096,0.638,7.156,6.381,2.833,0.029,11.443,0.000,0.869,1.523,0.134,2.000,1.635,-0.395,1.978,1.450,-0.394,1.967,1.621,-0.858,1.992,1.465,-0.858,1.985
375,41.633,0,1,1,1,1,0,Avatar IK kemik fallback,1,1,1,1,-3.050,0.628,7.382,6.550,3.396,0.009,11.939,0.000,0.756,1.523,0.131,2.001,1.635,-0.397,1.978,1.450,-0.397,1.968,1.621,-0.861,1.995,1.466,-0.860,1.988
376,41.744,0,1,1,1,1,0,Avatar IK kemik fallback,1,1,1,1,-3.033,0.653,7.535,8.477,3.796,0.005,11.765,0.187,0.000,1.522,0.127,2.001,1.635,-0.402,1.979,1.452,-0.400,1.958,1.622,-0.865,1.997,1.467,-0.863,1.982
377,41.845,0,1,1,1,1,0,Avatar IK kemik fallback,1,1,1,1,-3.069,0.829,7.644,7.686,4.026,0.011,0.551,0.000,0.189,1.521,0.126,2.000,1.635,-0.402,1.979,1.451,-0.401,1.963,1.622,-0.866,1.999,1.468,-0.864,1.987
378,41.956,0,1,1,1,1,0,Avatar IK kemik fallback,1,1,1,1,-3.102,0.948,7.867,6.986,4.162,0.009,11.855,0.000,0.523,1.520,0.126,1.999,1.635,-0.403,1.978,1.452,-0.402,1.967,1.622,-0.866,1.999,1.469,-0.866,1.990
379,42.078,0,1,1,1,1,0,Avatar IK kemik fallback,1,1,1,1,-3.061,0.935,7.590,6.529,4.331,0.012,15.039,0.000,0.445,1.520,0.126,1.998,1.635,-0.403,1.978,1.452,-0.402,1.969,1.622,-0.866,1.999,1.469,-0.866,1.990
380,42.190,0,1,1,1,1,0,Avatar IK kemik fallback,1,1,1,1,-3.025,0.889,7.546,6.466,4.458,0.015,15.414,0.000,0.442,1.521,0.126,1.998,1.635,-0.403,1.977,1.452,-0.403,1.968,1.623,-0.866,1.998,1.470,-0.866,1.989
381,42.303,0,1,1,1,1,0,Avatar IK kemik fallback,1,1,1,1,-3.014,0.861,7.675,6.386,4.540,0.013,18.335,0.000,0.439,1.522,0.125,1.997,1.635,-0.403,1.976,1.453,-0.403,1.968,1.623,-0.867,1.997,1.470,-0.866,1.988
382,42.424,0,1,1,1,1,0,Avatar IK kemik fallback,1,1,1,1,-2.946,0.800,7.316,6.291,4.673,0.017,15.069,0.000,0.242,1.523,0.126,1.996,1.635,-0.403,1.977,1.453,-0.402,1.967,1.623,-0.866,1.997,1.470,-0.866,1.987
383,42.535,0,1,1,1,1,0,Avatar IK kemik fallback,1,1,1,1,-2.882,0.707,7.226,6.222,4.923,0.015,14.921,0.000,0.184,1.525,0.127,1.994,1.636,-0.402,1.976,1.453,-0.401,1.966,1.623,-0.865,1.997,1.470,-0.864,1.986
384,42.636,0,1,1,1,1,0,Avatar IK kemik fallback,1,1,1,1,-2.807,0.615,7.112,6.188,5.234,0.020,13.894,0.000,0.185,1.527,0.129,1.993,1.637,-0.400,1.975,1.454,-0.399,1.965,1.623,-0.863,1.996,1.470,-0.863,1.986
385,42.747,0,1,1,1,1,0,Avatar IK kemik fallback,1,1,1,1,-2.786,0.566,7.083,6.145,5.509,0.017,14.179,0.000,0.097,1.528,0.131,1.992,1.637,-0.398,1.975,1.454,-0.398,1.965,1.622,-0.861,1.996,1.469,-0.861,1.985
386,42.847,0,1,1,1,1,0,Avatar IK kemik fallback,1,1,1,1,-2.734,0.519,7.033,6.132,5.716,0.019,13.700,0.000,0.074,1.530,0.132,1.991,1.638,-0.397,1.974,1.454,-0.397,1.964,1.623,-0.861,1.996,1.469,-0.860,1.985
387,42.958,0,1,1,1,1,0,Avatar IK kemik fallback,1,1,1,1,-2.709,0.485,7.014,6.084,5.883,0.023,14.200,0.000,0.021,1.531,0.133,1.990,1.638,-0.396,1.974,1.455,-0.396,1.964,1.622,-0.859,1.996,1.469,-0.859,1.985
388,43.059,0,1,1,1,1,0,Avatar IK kemik fallback,1,1,1,1,-2.674,0.462,6.956,6.057,6.042,0.022,13.827,0.003,0.000,1.533,0.133,1.989,1.639,-0.396,1.973,1.455,-0.395,1.964,1.622,-0.859,1.996,1.468,-0.859,1.985
389,43.170,0,1,1,1,1,0,Avatar IK kemik fallback,1,1,1,1,-2.619,0.420,6.888,6.023,6.284,0.015,13.394,0.032,0.000,1.535,0.134,1.988,1.639,-0.396,1.973,1.456,-0.395,1.963,1.622,-0.859,1.995,1.468,-0.858,1.985
390,43.272,0,1,1,1,1,0,Avatar IK kemik fallback,1,1,1,1,-2.555,0.355,6.806,5.973,6.776,0.027,13.028,0.109,0.000,1.537,0.134,1.987,1.640,-0.395,1.972,1.457,-0.395,1.962,1.622,-0.858,1.995,1.468,-0.858,1.984
391,43.394,0,1,1,1,1,0,Avatar IK kemik fallback,1,1,1,1,-2.509,0.320,6.748,5.931,7.593,0.025,12.894,0.187,0.000,1.539,0.135,1.985,1.641,-0.395,1.971,1.457,-0.394,1.962,1.622,-0.858,1.995,1.468,-0.858,1.984
392,43.504,0,1,1,1,1,0,Avatar IK kemik fallback,1,1,1,1,-2.462,0.304,6.678,5.910,8.360,0.020,12.192,0.136,0.000,1.540,0.135,1.983,1.641,-0.394,1.969,1.458,-0.394,1.961,1.622,-0.857,1.994,1.468,-0.857,1.984
393,43.627,0,1,1,1,1,0,Avatar IK kemik fallback,1,1,1,1,-2.474,0.289,6.670,5.893,9.136,0.021,12.377,0.174,0.000,1.540,0.137,1.980,1.641,-0.393,1.968,1.458,-0.392,1.960,1.622,-0.856,1.995,1.469,-0.856,1.984
394,43.728,0,1,1,1,1,0,Avatar IK kemik fallback,1,1,1,1,-2.442,0.281,6.595,5.864,9.648,0.018,11.725,0.162,0.000,1.540,0.137,1.978,1.641,-0.392,1.967,1.458,-0.392,1.959,1.622,-0.855,1.994,1.468,-0.855,1.984
395,43.839,0,1,1,1,1,0,Avatar IK kemik fallback,1,1,1,1,-2.433,0.245,6.586,5.877,9.935,0.013,11.378,0.201,0.000,1.540,0.137,1.976,1.641,-0.393,1.967,1.457,-0.393,1.958,1.622,-0.856,1.995,1.467,-0.856,1.984
396,43.962,0,1,1,1,1,0,Avatar IK kemik fallback,1,1,1,1,-2.490,0.291,6.603,5.876,10.038,0.017,11.650,0.141,0.000,1.539,0.136,1.975,1.640,-0.394,1.966,1.456,-0.393,1.957,1.621,-0.857,1.995,1.467,-0.857,1.985
397,44.084,0,1,1,1,1,0,Avatar IK kemik fallback,1,1,1,1,-2.521,0.350,6.559,5.825,9.972,0.011,11.851,0.061,0.000,1.538,0.135,1.973,1.640,-0.395,1.965,1.456,-0.394,1.956,1.621,-0.858,1.994,1.466,-0.858,1.984
398,44.207,0,1,1,1,1,0,Avatar IK kemik fallback,1,1,1,1,-2.537,0.406,6.507,5.862,9.800,0.014,10.425,0.000,0.166,1.538,0.133,1.971,1.640,-0.397,1.964,1.456,-0.396,1.956,1.621,-0.860,1.993,1.466,-0.859,1.985
399,44.317,0,1,1,1,1,0,Avatar IK kemik fallback,1,1,1,1,-2.531,0.436,6.499,5.935,9.547,0.016,9.069,0.000,0.337,1.538,0.131,1.970,1.640,-0.399,1.964,1.456,-0.399,1.955,1.622,-0.862,1.993,1.465,-0.862,1.986
400,44.418,0,1,1,1,1,0,Avatar IK kemik fallback,1,1,1,1,-2.513,0.461,6.539,6.037,9.274,0.008,7.979,0.000,0.414,1.538,0.129,1.969,1.640,-0.400,1.964,1.456,-0.400,1.955,1.622,-0.863,1.994,1.465,-0.863,1.987
401,44.528,0,1,1,1,1,0,Avatar IK kemik fallback,1,1,1,1,-2.552,0.502,6.617,6.073,8.984,0.013,8.567,0.000,0.382,1.538,0.128,1.968,1.640,-0.402,1.963,1.456,-0.402,1.954,1.621,-0.865,1.995,1.465,-0.864,1.987
402,44.630,0,1,1,1,1,0,Avatar IK kemik fallback,1,1,1,1,-2.504,0.476,6.587,6.058,8.695,0.010,8.371,0.000,0.330,1.539,0.127,1.967,1.640,-0.403,1.963,1.457,-0.402,1.954,1.621,-0.865,1.995,1.465,-0.865,1.987
403,44.752,0,1,1,1,1,0,Avatar IK kemik fallback,1,1,1,1,-2.456,0.445,6.525,6.057,8.332,0.018,7.437,0.000,0.381,1.540,0.128,1.966,1.641,-0.402,1.962,1.457,-0.401,1.953,1.622,-0.864,1.994,1.465,-0.864,1.987
404,44.864,0,1,1,1,1,0,Avatar IK kemik fallback,1,1,1,1,-2.427,0.433,6.478,6.037,8.023,0.022,7.046,0.000,0.399,1.541,0.128,1.965,1.641,-0.402,1.962,1.457,-0.401,1.953,1.622,-0.864,1.994,1.465,-0.864,1.987
405,44.985,0,1,1,1,1,0,Avatar IK kemik fallback,1,1,1,1,-2.424,0.428,6.441,6.019,7.644,0.007,6.774,0.000,0.442,1.541,0.130,1.963,1.641,-0.400,1.961,1.457,-0.399,1.952,1.622,-0.862,1.994,1.465,-0.862,1.987
406,45.085,0,1,1,1,1,0,Avatar IK kemik fallback,1,1,1,1,-2.410,0.431,6.444,6.043,7.346,0.010,6.419,0.000,0.449,1.541,0.131,1.962,1.641,-0.399,1.960,1.458,-0.398,1.952,1.622,-0.861,1.994,1.465,-0.861,1.988
407,45.197,0,1,1,1,1,0,Avatar IK kemik fallback,1,1,1,1,-2.404,0.435,6.456,6.101,7.050,0.015,5.660,0.000,0.509,1.542,0.132,1.961,1.642,-0.398,1.960,1.458,-0.398,1.951,1.622,-0.860,1.994,1.465,-0.860,1.988
408,45.319,0,1,1,1,1,0,Avatar IK kemik fallback,1,1,1,1,-2.385,0.423,6.474,6.167,6.691,0.010,4.861,0.000,0.567,1.542,0.132,1.960,1.642,-0.398,1.959,1.458,-0.398,1.951,1.622,-0.860,1.994,1.465,-0.860,1.989
409,45.421,0,1,1,1,1,0,Avatar IK kemik fallback,1,1,1,1,-2.358,0.402,6.505,6.253,6.396,0.003,3.951,0.000,0.542,1.543,0.131,1.960,1.642,-0.399,1.959,1.458,-0.399,1.951,1.622,-0.861,1.995,1.465,-0.861,1.990
410,45.531,0,1,1,1,1,0,Avatar IK kemik fallback,1,1,1,1,-2.349,0.389,6.546,6.286,6.093,0.009,4.040,0.000,0.471,1.543,0.131,1.960,1.642,-0.399,1.959,1.458,-0.398,1.951,1.622,-0.861,1.996,1.465,-0.861,1.990
411,45.643,0,1,1,1,1,0,Avatar IK kemik fallback,1,1,1,1,-2.343,0.382,6.560,6.321,5.804,0.005,3.706,0.000,0.449,1.543,0.132,1.960,1.642,-0.398,1.960,1.458,-0.398,1.951,1.622,-0.860,1.996,1.465,-0.860,1.991
412,45.746,0,1,1,1,1,0,Avatar IK kemik fallback,1,1,1,1,-2.345,0.374,6.578,6.332,5.474,0.005,3.803,0.000,0.410,1.543,0.132,1.960,1.642,-0.397,1.960,1.458,-0.397,1.951,1.622,-0.860,1.996,1.465,-0.859,1.990
413,45.855,0,1,1,1,1,0,Avatar IK kemik fallback,1,1,1,1,-2.320,0.340,6.548,6.256,5.083,0.006,4.564,0.000,0.298,1.544,0.133,1.961,1.642,-0.397,1.960,1.458,-0.396,1.951,1.622,-0.859,1.996,1.465,-0.859,1.989
414,45.966,0,1,1,1,1,0,Avatar IK kemik fallback,1,1,1,1,-2.301,0.314,6.456,6.128,4.683,0.007,5.206,0.000,0.256,1.544,0.135,1.962,1.642,-0.395,1.960,1.459,-0.395,1.952,1.622,-0.858,1.995,1.466,-0.858,1.988
415,46.088,0,1,1,1,1,0,Avatar IK kemik fallback,1,1,1,1,-2.317,0.331,6.450,6.094,4.202,0.015,5.673,0.000,0.226,1.543,0.136,1.963,1.642,-0.394,1.960,1.458,-0.394,1.952,1.622,-0.856,1.994,1.466,-0.856,1.987
416,46.189,0,1,1,1,1,0,Avatar IK kemik fallback,1,1,1,1,-2.354,0.360,6.502,6.141,3.778,0.026,5.712,0.000,0.235,1.542,0.135,1.964,1.642,-0.394,1.961,1.458,-0.394,1.952,1.622,-0.857,1.995,1.466,-0.857,1.988
417,46.300,0,1,1,1,1,0,Avatar IK kemik fallback,1,1,1,1,-2.393,0.382,6.667,6.244,3.355,0.007,6.557,0.000,0.160,1.542,0.135,1.964,1.641,-0.395,1.962,1.458,-0.395,1.953,1.621,-0.857,1.997,1.465,-0.857,1.989
418,46.423,0,1,1,1,1,0,Avatar IK kemik fallback,1,1,1,1,-2.417,0.393,6.939,6.476,2.855,0.017,6.903,0.000,0.161,1.541,0.133,1.965,1.641,-0.397,1.963,1.457,-0.396,1.954,1.621,-0.859,2.000,1.465,-0.859,1.992
419,46.544,0,1,1,1,1,0,Avatar IK kemik fallback,1,1,1,1,-2.431,0.396,7.098,6.751,2.515,0.011,5.018,0.000,0.291,1.540,0.131,1.965,1.640,-0.399,1.963,1.457,-0.399,1.954,1.621,-0.861,2.002,1.465,-0.861,1.995
420,46.657,0,1,1,1,1,0,Avatar IK kemik fallback,1,1,1,1,-2.462,0.438,7.242,6.837,2.450,0.002,5.747,0.000,0.249,1.539,0.129,1.966,1.640,-0.401,1.964,1.457,-0.401,1.955,1.620,-0.863,2.004,1.465,-0.863,1.996
421,46.769,0,1,1,1,1,0,Avatar IK kemik fallback,1,1,1,1,-2.458,0.461,7.235,6.894,2.552,0.001,4.826,0.000,0.288,1.539,0.127,1.966,1.640,-0.403,1.964,1.457,-0.403,1.955,1.620,-0.865,2.004,1.465,-0.865,1.996
422,46.891,0,1,1,1,1,0,Avatar IK kemik fallback,1,1,1,1,-2.463,0.445,7.251,7.340,2.789,0.000,1.218,0.000,0.053,1.539,0.125,1.967,1.640,-0.405,1.964,1.457,-0.405,1.952,1.620,-0.867,2.004,1.465,-0.867,1.994
423,47.001,0,1,1,1,1,0,Avatar IK kemik fallback,1,1,1,1,-2.451,0.403,7.227,7.833,2.988,0.009,8.052,0.175,0.000,1.540,0.124,1.967,1.640,-0.406,1.964,1.457,-0.405,1.949,1.620,-0.867,2.003,1.465,-0.867,1.992
424,47.113,0,1,1,1,1,0,Avatar IK kemik fallback,1,1,1,1,-2.439,0.414,7.206,8.040,3.155,0.001,10.936,0.257,0.000,1.540,0.124,1.967,1.640,-0.406,1.964,1.457,-0.405,1.948,1.620,-0.868,2.003,1.465,-0.867,1.990
425,47.213,0,1,1,1,1,0,Avatar IK kemik fallback,1,1,1,1,-2.425,0.422,7.151,6.841,3.246,0.008,4.428,0.000,0.271,1.540,0.125,1.968,1.640,-0.405,1.964,1.457,-0.404,1.955,1.620,-0.867,2.002,1.465,-0.866,1.995
426,47.324,0,1,1,1,1,0,Avatar IK kemik fallback,1,1,1,1,-2.395,0.408,7.047,6.708,3.261,0.010,4.932,0.000,0.189,1.540,0.127,1.968,1.640,-0.403,1.964,1.457,-0.402,1.955,1.621,-0.865,2.001,1.465,-0.865,1.993
427,47.436,0,1,1,1,1,0,Avatar IK kemik fallback,1,1,1,1,-2.394,0.371,6.978,6.596,3.208,0.005,5.638,0.000,0.158,1.540,0.129,1.969,1.640,-0.401,1.964,1.457,-0.400,1.955,1.621,-0.863,2.000,1.466,-0.863,1.992
428,47.558,0,1,1,1,1,0,Avatar IK kemik fallback,1,1,1,1,-2.407,0.358,6.959,6.492,3.068,0.000,6.937,0.000,0.107,1.540,0.131,1.969,1.640,-0.399,1.964,1.457,-0.399,1.955,1.621,-0.861,1.999,1.466,-0.861,1.991
429,47.670,0,1,1,1,1,0,Avatar IK kemik fallback,1,1,1,1,-2.435,0.385,6.951,6.426,2.925,0.011,7.855,0.000,0.105,1.539,0.132,1.969,1.640,-0.398,1.964,1.457,-0.398,1.955,1.621,-0.860,1.999,1.466,-0.860,1.990
430,47.781,0,1,1,1,1,0,Avatar IK kemik fallback,1,1,1,1,-2.457,0.419,6.927,6.407,2.774,0.006,7.795,0.000,0.156,1.538,0.132,1.969,1.640,-0.398,1.964,1.456,-0.397,1.955,1.621,-0.860,1.998,1.466,-0.860,1.990
431,47.893,0,1,1,1,1,0,Avatar IK kemik fallback,1,1,1,1,-2.442,0.384,6.888,6.330,2.594,0.003,8.453,0.000,0.105,1.538,0.132,1.970,1.640,-0.398,1.964,1.457,-0.397,1.955,1.622,-0.860,1.998,1.467,-0.860,1.989
432,47.993,0,1,1,1,1,0,Avatar IK kemik fallback,1,1,1,1,-2.433,0.398,6.840,6.298,2.368,0.003,8.250,0.000,0.137,1.538,0.132,1.970,1.640,-0.397,1.964,1.457,-0.397,1.955,1.622,-0.860,1.997,1.467,-0.860,1.989
433,48.103,0,1,1,1,1,0,Avatar IK kemik fallback,1,1,1,1,-2.436,0.388,6.840,6.256,2.174,0.009,8.932,0.000,0.059,1.538,0.133,1.970,1.640,-0.397,1.964,1.457,-0.397,1.955,1.622,-0.859,1.997,1.467,-0.859,1.988
434,48.216,0,1,1,1,1,0,Avatar IK kemik fallback,1,1,1,1,-2.455,0.417,6.870,6.304,2.041,0.003,8.584,0.000,0.093,1.538,0.133,1.970,1.640,-0.397,1.964,1.456,-0.397,1.955,1.622,-0.859,1.998,1.467,-0.859,1.989
435,48.339,0,1,1,1,1,0,Avatar IK kemik fallback,1,1,1,1,-2.439,0.414,6.893,6.367,1.896,0.010,7.932,0.000,0.112,1.538,0.133,1.970,1.640,-0.396,1.964,1.457,-0.396,1.956,1.622,-0.859,1.998,1.467,-0.859,1.990
436,48.450,0,1,1,1,1,0,Avatar IK kemik fallback,1,1,1,1,-2.433,0.395,6.899,6.367,1.819,0.006,8.009,0.000,0.086,1.538,0.134,1.971,1.640,-0.396,1.964,1.457,-0.396,1.956,1.622,-0.858,1.998,1.467,-0.858,1.990
437,48.560,0,1,1,1,1,0,Avatar IK kemik fallback,1,1,1,1,-2.413,0.382,6.831,6.322,1.746,0.008,7.741,0.000,0.091,1.539,0.135,1.971,1.640,-0.395,1.964,1.457,-0.395,1.956,1.622,-0.857,1.997,1.467,-0.857,1.989
438,48.661,0,1,1,1,1,0,Avatar IK kemik fallback,1,1,1,1,-2.408,0.378,6.738,6.211,1.668,0.008,8.138,0.000,0.079,1.539,0.137,1.971,1.640,-0.393,1.964,1.457,-0.393,1.955,1.622,-0.856,1.996,1.467,-0.856,1.987
439,48.772,0,1,1,1,1,0,Avatar IK kemik fallback,1,1,1,1,-2.380,0.321,6.414,5.854,1.557,0.022,9.132,0.005,0.000,1.540,0.139,1.969,1.641,-0.390,1.962,1.458,-0.390,1.954,1.622,-0.853,1.992,1.468,-0.853,1.983
440,48.884,0,1,1,1,1,0,Avatar IK kemik fallback,1,1,1,1,-2.353,0.228,5.792,5.248,1.506,0.035,9.863,0.000,0.011,1.541,0.144,1.967,1.641,-0.386,1.959,1.458,-0.386,1.952,1.623,-0.849,1.984,1.469,-0.849,1.976
441,48.984,0,1,1,1,1,0,Avatar IK kemik fallback,1,1,1,1,-2.317,0.114,4.983,4.425,1.819,0.036,11.869,0.008,0.000,1.542,0.148,1.964,1.642,-0.382,1.956,1.458,-0.382,1.949,1.624,-0.845,1.974,1.470,-0.845,1.966
442,49.097,0,1,1,1,1,0,Avatar IK kemik fallback,1,1,1,1,-2.301,0.000,4.104,3.303,2.742,0.068,21.629,0.227,0.000,1.542,0.153,1.958,1.642,-0.377,1.952,1.458,-0.377,1.945,1.625,-0.840,1.963,1.471,-0.840,1.954
443,49.208,0,1,1,1,1,0,Avatar IK kemik fallback,1,1,1,1,-2.201,-0.133,3.115,2.193,4.291,0.107,34.743,0.297,0.000,1.543,0.155,1.952,1.642,-0.375,1.947,1.459,-0.374,1.941,1.626,-0.838,1.950,1.473,-0.838,1.942
444,49.318,0,1,1,1,1,0,Avatar IK kemik fallback,1,1,1,1,-4.134,-0.384,9.097,0.829,6.559,0.128,166.575,4.829,0.000,1.545,0.154,1.943,1.654,-0.373,1.997,1.459,-0.375,1.935,1.634,-0.836,1.975,1.474,-0.839,1.927
445,49.419,0,1,1,1,1,0,Avatar IK kemik fallback,1,1,1,1,-3.153,-1.028,10.324,10.091,9.259,0.133,2.278,0.676,0.000,1.549,0.152,1.931,1.652,-0.375,1.990,1.458,-0.375,1.987,1.633,-0.838,1.961,1.474,-0.838,1.953
446,49.531,0,1,1,1,1,0,Avatar IK kemik fallback,1,1,1,1,-2.356,-1.525,11.930,11.908,13.988,0.112,0.189,1.025,0.000,1.553,0.144,1.915,1.652,-0.382,1.980,1.460,-0.383,1.978,1.633,-0.844,1.944,1.476,-0.844,1.935
447,49.641,0,1,1,1,1,0,Avatar IK kemik fallback,1,1,1,1,-1.852,-3.031,15.543,20.026,19.672,0.160,25.207,0.000,0.600,1.556,0.129,1.896,1.653,-0.394,1.980,1.456,-0.390,2.005,1.635,-0.856,1.934,1.475,-0.850,1.943
448,49.753,0,1,1,1,1,0,Avatar IK kemik fallback,1,1,1,1,-2.226,-4.601,26.976,29.390,25.880,0.177,8.566,0.417,0.000,1.557,0.111,1.878,1.660,-0.395,2.029,1.452,-0.393,2.042,1.640,-0.854,1.959,1.473,-0.849,1.960
449,49.864,0,1,1,1,1,0,Avatar IK kemik fallback,1,1,1,1,-1.576,-6.109,35.850,37.569,32.848,0.203,4.682,0.743,0.000,1.557,0.088,1.857,1.662,-0.398,2.057,1.449,-0.397,2.069,1.644,-0.853,1.969,1.472,-0.850,1.971
450,49.975,0,1,1,1,1,0,Avatar IK kemik fallback,1,1,1,1,0.537,-8.848,43.273,44.908,40.380,0.208,3.708,1.629,0.000,1.555,0.062,1.835,1.663,-0.401,2.075,1.448,-0.402,2.091,1.645,-0.854,1.977,1.472,-0.852,1.979
451,50.076,0,1,1,1,1,0,Avatar IK kemik fallback,1,1,1,1,3.162,-11.953,48.580,50.230,46.489,0.168,3.341,2.485,0.000,1.553,0.040,1.819,1.663,-0.403,2.086,1.448,-0.407,2.107,1.646,-0.855,1.981,1.473,-0.853,1.983
452,50.187,0,1,1,1,1,0,Avatar IK kemik fallback,1,1,1,1,8.359,-17.715,55.422,56.765,53.963,0.126,2.395,3.466,0.000,1.550,0.008,1.802,1.664,-0.406,2.099,1.448,-0.414,2.128,1.647,-0.856,1.985,1.474,-0.857,1.992
453,50.300,0,1,1,1,1,0,Avatar IK kemik fallback,1,1,1,1,13.308,-23.273,59.515,60.855,60.393,0.032,2.226,4.545,0.000,1.547,-0.014,1.794,1.665,-0.408,2.106,1.448,-0.420,2.143,1.647,-0.856,1.988,1.474,-0.860,1.998
454,50.410,0,1,1,1,1,0,Avatar IK kemik fallback,1,1,1,1,16.758,-26.511,62.654,63.541,65.013,0.009,1.406,4.865,0.000,1.546,-0.030,1.794,1.665,-0.411,2.116,1.448,-0.426,2.157,1.648,-0.857,1.991,1.475,-0.864,2.005
455,50.532,0,1,1,1,1,0,Avatar IK kemik fallback,1,1,1,1,21.306,-30.018,64.578,65.434,68.176,0.031,1.316,5.682,0.000,1.548,-0.036,1.796,1.663,-0.412,2.120,1.449,-0.430,2.165,1.649,-0.856,1.987,1.473,-0.864,2.002
456,50.645,0,1,1,1,1,0,Avatar IK kemik fallback,1,1,1,1,20.026,-28.010,64.824,65.198,68.933,0.034,0.575,4.717,0.000,1.552,-0.033,1.800,1.661,-0.412,2.124,1.448,-0.428,2.164,1.649,-0.855,1.984,1.471,-0.862,2.002
457,50.755,0,1,1,1,1,0,Avatar IK kemik fallback,1,1,1,1,16.818,-25.000,63.954,64.614,68.101,0.028,1.026,4.226,0.000,1.554,-0.029,1.805,1.660,-0.414,2.127,1.446,-0.427,2.162,1.649,-0.856,1.987,1.471,-0.861,2.000
458,50.866,0,1,1,1,1,0,Avatar IK kemik fallback,1,1,1,1,14.517,-22.337,63.845,64.473,65.949,0.019,0.979,3.617,0.000,1.556,-0.028,1.807,1.660,-0.415,2.131,1.446,-0.426,2.161,1.649,-0.856,1.989,1.470,-0.861,2.000
459,50.980,0,1,1,1,1,0,Avatar IK kemik fallback,1,1,1,1,15.617,-23.721,64.455,65.141,62.674,0.036,1.060,3.888,0.000,1.557,-0.032,1.808,1.660,-0.416,2.134,1.446,-0.428,2.165,1.648,-0.857,1.991,1.470,-0.862,2.002
460,51.101,0,1,1,1,1,0,Avatar IK kemik fallback,1,1,1,1,21.672,-30.125,65.787,66.280,58.338,0.018,0.748,4.963,0.000,1.560,-0.039,1.807,1.661,-0.416,2.133,1.445,-0.432,2.173,1.648,-0.857,1.989,1.469,-0.864,2.005
461,51.211,0,1,1,1,1,0,Avatar IK kemik fallback,1,1,1,1,24.307,-32.689,65.821,66.147,52.983,0.031,0.493,5.279,0.000,1.562,-0.039,1.807,1.660,-0.415,2.131,1.444,-0.433,2.175,1.648,-0.856,1.987,1.468,-0.865,2.006
462,51.312,0,1,1,1,1,0,Avatar IK kemik fallback,1,1,1,1,24.284,-32.277,65.104,65.356,47.950,0.038,0.386,5.049,0.000,1.565,-0.033,1.809,1.659,-0.414,2.129,1.445,-0.431,2.172,1.648,-0.855,1.984,1.469,-0.863,2.005
463,51.412,0,1,1,1,1,0,Avatar IK kemik fallback,1,1,1,1,23.901,-31.580,64.258,64.448,42.334,0.027,0.294,4.806,0.000,1.567,-0.028,1.810,1.658,-0.414,2.127,1.445,-0.430,2.169,1.648,-0.854,1.983,1.469,-0.863,2.004
464,51.524,0,1,1,1,1,0,Avatar IK kemik fallback,1,1,1,1,26.676,-34.294,64.564,64.476,35.183,0.032,0.137,5.165,0.000,1.570,-0.028,1.809,1.658,-0.412,2.123,1.444,-0.430,2.169,1.648,-0.853,1.979,1.469,-0.863,2.003
465,51.646,0,1,1,1,1,0,Avatar IK kemik fallback,1,1,1,1,33.509,-41.558,65.853,65.408,28.199,0.041,0.678,6.644,0.000,1.571,-0.034,1.804,1.660,-0.410,2.118,1.442,-0.433,2.174,1.648,-0.851,1.975,1.468,-0.865,2.007
466,51.771,0,1,1,1,1,0,Avatar IK kemik fallback,1,1,1,1,40.894,-49.344,67.136,66.353,21.760,0.036,1.174,8.468,0.000,1.572,-0.042,1.798,1.661,-0.407,2.111,1.439,-0.436,2.180,1.648,-0.849,1.971,1.466,-0.867,2.012
467,51.880,0,1,1,1,1,0,Avatar IK kemik fallback,1,1,1,1,40.623,-49.028,67.338,66.501,16.269,0.027,1.251,8.242,0.000,1.573,-0.045,1.795,1.662,-0.408,2.112,1.439,-0.436,2.180,1.648,-0.850,1.973,1.466,-0.868,2.014
468,52.003,0,1,1,1,1,0,Avatar IK kemik fallback,1,1,1,1,34.084,-42.607,66.239,65.763,12.812,0.017,0.722,6.478,0.000,1.573,-0.043,1.793,1.662,-0.409,2.115,1.443,-0.432,2.174,1.647,-0.853,1.980,1.467,-0.867,2.015
469,52.114,0,1,1,1,1,0,Avatar IK kemik fallback,1,1,1,1,27.185,-35.928,64.211,64.316,11.622,0.017,0.163,5.160,0.000,1.574,-0.037,1.792,1.663,-0.410,2.115,1.446,-0.428,2.165,1.645,-0.856,1.988,1.468,-0.867,2.015
470,52.226,0,1,1,1,1,0,Avatar IK kemik fallback,1,1,1,1,24.795,-33.726,63.210,63.708,11.836,0.034,0.784,4.919,0.000,1.574,-0.035,1.789,1.664,-0.410,2.113,1.447,-0.426,2.159,1.644,-0.857,1.990,1.469,-0.866,2.014
471,52.327,0,1,1,1,1,0,Avatar IK kemik fallback,1,1,1,1,26.981,-36.018,63.592,64.120,12.223,0.060,0.827,5.306,0.000,1.575,-0.038,1.784,1.664,-0.409,2.109,1.447,-0.426,2.159,1.644,-0.856,1.989,1.470,-0.867,2.014
472,52.436,0,1,1,1,1,0,Avatar IK kemik fallback,1,1,1,1,34.026,-43.359,64.729,65.054,12.815,0.075,0.501,6.645,0.000,1.577,-0.044,1.777,1.664,-0.406,2.101,1.445,-0.429,2.163,1.644,-0.855,1.983,1.469,-0.868,2.016
473,52.548,0,1,1,1,1,0,Avatar IK kemik fallback,1,1,1,1,45.339,-55.021,65.766,65.751,13.942,0.073,0.023,9.540,0.000,1.579,-0.050,1.769,1.665,-0.402,2.085,1.438,-0.432,2.168,1.643,-0.851,1.972,1.468,-0.871,2.021
474,52.648,0,1,1,1,1,0,Avatar IK kemik fallback,1,1,1,1,55.239,-63.748,66.338,66.045,15.752,0.086,0.442,13.695,0.000,1.581,-0.054,1.760,1.666,-0.397,2.065,1.427,-0.434,2.169,1.640,-0.848,1.959,1.465,-0.873,2.025
475,52.759,0,1,1,1,1,0,Avatar IK kemik fallback,1,1,1,1,62.925,-65.901,66.773,66.355,18.031,0.088,0.627,19.171,0.000,1.582,-0.056,1.753,1.666,-0.394,2.045,1.415,-0.431,2.162,1.635,-0.846,1.945,1.460,-0.873,2.025
476,52.861,0,1,1,1,1,0,Avatar IK kemik fallback,1,1,1,1,67.604,-52.231,67.601,67.055,20.522,0.099,0.811,23.714,0.000,1.582,-0.059,1.744,1.663,-0.391,2.030,1.411,-0.420,2.137,1.626,-0.844,1.933,1.457,-0.865,2.014
477,52.982,0,1,1,1,1,0,Avatar IK kemik fallback,1,1,1,1,66.823,-28.442,68.539,67.640,23.810,0.061,1.320,21.878,0.000,1.584,-0.063,1.737,1.663,-0.391,2.029,1.420,-0.409,2.111,1.622,-0.843,1.932,1.459,-0.858,1.997
478,53.085,0,1,1,1,1,0,Avatar IK kemik fallback,1,1,1,1,65.228,-14.728,69.047,67.856,26.181,0.037,1.740,19.635,0.000,1.586,-0.065,1.732,1.663,-0.392,2.031,1.427,-0.404,2.098,1.622,-0.844,1.933,1.460,-0.854,1.989
479,53.194,0,1,1,1,1,0,Avatar IK kemik fallback,1,1,1,1,64.163,-7.769,69.351,67.950,28.170,0.028,2.040,18.320,0.000,1.587,-0.067,1.728,1.664,-0.392,2.032,1.431,-0.402,2.091,1.622,-0.844,1.933,1.461,-0.853,1.985
480,53.316,0,1,1,1,1,0,Avatar IK kemik fallback,1,1,1,1,64.309,-9.434,69.154,67.732,28.878,0.031,2.077,18.568,0.000,1.589,-0.067,1.726,1.663,-0.392,2.030,1.431,-0.402,2.090,1.621,-0.844,1.932,1.461,-0.853,1.986
481,53.428,0,1,1,1,1,0,Avatar IK kemik fallback,1,1,1,1,65.258,-16.525,68.711,67.456,28.490,0.017,1.844,19.811,0.000,1.589,-0.065,1.725,1.663,-0.391,2.026,1.429,-0.403,2.094,1.620,-0.844,1.931,1.461,-0.854,1.990
482,53.531,0,1,1,1,1,0,Avatar IK kemik fallback,1,1,1,1,66.592,-28.249,68.283,67.380,27.657,0.011,1.332,21.581,0.000,1.590,-0.065,1.726,1.663,-0.391,2.022,1.424,-0.406,2.103,1.620,-0.844,1.930,1.460,-0.857,1.997
483,53.639,0,1,1,1,1,0,Avatar IK kemik fallback,1,1,1,1,67.216,-35.803,68.048,67.291,26.152,0.005,1.119,22.553,0.000,1.591,-0.064,1.727,1.663,-0.391,2.021,1.421,-0.408,2.109,1.620,-0.844,1.930,1.459,-0.859,2.002
484,53.750,0,1,1,1,1,0,Avatar IK kemik fallback,1,1,1,1,67.382,-41.113,67.742,67.259,23.299,0.026,0.716,22.961,0.000,1.591,-0.063,1.728,1.663,-0.391,2.020,1.419,-0.410,2.115,1.621,-0.844,1.930,1.459,-0.860,2.005
485,53.851,0,1,1,1,1,0,Avatar IK kemik fallback,1,1,1,1,67.382,-47.660,67.387,66.999,19.474,0.051,0.577,23.290,0.000,1.590,-0.062,1.731,1.663,-0.391,2.020,1.416,-0.413,2.123,1.621,-0.845,1.930,1.458,-0.862,2.011
486,53.962,0,1,1,1,1,0,Avatar IK kemik fallback,1,1,1,1,66.818,-54.177,66.874,66.586,13.781,0.053,0.432,23.043,0.000,1.589,-0.059,1.736,1.664,-0.392,2.022,1.415,-0.417,2.133,1.623,-0.846,1.931,1.458,-0.865,2.017
487,54.062,0,1,1,1,1,0,Avatar IK kemik fallback,1,1,1,1,66.590,-54.899,66.715,66.318,9.265,0.016,0.597,22.968,0.000,1.588,-0.058,1.738,1.664,-0.393,2.023,1.414,-0.418,2.136,1.624,-0.846,1.931,1.458,-0.866,2.018
488,54.162,0,1,1,1,1,0,Avatar IK kemik fallback,1,1,1,1,66.287,-56.616,66.586,66.185,6.378,0.048,0.603,22.798,0.000,1.587,-0.057,1.742,1.665,-0.393,2.026,1.413,-0.420,2.140,1.625,-0.846,1.933,1.458,-0.867,2.020
489,54.262,0,1,1,1,1,0,Avatar IK kemik fallback,1,1,1,1,66.680,-55.016,66.830,66.291,6.040,0.010,0.810,23.160,0.000,1.587,-0.057,1.743,1.665,-0.393,2.027,1.413,-0.420,2.139,1.625,-0.846,1.932,1.458,-0.866,2.019
490,54.363,0,1,1,1,1,0,Avatar IK kemik fallback,1,1,1,1,67.113,-51.213,67.103,66.519,6.849,0.050,0.874,23.626,0.000,1.586,-0.058,1.745,1.665,-0.393,2.029,1.412,-0.418,2.136,1.625,-0.846,1.933,1.457,-0.865,2.017
491,54.475,0,1,1,1,1,0,Avatar IK kemik fallback,1,1,1,1,67.320,-45.646,67.392,66.790,7.690,0.019,0.898,23.756,0.000,1.584,-0.058,1.746,1.664,-0.393,2.030,1.412,-0.416,2.131,1.625,-0.845,1.933,1.458,-0.863,2.013
492,54.585,0,1,1,1,1,0,Avatar IK kemik fallback,1,1,1,1,67.300,-42.548,67.516,66.851,8.271,0.013,0.990,23.707,0.000,1.583,-0.059,1.748,1.663,-0.393,2.032,1.411,-0.416,2.129,1.625,-0.845,1.934,1.458,-0.863,2.012
493,54.699,0,1,1,1,1,0,Avatar IK kemik fallback,1,1,1,1,67.290,-43.199,67.477,66.850,8.352,0.006,0.934,23.770,0.000,1.583,-0.058,1.750,1.663,-0.393,2.033,1.411,-0.417,2.130,1.626,-0.845,1.935,1.457,-0.863,2.012
494,54.808,0,1,1,1,1,0,Avatar IK kemik fallback,1,1,1,1,67.348,-40.937,67.668,66.868,8.017,0.016,1.190,23.733,0.000,1.583,-0.058,1.751,1.664,-0.393,2.035,1.411,-0.416,2.129,1.626,-0.845,1.935,1.457,-0.863,2.011
495,54.920,0,1,1,1,1,0,Avatar IK kemik fallback,1,1,1,1,67.312,-36.541,67.991,66.956,7.185,0.008,1.534,23.424,0.000,1.584,-0.059,1.751,1.664,-0.393,2.036,1.413,-0.414,2.125,1.625,-0.844,1.935,1.457,-0.862,2.008
496,55.020,0,1,1,1,1,0,Avatar IK kemik fallback,1,1,1,1,66.208,-25.565,68.163,66.860,5.972,0.010,1.931,21.945,0.000,1.585,-0.056,1.749,1.664,-0.393,2.036,1.419,-0.409,2.114,1.623,-0.843,1.932,1.459,-0.857,1.999
497,55.120,0,1,1,1,1,0,Avatar IK kemik fallback,1,1,1,1,65.817,-29.471,67.170,65.942,4.893,0.041,1.845,21.973,0.000,1.584,-0.048,1.752,1.662,-0.392,2.032,1.420,-0.409,2.115,1.621,-0.842,1.927,1.460,-0.857,1.997
498,55.232,0,1,1,1,1,0,Avatar IK kemik fallback,1,1,1,1,62.554,-58.294,63.839,63.171,4.808,0.098,1.052,20.728,0.000,1.583,-0.030,1.761,1.662,-0.391,2.027,1.415,-0.421,2.143,1.626,-0.842,1.923,1.461,-0.863,2.010
499,55.343,0,1,1,1,1,0,Avatar IK kemik fallback,1,1,1,1,22.647,-32.659,57.172,58.086,9.126,0.208,1.587,4.058,0.000,1.579,0.005,1.787,1.663,-0.402,2.078,1.446,-0.413,2.129,1.642,-0.850,1.961,1.472,-0.855,1.991
500,55.445,0,1,1,1,1,0,Avatar IK kemik fallback,1,1,1,1,6.087,-14.451,49.919,51.665,17.146,0.237,3.439,1.522,0.000,1.576,0.039,1.819,1.662,-0.404,2.086,1.449,-0.405,2.107,1.643,-0.852,1.969,1.473,-0.850,1.977
501,55.567,0,1,1,1,1,0,Avatar IK kemik fallback,1,1,1,1,1.348,-8.957,40.538,42.419,27.016,0.401,4.535,0.514,0.000,1.573,0.077,1.849,1.662,-0.400,2.068,1.450,-0.398,2.083,1.644,-0.852,1.965,1.473,-0.848,1.970
502,55.688,0,1,1,1,1,0,Avatar IK kemik fallback,1,1,1,1,-1.550,-5.068,28.380,30.489,36.943,0.192,7.162,0.000,0.602,1.568,0.111,1.880,1.661,-0.395,2.033,1.454,-0.392,2.045,1.643,-0.852,1.953,1.475,-0.848,1.960
503,55.800,0,1,1,1,1,0,Avatar IK kemik fallback,1,1,1,1,-1.947,-2.587,13.638,17.600,46.190,0.230,25.366,0.000,2.278,1.564,0.133,1.906,1.656,-0.393,1.976,1.460,-0.389,1.998,1.638,-0.854,1.927,1.478,-0.849,1.944
504,55.902,0,1,1,1,1,0,Avatar IK kemik fallback,1,1,1,1,-2.307,-2.021,11.565,11.359,53.791,0.187,1.790,0.000,0.491,1.563,0.147,1.926,1.657,-0.380,1.987,1.462,-0.379,1.984,1.637,-0.841,1.947,1.478,-0.842,1.947
505,56.011,0,1,1,1,1,0,Avatar IK kemik fallback,1,1,1,1,-2.712,-2.208,9.838,9.266,62.704,0.154,5.985,0.000,0.708,1.563,0.155,1.942,1.658,-0.373,1.997,1.459,-0.373,1.994,1.637,-0.835,1.965,1.474,-0.836,1.968
506,56.112,0,1,1,1,1,0,Avatar IK kemik fallback,1,1,1,1,-1.558,-1.206,2.037,2.358,70.572,0.110,14.610,0.000,0.807,1.562,0.155,1.956,1.652,-0.375,1.947,1.466,-0.375,1.945,1.632,-0.838,1.941,1.477,-0.839,1.945
507,56.223,0,1,1,1,1,0,Avatar IK kemik fallback,1,1,1,1,-1.648,-0.982,3.384,3.686,77.441,0.151,8.533,0.000,0.562,1.561,0.150,1.971,1.651,-0.380,1.957,1.465,-0.380,1.954,1.630,-0.843,1.960,1.474,-0.844,1.961
508,56.335,0,1,1,1,1,0,Avatar IK kemik fallback,1,1,1,1,-1.847,-0.703,4.630,4.881,83.286,0.118,5.282,0.000,0.695,1.557,0.144,1.982,1.650,-0.386,1.965,1.463,-0.385,1.961,1.628,-0.849,1.973,1.472,-0.849,1.975
509,56.446,0,1,1,1,1,0,Avatar IK kemik fallback,1,1,1,1,-2.025,-0.487,5.681,5.763,87.886,0.074,1.432,0.000,0.590,1.554,0.136,1.991,1.648,-0.394,1.971,1.462,-0.393,1.967,1.626,-0.857,1.985,1.470,-0.857,1.984
510,56.546,0,1,1,1,1,0,Avatar IK kemik fallback,1,1,1,1,-2.092,-0.664,8.321,11.906,90.932,0.059,35.456,1.668,0.000,1.555,0.124,1.998,1.649,-0.404,1.963,1.462,-0.401,1.935,1.626,-0.867,1.984,1.469,-0.864,1.963
511,56.659,0,1,1,1,1,0,Avatar IK kemik fallback,1,1,1,1,-2.327,-0.753,13.957,16.353,92.166,0.047,15.809,1.411,0.000,1.555,0.114,2.003,1.651,-0.409,1.934,1.461,-0.406,1.913,1.627,-0.871,1.968,1.467,-0.868,1.950
512,56.780,0,1,1,1,1,0,Avatar IK kemik fallback,1,1,1,1,-2.565,-0.607,17.566,19.454,91.173,0.045,10.203,1.137,0.000,1.554,0.107,2.007,1.651,-0.413,1.918,1.461,-0.409,1.899,1.626,-0.874,1.959,1.466,-0.871,1.944
513,56.891,0,1,1,1,1,0,Avatar IK kemik fallback,1,1,1,1,-2.549,-0.316,16.761,18.309,88.313,0.031,8.826,0.799,0.000,1.553,0.109,2.011,1.651,-0.411,1.926,1.464,-0.409,1.909,1.626,-0.873,1.966,1.469,-0.871,1.953
514,56.992,0,1,1,1,1,0,Avatar IK kemik fallback,1,1,1,1,-2.505,-0.257,16.249,17.636,83.624,0.020,8.186,0.488,0.000,1.553,0.110,2.013,1.651,-0.411,1.930,1.465,-0.408,1.915,1.626,-0.872,1.968,1.470,-0.870,1.956
515,57.103,0,1,1,1,1,0,Avatar IK kemik fallback,1,1,1,1,-2.463,-0.267,16.356,17.482,77.304,0.016,6.654,0.404,0.000,1.554,0.110,2.015,1.652,-0.411,1.930,1.466,-0.409,1.917,1.627,-0.872,1.967,1.471,-0.871,1.956
516,57.215,0,1,1,1,1,0,Avatar IK kemik fallback,1,1,1,1,-2.430,-0.269,16.377,17.504,69.709,0.016,6.655,0.512,0.000,1.555,0.110,2.016,1.652,-0.410,1.930,1.466,-0.408,1.917,1.626,-0.872,1.966,1.472,-0.871,1.956
517,57.327,0,1,1,1,1,0,Avatar IK kemik fallback,1,1,1,1,-2.438,-0.259,16.740,17.860,61.635,0.007,6.476,0.572,0.000,1.556,0.109,2.017,1.651,-0.411,1.928,1.466,-0.409,1.916,1.626,-0.873,1.965,1.472,-0.871,1.955
518,57.450,0,1,1,1,1,0,Avatar IK kemik fallback,1,1,1,1,-2.443,-0.261,16.939,18.063,51.611,0.018,6.423,0.661,0.000,1.556,0.109,2.018,1.651,-0.411,1.928,1.466,-0.408,1.916,1.625,-0.873,1.965,1.471,-0.871,1.955
519,57.571,0,1,1,1,1,0,Avatar IK kemik fallback,1,1,1,1,-2.456,-0.302,17.560,18.642,41.449,0.038,5.977,0.649,0.000,1.556,0.107,2.021,1.652,-0.411,1.926,1.466,-0.409,1.914,1.626,-0.873,1.963,1.472,-0.871,1.952
520,57.683,0,1,1,1,1,0,Avatar IK kemik fallback,1,1,1,1,-2.437,-0.324,17.608,18.756,34.011,0.021,6.316,0.658,0.000,1.555,0.107,2.024,1.652,-0.411,1.927,1.466,-0.409,1.914,1.627,-0.873,1.962,1.472,-0.871,1.951
521,57.794,0,1,1,1,1,0,Avatar IK kemik fallback,1,1,1,1,-2.397,-0.391,17.490,18.741,27.879,0.021,6.903,0.630,0.000,1.554,0.107,2.027,1.652,-0.411,1.929,1.465,-0.408,1.916,1.627,-0.873,1.962,1.473,-0.871,1.951
522,57.905,0,1,1,1,1,0,Avatar IK kemik fallback,1,1,1,1,-2.421,-0.445,17.984,19.056,23.269,0.048,5.787,0.644,0.000,1.553,0.106,2.031,1.652,-0.411,1.929,1.465,-0.408,1.916,1.628,-0.873,1.962,1.473,-0.871,1.950
523,58.016,0,1,1,1,1,0,Avatar IK kemik fallback,1,1,1,1,-2.462,-0.437,18.267,19.261,19.462,0.036,5.299,0.593,0.000,1.551,0.106,2.035,1.651,-0.410,1.930,1.464,-0.408,1.917,1.628,-0.873,1.961,1.473,-0.871,1.950
524,58.128,0,1,1,1,1,0,Avatar IK kemik fallback,1,1,1,1,-2.514,-0.418,18.752,19.613,16.542,0.035,4.489,0.584,0.000,1.549,0.104,2.038,1.650,-0.411,1.929,1.463,-0.408,1.917,1.628,-0.873,1.960,1.473,-0.871,1.949
525,58.239,0,1,1,1,1,0,Avatar IK kemik fallback,1,1,1,1,-2.496,-0.327,18.653,19.198,14.737,0.029,2.881,0.961,0.000,1.548,0.104,2.041,1.650,-0.410,1.931,1.463,-0.408,1.918,1.629,-0.873,1.961,1.472,-0.871,1.946
526,58.340,0,1,1,1,1,0,Avatar IK kemik fallback,1,1,1,1,-2.417,-0.480,18.711,18.920,13.888,0.029,1.112,1.741,0.000,1.547,0.104,2.044,1.650,-0.410,1.931,1.463,-0.407,1.916,1.631,-0.873,1.958,1.475,-0.870,1.936
527,58.451,0,1,1,1,1,0,Avatar IK kemik fallback,1,1,1,1,-2.376,-0.555,18.641,18.919,13.672,0.029,1.478,1.649,0.000,1.546,0.103,2.047,1.650,-0.410,1.931,1.463,-0.407,1.916,1.632,-0.873,1.955,1.477,-0.870,1.934
528,58.564,0,1,1,1,1,0,Avatar IK kemik fallback,1,1,1,1,-2.335,-0.596,18.054,18.463,13.774,0.010,2.244,1.393,0.000,1.546,0.105,2.049,1.650,-0.409,1.934,1.463,-0.406,1.920,1.633,-0.872,1.955,1.478,-0.869,1.936
529,58.674,0,1,1,1,1,0,Avatar IK kemik fallback,1,1,1,1,-2.335,-0.604,17.830,18.446,13.983,0.012,3.396,1.077,0.000,1.545,0.105,2.050,1.650,-0.408,1.935,1.463,-0.405,1.921,1.633,-0.872,1.953,1.478,-0.869,1.936
530,58.785,0,1,1,1,1,0,Avatar IK kemik fallback,1,1,1,1,-2.307,-0.620,17.738,18.557,14.190,0.010,4.512,0.810,0.000,1.546,0.105,2.052,1.651,-0.408,1.935,1.463,-0.405,1.921,1.633,-0.871,1.950,1.477,-0.869,1.936
531,58.897,0,1,1,1,1,0,Avatar IK kemik fallback,1,1,1,1,-2.328,-0.628,17.804,18.708,14.330,0.003,4.950,0.603,0.000,1.547,0.104,2.053,1.651,-0.408,1.934,1.463,-0.405,1.921,1.633,-0.871,1.949,1.477,-0.869,1.937
532,58.997,0,1,1,1,1,0,Avatar IK kemik fallback,1,1,1,1,-2.320,-0.631,17.914,18.731,14.308,0.009,4.457,0.621,0.000,1.547,0.104,2.053,1.651,-0.408,1.935,1.464,-0.405,1.922,1.633,-0.871,1.950,1.477,-0.869,1.938
533,59.108,0,1,1,1,1,0,Avatar IK kemik fallback,1,1,1,1,-2.351,-0.592,17.677,18.449,14.090,0.006,4.277,0.536,0.000,1.548,0.105,2.053,1.651,-0.408,1.936,1.464,-0.405,1.924,1.632,-0.871,1.951,1.476,-0.869,1.940
534,59.219,0,1,1,1,1,0,Avatar IK kemik fallback,1,1,1,1,-2.344,-0.558,17.212,18.100,13.582,0.011,5.031,0.316,0.000,1.548,0.106,2.053,1.651,-0.408,1.938,1.464,-0.405,1.926,1.631,-0.871,1.950,1.476,-0.869,1.941
535,59.320,0,1,1,1,1,0,Avatar IK kemik fallback,1,1,1,1,-2.382,-0.511,16.866,17.873,12.774,0.010,5.799,0.062,0.000,1.548,0.106,2.052,1.651,-0.407,1.938,1.464,-0.405,1.926,1.631,-0.871,1.948,1.475,-0.869,1.941
536,59.431,0,1,1,1,1,0,Avatar IK kemik fallback,1,1,1,1,-2.530,-0.344,16.727,17.918,11.641,0.032,6.874,0.000,0.173,1.547,0.106,2.051,1.650,-0.407,1.936,1.463,-0.405,1.924,1.630,-0.871,1.944,1.473,-0.869,1.939
537,59.543,0,1,1,1,1,0,Avatar IK kemik fallback,1,1,1,1,-2.885,0.048,16.462,17.611,10.313,0.048,6.745,0.000,0.011,1.544,0.107,2.048,1.649,-0.407,1.937,1.461,-0.405,1.924,1.627,-0.870,1.947,1.470,-0.869,1.939
538,59.654,0,1,1,1,1,0,Avatar IK kemik fallback,1,1,1,1,-3.513,0.704,16.603,17.405,8.942,0.078,4.714,0.993,0.000,1.540,0.108,2.044,1.646,-0.408,1.941,1.459,-0.405,1.924,1.620,-0.871,1.958,1.463,-0.869,1.941
539,59.754,0,1,1,1,1,0,Avatar IK kemik fallback,1,1,1,1,-15.789,1.457,19.134,17.117,8.021,0.072,11.132,3.802,0.000,1.535,0.109,2.039,1.710,-0.410,1.978,1.456,-0.405,1.923,1.656,-0.871,1.988,1.456,-0.869,1.942
540,59.876,0,1,1,1,1,0,Avatar IK kemik fallback,1,1,1,1,-16.478,2.294,18.449,15.835,8.056,0.036,15.250,4.291,0.000,1.529,0.113,2.034,1.706,-0.409,1.989,1.452,-0.404,1.928,1.648,-0.869,1.994,1.448,-0.868,1.945
541,59.988,0,1,1,1,1,0,Avatar IK kemik fallback,1,1,1,1,-16.828,3.061,17.760,14.605,9.188,0.049,19.496,4.525,0.000,1.525,0.116,2.029,1.701,-0.407,1.998,1.449,-0.403,1.934,1.640,-0.868,1.999,1.441,-0.867,1.949
542,60.099,0,1,1,1,1,0,Avatar IK kemik fallback,1,1,1,1,-17.185,17.163,17.651,18.211,11.179,0.060,3.121,0.868,0.000,1.519,0.118,2.025,1.695,-0.406,2.003,1.523,-0.401,1.986,1.632,-0.867,2.001,1.483,-0.864,1.987
543,60.211,0,1,1,1,1,0,Avatar IK kemik fallback,1,1,1,1,-19.349,19.342,19.674,20.180,13.608,0.058,2.539,0.785,0.000,1.514,0.116,2.021,1.701,-0.406,2.003,1.529,-0.401,1.986,1.633,-0.866,2.001,1.483,-0.863,1.988
544,60.322,0,1,1,1,1,0,Avatar IK kemik fallback,1,1,1,1,-23.909,23.411,24.154,24.158,16.248,0.055,0.016,0.931,0.000,1.508,0.109,2.018,1.722,-0.409,2.001,1.546,-0.403,1.983,1.643,-0.867,1.999,1.490,-0.864,1.987
545,60.434,0,1,1,1,1,0,Avatar IK kemik fallback,1,1,1,1,-26.835,26.199,27.062,26.868,19.033,0.050,0.720,0.985,0.000,1.502,0.104,2.015,1.732,-0.410,1.999,1.555,-0.404,1.982,1.646,-0.868,2.000,1.493,-0.865,1.988
546,60.550,0,1,1,1,1,0,Avatar IK kemik fallback,1,1,1,1,-29.114,28.438,29.290,28.954,21.790,0.031,1.154,0.886,0.000,1.496,0.099,2.012,1.738,-0.411,1.998,1.561,-0.405,1.983,1.647,-0.868,2.000,1.494,-0.865,1.989
547,60.657,0,1,1,1,1,0,Avatar IK kemik fallback,1,1,1,1,-30.375,29.677,30.491,30.071,24.349,0.059,1.389,0.603,0.000,1.492,0.097,2.008,1.741,-0.412,1.999,1.564,-0.406,1.985,1.647,-0.868,1.999,1.493,-0.865,1.990
548,60.768,0,1,1,1,1,0,Avatar IK kemik fallback,1,1,1,1,-30.777,30.008,30.862,30.324,26.505,0.022,1.757,0.308,0.000,1.489,0.097,2.005,1.741,-0.412,2.001,1.563,-0.406,1.986,1.645,-0.867,1.999,1.491,-0.865,1.991
549,60.880,0,1,1,1,1,0,Avatar IK kemik fallback,1,1,1,1,-30.924,30.115,30.975,30.362,28.155,0.034,2.000,0.094,0.000,1.488,0.097,2.001,1.741,-0.411,2.002,1.563,-0.406,1.988,1.646,-0.867,1.999,1.492,-0.865,1.992
550,60.992,0,1,1,1,1,0,Avatar IK kemik fallback,1,1,1,1,-30.692,29.883,30.734,30.090,29.240,0.031,2.116,0.000,0.037,1.488,0.098,1.998,1.740,-0.411,2.003,1.562,-0.405,1.988,1.645,-0.867,2.000,1.491,-0.865,1.993
551,61.103,0,1,1,1,1,0,Avatar IK kemik fallback,1,1,1,1,-30.895,30.162,30.927,30.344,29.745,0.021,1.903,0.000,0.171,1.488,0.097,1.996,1.740,-0.411,2.003,1.563,-0.405,1.989,1.645,-0.867,2.000,1.491,-0.865,1.994
552,61.214,0,1,1,1,1,0,Avatar IK kemik fallback,1,1,1,1,-31.702,30.930,31.727,31.088,29.607,0.018,2.033,0.000,0.203,1.488,0.096,1.994,1.745,-0.412,2.003,1.567,-0.406,1.989,1.647,-0.867,2.000,1.493,-0.865,1.995
553,61.327,0,1,1,1,1,0,Avatar IK kemik fallback,1,1,1,1,-32.159,31.307,32.184,31.455,28.799,0.017,2.292,0.000,0.230,1.489,0.095,1.992,1.748,-0.412,2.002,1.570,-0.406,1.989,1.648,-0.867,2.000,1.494,-0.865,1.995
554,61.436,0,1,1,1,1,0,Avatar IK kemik fallback,1,1,1,1,-32.590,31.615,32.611,31.756,27.349,0.013,2.655,0.000,0.199,1.490,0.094,1.991,1.750,-0.412,2.002,1.571,-0.407,1.989,1.649,-0.867,2.001,1.494,-0.865,1.995
555,61.548,0,1,1,1,1,0,Avatar IK kemik fallback,1,1,1,1,-32.376,31.405,32.399,31.537,25.395,0.011,2.695,0.000,0.173,1.491,0.095,1.990,1.750,-0.412,2.002,1.571,-0.406,1.989,1.648,-0.866,2.001,1.493,-0.865,1.995
556,61.659,0,1,1,1,1,0,Avatar IK kemik fallback,1,1,1,1,-31.889,31.040,31.910,31.153,23.070,0.014,2.401,0.000,0.183,1.493,0.096,1.989,1.748,-0.412,2.001,1.570,-0.406,1.989,1.647,-0.866,2.001,1.492,-0.865,1.996
557,61.770,0,1,1,1,1,0,Avatar IK kemik fallback,1,1,1,1,-31.576,30.812,31.598,30.914,20.723,0.014,2.188,0.000,0.269,1.495,0.097,1.988,1.747,-0.412,2.001,1.569,-0.406,1.990,1.645,-0.866,2.001,1.491,-0.865,1.996
558,61.882,0,1,1,1,1,0,Avatar IK kemik fallback,1,1,1,1,-31.226,30.568,31.241,30.649,18.417,0.030,1.914,0.000,0.282,1.498,0.098,1.988,1.747,-0.412,2.001,1.570,-0.406,1.991,1.646,-0.866,2.001,1.492,-0.865,1.996
559,61.994,0,1,1,1,1,0,Avatar IK kemik fallback,1,1,1,1,-30.607,30.097,30.618,30.182,16.181,0.039,1.433,0.000,0.301,1.503,0.098,1.988,1.748,-0.412,2.002,1.572,-0.406,1.990,1.647,-0.867,2.001,1.495,-0.865,1.996
560,62.104,0,1,1,1,1,0,Avatar IK kemik fallback,1,1,1,1,-27.595,27.456,27.611,27.535,14.278,0.077,0.276,0.000,0.177,1.510,0.104,1.989,1.738,-0.411,2.001,1.565,-0.405,1.991,1.644,-0.867,2.001,1.494,-0.864,1.995
561,62.216,0,1,1,1,1,0,Avatar IK kemik fallback,1,1,1,1,-23.143,23.518,23.159,23.614,13.225,0.103,1.948,0.036,0.000,1.519,0.111,1.990,1.722,-0.409,2.000,1.553,-0.403,1.990,1.639,-0.867,2.001,1.492,-0.864,1.994
562,62.316,0,1,1,1,1,0,Avatar IK kemik fallback,1,1,1,1,-18.212,3.941,18.248,13.909,13.383,0.067,26.985,5.660,0.000,1.526,0.118,1.991,1.702,-0.406,1.999,1.448,-0.404,1.915,1.631,-0.866,2.001,1.431,-0.867,1.941
563,62.428,0,1,1,1,1,0,Avatar IK kemik fallback,1,1,1,1,-10.196,2.878,10.262,9.713,14.906,0.063,5.490,3.924,0.000,1.536,0.125,1.993,1.666,-0.404,1.999,1.453,-0.401,1.943,1.615,-0.865,2.003,1.442,-0.864,1.962
564,62.529,0,1,1,1,1,0,Avatar IK kemik fallback,1,1,1,1,-4.256,2.192,6.859,6.984,16.663,0.085,1.812,0.855,0.000,1.541,0.128,1.993,1.639,-0.401,1.972,1.457,-0.400,1.960,1.603,-0.864,1.986,1.451,-0.864,1.975
565,62.640,0,1,1,1,1,0,Avatar IK kemik fallback,1,1,1,1,-3.382,1.420,6.467,5.660,19.037,0.034,13.298,0.344,0.000,1.546,0.130,1.993,1.642,-0.400,1.972,1.460,-0.399,1.969,1.612,-0.862,1.988,1.459,-0.863,1.982
566,62.740,0,1,1,1,1,0,Avatar IK kemik fallback,1,1,1,1,-2.778,0.789,6.320,5.669,20.745,0.021,10.844,0.422,0.000,1.548,0.129,1.993,1.643,-0.400,1.972,1.462,-0.400,1.969,1.617,-0.863,1.990,1.466,-0.863,1.984
567,62.851,0,1,1,1,1,0,Avatar IK kemik fallback,1,1,1,1,-2.220,0.141,6.207,7.646,22.462,0.027,20.773,1.437,0.000,1.549,0.126,1.990,1.645,-0.404,1.971,1.463,-0.402,1.956,1.624,-0.867,1.992,1.472,-0.866,1.977
568,62.963,0,1,1,1,1,0,Avatar IK kemik fallback,1,1,1,1,-1.837,-0.485,6.926,9.975,23.720,0.028,36.082,2.209,0.000,1.549,0.123,1.988,1.645,-0.406,1.966,1.462,-0.403,1.940,1.628,-0.869,1.991,1.476,-0.866,1.968
569,63.073,0,1,1,1,1,0,Avatar IK kemik fallback,1,1,1,1,-1.787,-0.768,8.378,11.230,24.325,0.035,29.093,2.264,0.000,1.546,0.122,1.984,1.645,-0.407,1.956,1.460,-0.404,1.931,1.631,-0.869,1.987,1.477,-0.867,1.962
570,63.185,0,1,1,1,1,0,Avatar IK kemik fallback,1,1,1,1,-2.031,-0.789,11.327,13.316,24.278,0.058,16.143,1.879,0.000,1.542,0.119,1.980,1.645,-0.409,1.937,1.458,-0.406,1.915,1.632,-0.871,1.974,1.476,-0.868,1.952
571,63.285,0,1,1,1,1,0,Avatar IK kemik fallback,1,1,1,1,-2.333,-0.700,14.000,15.424,23.751,0.050,9.678,1.362,0.000,1.538,0.114,1.977,1.645,-0.411,1.918,1.457,-0.409,1.900,1.632,-0.873,1.961,1.476,-0.870,1.943
572,63.408,0,1,1,1,1,0,Avatar IK kemik fallback,1,1,1,1,-2.473,-0.552,14.825,16.254,22.707,0.026,9.196,1.048,0.000,1.535,0.112,1.973,1.645,-0.412,1.910,1.456,-0.409,1.893,1.633,-0.873,1.956,1.475,-0.871,1.940
573,63.519,0,1,1,1,1,0,Avatar IK kemik fallback,1,1,1,1,-2.459,-0.438,13.929,15.471,21.577,0.018,10.490,1.032,0.000,1.533,0.115,1.971,1.644,-0.411,1.915,1.456,-0.408,1.897,1.633,-0.872,1.961,1.476,-0.870,1.945
574,63.619,0,1,1,1,1,0,Avatar IK kemik fallback,1,1,1,1,-2.509,-0.365,14.314,15.693,20.265,0.018,9.190,1.010,0.000,1.532,0.114,1.970,1.644,-0.411,1.913,1.456,-0.409,1.895,1.633,-0.873,1.960,1.476,-0.870,1.944
575,63.731,0,1,1,1,1,0,Avatar IK kemik fallback,1,1,1,1,-2.537,-0.256,14.200,15.438,18.766,0.006,8.356,0.943,0.000,1.530,0.114,1.969,1.643,-0.411,1.914,1.456,-0.409,1.897,1.633,-0.872,1.963,1.476,-0.870,1.947
576,63.832,0,1,1,1,1,0,Avatar IK kemik fallback,1,1,1,1,-2.548,-0.204,13.575,14.678,17.072,0.007,7.806,0.941,0.000,1.529,0.116,1.968,1.642,-0.410,1.919,1.456,-0.408,1.901,1.632,-0.872,1.966,1.477,-0.869,1.950
577,63.954,0,1,1,1,1,0,Avatar IK kemik fallback,1,1,1,1,-2.491,-0.166,12.693,13.795,15.082,0.007,8.318,0.912,0.000,1.530,0.117,1.968,1.642,-0.410,1.923,1.456,-0.408,1.906,1.632,-0.871,1.969,1.477,-0.869,1.953
578,64.064,0,1,1,1,1,0,Avatar IK kemik fallback,1,1,1,1,-2.433,-0.145,12.081,13.178,13.698,0.007,8.687,0.948,0.000,1.530,0.118,1.968,1.642,-0.409,1.927,1.456,-0.407,1.910,1.632,-0.871,1.971,1.476,-0.869,1.955
579,64.166,0,1,1,1,1,0,Avatar IK kemik fallback,1,1,1,1,-2.416,-0.141,11.864,12.921,12.808,0.020,8.531,0.961,0.000,1.532,0.119,1.969,1.642,-0.409,1.929,1.457,-0.407,1.912,1.631,-0.870,1.972,1.476,-0.868,1.957
580,64.278,0,1,1,1,1,0,Avatar IK kemik fallback,1,1,1,1,-2.298,-0.174,10.789,11.996,12.331,0.028,10.592,1.057,0.000,1.533,0.120,1.970,1.642,-0.408,1.936,1.457,-0.406,1.919,1.631,-0.870,1.977,1.476,-0.868,1.961
581,64.399,0,1,1,1,1,0,Avatar IK kemik fallback,1,1,1,1,-2.166,-0.327,10.816,12.213,11.847,0.043,12.131,1.114,0.000,1.536,0.120,1.973,1.643,-0.408,1.937,1.458,-0.406,1.919,1.632,-0.870,1.977,1.477,-0.868,1.960
582,64.500,0,1,1,1,1,0,Avatar IK kemik fallback,1,1,1,1,-1.889,-0.662,11.086,12.644,11.179,0.034,13.137,1.254,0.000,1.539,0.120,1.975,1.645,-0.408,1.936,1.460,-0.406,1.918,1.634,-0.870,1.975,1.480,-0.868,1.959
583,64.624,0,1,1,1,1,0,Avatar IK kemik fallback,1,1,1,1,-1.312,-1.284,11.008,12.855,10.104,0.070,15.483,1.299,0.000,1.544,0.119,1.979,1.647,-0.408,1.936,1.462,-0.406,1.918,1.639,-0.870,1.973,1.486,-0.868,1.957
584,64.733,0,1,1,1,1,0,Avatar IK kemik fallback,1,1,1,1,-0.752,-1.967,11.253,13.055,9.292,0.036,14.825,1.355,0.000,1.547,0.119,1.982,1.649,-0.408,1.935,1.465,-0.406,1.918,1.646,-0.871,1.971,1.493,-0.868,1.954
585,64.833,0,1,1,1,1,0,Avatar IK kemik fallback,1,1,1,1,-0.185,-2.673,12.181,13.818,8.817,0.032,12.589,1.440,0.000,1.549,0.117,1.985,1.652,-0.409,1.930,1.466,-0.406,1.915,1.653,-0.871,1.967,1.500,-0.868,1.949
586,64.945,0,1,1,1,1,0,Avatar IK kemik fallback,1,1,1,1,0.392,-3.473,13.209,14.685,9.004,0.016,10.584,1.733,0.000,1.551,0.115,1.987,1.655,-0.410,1.926,1.468,-0.407,1.909,1.661,-0.872,1.963,1.508,-0.868,1.942
587,65.047,0,1,1,1,1,0,Avatar IK kemik fallback,1,1,1,1,0.757,-4.091,15.196,16.150,9.739,0.017,6.087,1.873,0.000,1.550,0.111,1.989,1.657,-0.411,1.915,1.470,-0.408,1.898,1.668,-0.873,1.955,1.515,-0.869,1.931
588,65.156,0,1,1,1,1,0,Avatar IK kemik fallback,1,1,1,1,1.273,-4.838,16.853,17.563,10.722,0.019,4.131,2.014,0.000,1.552,0.108,1.990,1.661,-0.412,1.906,1.472,-0.410,1.890,1.676,-0.874,1.949,1.523,-0.870,1.924
589,65.257,0,1,1,1,1,0,Avatar IK kemik fallback,1,1,1,1,1.654,-26.734,19.664,26.745,11.580,0.038,30.515,0.000,6.841,1.554,0.100,1.991,1.665,-0.416,1.890,1.340,-0.418,1.983,1.684,-0.877,1.938,1.442,-0.872,1.988
590,65.380,0,1,1,1,1,0,Avatar IK kemik fallback,1,1,1,1,2.035,-31.119,23.174,31.133,12.664,0.043,29.309,0.000,8.649,1.557,0.089,1.992,1.670,-0.422,1.869,1.320,-0.424,1.981,1.692,-0.882,1.923,1.433,-0.876,1.988
591,65.490,0,1,1,1,1,0,Avatar IK kemik fallback,1,1,1,1,2.421,-34.886,26.163,34.930,13.671,0.023,28.700,0.000,9.895,1.560,0.078,1.992,1.674,-0.427,1.852,1.304,-0.429,1.977,1.699,-0.887,1.912,1.427,-0.880,1.987
592,65.591,0,1,1,1,1,0,Avatar IK kemik fallback,1,1,1,1,2.701,-37.515,28.209,37.582,14.411,0.010,28.495,0.000,10.879,1.564,0.069,1.993,1.677,-0.432,1.840,1.293,-0.434,1.974,1.703,-0.891,1.903,1.422,-0.882,1.986
593,65.713,0,1,1,1,1,0,Avatar IK kemik fallback,1,1,1,1,2.884,-39.039,29.327,39.104,15.016,0.001,28.575,0.000,11.859,1.565,0.063,1.993,1.681,-0.434,1.833,1.286,-0.436,1.971,1.708,-0.893,1.897,1.420,-0.884,1.985
594,65.824,0,1,1,1,1,0,Avatar IK kemik fallback,1,1,1,1,2.903,-39.717,29.759,39.733,15.190,0.014,28.706,0.000,12.552,1.565,0.061,1.993,1.682,-0.435,1.830,1.283,-0.438,1.976,1.710,-0.894,1.894,1.418,-0.885,1.987
595,65.925,0,1,1,1,1,0,Avatar IK kemik fallback,1,1,1,1,36.211,-39.888,36.905,39.906,15.094,0.007,7.814,0.000,1.815,1.566,0.061,1.993,1.477,-0.435,1.954,1.282,-0.438,1.977,1.578,-0.889,1.981,1.418,-0.885,1.988
596,66.036,0,1,1,1,1,0,Avatar IK kemik fallback,1,1,1,1,36.229,-39.612,36.818,39.623,14.624,0.011,7.339,0.000,1.667,1.565,0.061,1.993,1.476,-0.435,1.957,1.283,-0.438,1.980,1.578,-0.889,1.982,1.418,-0.885,1.989
597,66.137,0,1,1,1,1,0,Avatar IK kemik fallback,1,1,1,1,2.979,-39.360,29.458,39.369,13.962,0.026,28.799,0.000,12.574,1.564,0.062,1.992,1.679,-0.435,1.829,1.284,-0.438,1.981,1.708,-0.894,1.892,1.418,-0.885,1.989
598,66.249,0,1,1,1,1,0,Avatar IK kemik fallback,1,1,1,1,2.945,-39.416,29.544,39.423,12.799,0.008,28.648,0.000,12.681,1.563,0.061,1.992,1.678,-0.435,1.828,1.283,-0.438,1.982,1.708,-0.894,1.891,1.418,-0.886,1.990
599,66.370,0,1,1,1,1,0,Avatar IK kemik fallback,1,1,1,1,3.000,-39.435,29.456,39.437,11.374,0.012,28.978,0.000,12.853,1.563,0.061,1.990,1.678,-0.435,1.827,1.283,-0.438,1.984,1.709,-0.894,1.890,1.419,-0.886,1.991
600,66.473,0,1,1,1,1,0,Avatar IK kemik fallback,1,1,1,1,3.006,-39.503,29.393,39.503,10.148,0.022,29.349,0.000,12.981,1.563,0.061,1.988,1.677,-0.436,1.825,1.283,-0.438,1.985,1.709,-0.895,1.889,1.419,-0.886,1.992
601,66.583,0,1,1,1,1,0,Avatar IK kemik fallback,1,1,1,1,3.002,-39.263,29.013,39.276,8.713,0.039,30.056,0.000,13.299,1.562,0.062,1.985,1.677,-0.436,1.825,1.283,-0.438,1.989,1.709,-0.895,1.888,1.419,-0.885,1.994
602,66.704,0,1,1,1,1,0,Avatar IK kemik fallback,1,1,1,1,2.955,-38.973,28.605,39.014,7.683,0.034,30.787,0.000,13.537,1.561,0.063,1.980,1.675,-0.436,1.824,1.284,-0.438,1.993,1.708,-0.895,1.887,1.420,-0.885,1.997
603,66.807,0,1,1,1,1,0,Avatar IK kemik fallback,1,1,1,1,2.819,-37.865,27.659,37.899,7.284,0.053,31.239,0.000,13.054,1.559,0.067,1.978,1.673,-0.435,1.827,1.288,-0.436,1.992,1.705,-0.894,1.891,1.422,-0.883,1.998
604,66.928,0,1,1,1,1,0,Avatar IK kemik fallback,1,1,1,1,2.180,-34.033,24.735,34.170,7.490,0.063,32.034,0.000,12.672,1.553,0.078,1.973,1.670,-0.429,1.841,1.302,-0.430,1.995,1.699,-0.889,1.898,1.426,-0.880,1.999
605,67.050,0,1,1,1,1,0,Avatar IK kemik fallback,1,1,1,1,1.359,-29.014,21.269,29.434,8.713,0.030,32.207,0.000,11.981,1.547,0.091,1.968,1.667,-0.423,1.858,1.321,-0.423,2.001,1.689,-0.883,1.909,1.430,-0.877,2.003
606,67.150,0,1,1,1,1,0,Avatar IK kemik fallback,1,1,1,1,0.692,-4.428,18.159,18.564,10.125,0.053,2.205,0.145,0.000,1.544,0.101,1.964,1.663,-0.418,1.875,1.471,-0.417,1.863,1.680,-0.879,1.922,1.521,-0.877,1.909
607,67.252,0,1,1,1,1,0,Avatar IK kemik fallback,1,1,1,1,-0.148,-3.205,15.185,15.758,11.803,0.045,3.704,0.000,0.018,1.541,0.109,1.960,1.659,-0.414,1.892,1.469,-0.413,1.876,1.668,-0.876,1.934,1.510,-0.874,1.920
608,67.373,0,1,1,1,1,0,Avatar IK kemik fallback,1,1,1,1,-1.020,-1.921,11.380,12.424,14.069,0.048,8.771,0.000,0.430,1.541,0.117,1.955,1.655,-0.409,1.913,1.468,-0.408,1.893,1.654,-0.872,1.946,1.498,-0.870,1.934
609,67.485,0,1,1,1,1,0,Avatar IK kemik fallback,1,1,1,1,-1.613,-1.009,9.176,10.926,16.058,0.049,17.415,0.000,0.621,1.543,0.121,1.951,1.652,-0.407,1.925,1.467,-0.406,1.902,1.644,-0.870,1.955,1.487,-0.868,1.943
610,67.597,0,1,1,1,1,0,Avatar IK kemik fallback,1,1,1,1,-2.119,-0.305,8.198,10.786,17.771,0.034,27.261,0.000,0.451,1.545,0.122,1.948,1.650,-0.407,1.931,1.467,-0.405,1.902,1.635,-0.870,1.960,1.479,-0.867,1.947
611,67.706,0,1,1,1,1,0,Avatar IK kemik fallback,1,1,1,1,-2.472,0.088,8.935,11.920,19.201,0.036,28.629,0.000,0.472,1.548,0.121,1.944,1.650,-0.408,1.925,1.467,-0.406,1.896,1.629,-0.870,1.958,1.473,-0.868,1.946
612,67.819,0,1,1,1,1,0,Avatar IK kemik fallback,1,1,1,1,-2.586,0.360,8.142,11.910,20.319,0.026,37.578,0.000,0.302,1.549,0.122,1.941,1.648,-0.407,1.929,1.466,-0.406,1.898,1.624,-0.869,1.964,1.469,-0.866,1.952
613,67.940,0,1,1,1,1,0,Avatar IK kemik fallback,1,1,1,1,-2.674,0.359,9.255,13.278,21.147,0.009,35.715,0.000,0.051,1.551,0.121,1.940,1.649,-0.408,1.923,1.466,-0.406,1.893,1.622,-0.870,1.964,1.467,-0.866,1.952
614,68.052,0,1,1,1,1,0,Avatar IK kemik fallback,1,1,1,1,-2.688,0.268,10.467,14.499,21.305,0.017,32.298,0.265,0.000,1.553,0.119,1.940,1.649,-0.409,1.917,1.465,-0.407,1.888,1.622,-0.870,1.964,1.466,-0.867,1.951
615,68.165,0,1,1,1,1,0,Avatar IK kemik fallback,1,1,1,1,-2.641,0.082,12.163,15.940,21.008,0.014,26.880,0.447,0.000,1.555,0.116,1.941,1.650,-0.412,1.908,1.465,-0.410,1.880,1.622,-0.873,1.959,1.466,-0.869,1.946
616,68.286,0,1,1,1,1,0,Avatar IK kemik fallback,1,1,1,1,-2.583,0.040,12.735,16.319,20.099,0.028,24.672,0.417,0.000,1.556,0.114,1.943,1.651,-0.413,1.905,1.466,-0.411,1.878,1.623,-0.874,1.957,1.467,-0.870,1.944
617,68.386,0,1,1,1,1,0,Avatar IK kemik fallback,1,1,1,1,-2.448,0.000,11.813,15.725,18.870,0.009,28.405,0.473,0.000,1.557,0.116,1.944,1.651,-0.412,1.912,1.467,-0.409,1.883,1.624,-0.873,1.961,1.467,-0.869,1.947
618,68.498,0,1,1,1,1,0,Avatar IK kemik fallback,1,1,1,1,-2.265,-0.200,11.564,15.650,17.288,0.030,30.030,0.666,0.000,1.559,0.117,1.948,1.652,-0.411,1.916,1.468,-0.409,1.886,1.625,-0.872,1.964,1.469,-0.868,1.948
619,68.620,0,1,1,1,1,0,Avatar IK kemik fallback,1,1,1,1,-2.124,-0.383,12.195,16.219,15.174,0.045,28.327,0.788,0.000,1.561,0.116,1.952,1.653,-0.412,1.915,1.468,-0.409,1.886,1.626,-0.872,1.963,1.470,-0.869,1.948
620,68.731,0,1,1,1,1,0,Avatar IK kemik fallback,1,1,1,1,-2.050,-0.497,12.691,16.591,13.551,0.026,26.635,0.837,0.000,1.562,0.115,1.956,1.653,-0.412,1.914,1.468,-0.409,1.886,1.626,-0.873,1.963,1.471,-0.869,1.947
621,68.832,0,1,1,1,1,0,Avatar IK kemik fallback,1,1,1,1,-1.987,-0.569,12.819,16.792,12.207,0.038,26.838,0.756,0.000,1.563,0.115,1.960,1.654,-0.412,1.915,1.469,-0.409,1.888,1.627,-0.873,1.962,1.471,-0.869,1.948
622,68.932,0,1,1,1,1,0,Avatar IK kemik fallback,1,1,1,1,-2.017,-0.612,13.092,16.982,11.445,0.032,25.872,0.729,0.000,1.563,0.114,1.963,1.654,-0.413,1.914,1.469,-0.409,1.888,1.627,-0.874,1.960,1.472,-0.870,1.946
623,69.032,0,1,1,1,1,0,Avatar IK kemik fallback,1,1,1,1,-2.024,-0.595,12.599,16.456,11.262,0.021,26.547,0.831,0.000,1.562,0.115,1.965,1.653,-0.412,1.918,1.469,-0.409,1.891,1.626,-0.873,1.961,1.472,-0.869,1.946
624,69.156,0,1,1,1,1,0,Avatar IK kemik fallback,1,1,1,1,-2.029,-0.600,12.513,16.316,11.479,0.022,26.386,0.932,0.000,1.561,0.115,1.968,1.653,-0.411,1.920,1.468,-0.408,1.892,1.626,-0.873,1.961,1.472,-0.869,1.945
625,69.277,0,1,1,1,1,0,Avatar IK kemik fallback,1,1,1,1,-2.095,-0.629,13.275,16.979,11.945,0.036,24.482,0.960,0.000,1.560,0.114,1.972,1.652,-0.412,1.917,1.467,-0.408,1.890,1.626,-0.873,1.959,1.472,-0.869,1.943
626,69.377,0,1,1,1,1,0,Avatar IK kemik fallback,1,1,1,1,-2.143,-0.617,13.987,17.606,12.551,0.026,22.911,0.950,0.000,1.558,0.112,1.974,1.652,-0.413,1.914,1.467,-0.409,1.888,1.627,-0.874,1.957,1.472,-0.870,1.941
627,69.488,0,1,1,1,1,0,Avatar IK kemik fallback,1,1,1,1,-2.190,-0.629,14.410,18.011,13.226,0.018,22.212,0.916,0.000,1.557,0.112,1.976,1.652,-0.413,1.913,1.466,-0.409,1.888,1.626,-0.874,1.956,1.473,-0.870,1.941
628,69.589,0,1,1,1,1,0,Avatar IK kemik fallback,1,1,1,1,-2.207,-0.626,14.569,18.066,13.838,0.017,21.433,0.905,0.000,1.556,0.112,1.978,1.652,-0.413,1.913,1.466,-0.409,1.888,1.627,-0.874,1.956,1.473,-0.870,1.941
629,69.711,0,1,1,1,1,0,Avatar IK kemik fallback,1,1,1,1,-2.262,-0.567,14.611,17.929,14.260,0.023,20.394,0.900,0.000,1.555,0.112,1.980,1.651,-0.412,1.914,1.466,-0.409,1.889,1.626,-0.874,1.956,1.473,-0.870,1.940
630,69.823,0,1,1,1,1,0,Avatar IK kemik fallback,1,1,1,1,-2.277,-0.577,14.759,17.951,14.344,0.010,19.521,0.946,0.000,1.554,0.111,1.981,1.651,-0.413,1.914,1.466,-0.409,1.889,1.627,-0.874,1.955,1.474,-0.870,1.940
631,69.923,0,1,1,1,1,0,Avatar IK kemik fallback,1,1,1,1,-2.263,-0.553,14.750,17.902,14.190,0.012,19.306,0.903,0.000,1.553,0.111,1.982,1.650,-0.412,1.914,1.466,-0.409,1.890,1.627,-0.874,1.955,1.474,-0.870,1.940
632,70.024,0,1,1,1,1,0,Avatar IK kemik fallback,1,1,1,1,-2.292,-0.517,14.506,17.526,13.831,0.018,18.856,0.892,0.000,1.552,0.112,1.982,1.650,-0.412,1.917,1.465,-0.408,1.893,1.627,-0.874,1.957,1.474,-0.870,1.942
633,70.135,0,1,1,1,1,0,Avatar IK kemik fallback,1,1,1,1,-2.303,-0.464,14.359,17.341,13.271,0.026,18.816,0.840,0.000,1.550,0.113,1.983,1.649,-0.412,1.918,1.465,-0.408,1.895,1.627,-0.873,1.958,1.474,-0.869,1.944
634,70.236,0,1,1,1,1,0,Avatar IK kemik fallback,1,1,1,1,-2.345,-0.439,14.303,17.084,12.563,0.017,17.724,0.885,0.000,1.549,0.113,1.983,1.649,-0.411,1.919,1.464,-0.408,1.896,1.627,-0.873,1.959,1.475,-0.869,1.944
635,70.357,0,1,1,1,1,0,Avatar IK kemik fallback,1,1,1,1,-2.368,-0.401,14.006,16.704,11.574,0.017,17.575,0.938,0.000,1.547,0.114,1.983,1.648,-0.411,1.922,1.464,-0.407,1.898,1.627,-0.873,1.961,1.476,-0.869,1.945
636,70.470,0,1,1,1,1,0,Avatar IK kemik fallback,1,1,1,1,-2.386,-0.369,14.107,16.757,10.759,0.010,17.172,0.856,0.000,1.546,0.114,1.984,1.648,-0.411,1.921,1.464,-0.408,1.898,1.628,-0.873,1.960,1.476,-0.869,1.944
637,70.591,0,1,1,1,1,0,Avatar IK kemik fallback,1,1,1,1,-2.399,-0.357,14.062,16.816,9.866,0.006,17.839,0.925,0.000,1.545,0.114,1.984,1.648,-0.411,1.922,1.464,-0.407,1.897,1.628,-0.873,1.961,1.477,-0.869,1.944
638,70.714,0,1,1,1,1,0,Avatar IK kemik fallback,1,1,1,1,-2.418,-0.357,14.503,17.260,9.012,0.004,17.358,0.923,0.000,1.545,0.113,1.984,1.648,-0.411,1.920,1.464,-0.408,1.895,1.628,-0.873,1.960,1.477,-0.869,1.943
639,70.826,0,1,1,1,1,0,Avatar IK kemik fallback,1,1,1,1,-2.427,-0.336,14.511,17.244,8.285,0.003,17.212,0.908,0.000,1.545,0.113,1.985,1.648,-0.411,1.920,1.465,-0.408,1.895,1.628,-0.873,1.960,1.476,-0.869,1.943
640,70.927,0,1,1,1,1,0,Avatar IK kemik fallback,1,1,1,1,-2.371,-0.332,13.990,16.814,7.514,0.014,18.336,0.917,0.000,1.546,0.114,1.985,1.648,-0.411,1.923,1.465,-0.407,1.898,1.627,-0.872,1.962,1.476,-0.869,1.945
641,71.048,0,1,1,1,1,0,Avatar IK kemik fallback,1,1,1,1,-2.352,-0.351,13.927,16.721,6.498,0.012,18.234,0.934,0.000,1.548,0.114,1.984,1.649,-0.410,1.924,1.465,-0.407,1.899,1.627,-0.872,1.963,1.476,-0.869,1.946
642,71.159,0,1,1,1,1,0,Avatar IK kemik fallback,1,1,1,1,-2.317,-0.340,13.456,16.339,5.670,0.003,19.348,0.928,0.000,1.549,0.115,1.984,1.649,-0.410,1.926,1.465,-0.407,1.901,1.627,-0.872,1.965,1.475,-0.868,1.948
643,71.260,0,1,1,1,1,0,Avatar IK kemik fallback,1,1,1,1,-2.272,-0.387,13.414,16.314,4.910,0.014,19.510,0.935,0.000,1.550,0.115,1.984,1.649,-0.410,1.926,1.466,-0.407,1.901,1.627,-0.872,1.965,1.475,-0.868,1.948
644,71.371,0,1,1,1,1,0,Avatar IK kemik fallback,1,1,1,1,-2.206,-0.387,12.929,16.062,4.239,0.007,21.617,1.022,0.000,1.551,0.116,1.984,1.649,-0.410,1.929,1.466,-0.406,1.903,1.626,-0.872,1.967,1.475,-0.868,1.950
645,71.472,0,1,1,1,1,0,Avatar IK kemik fallback,1,1,1,1,-2.183,-0.421,12.991,16.201,3.672,0.004,21.988,1.097,0.000,1.552,0.116,1.984,1.649,-0.410,1.929,1.466,-0.406,1.903,1.626,-0.872,1.967,1.475,-0.868,1.950
646,71.584,0,1,1,1,1,0,Avatar IK kemik fallback,1,1,1,1,-2.190,-0.446,13.620,16.722,3.277,0.008,20.445,1.055,0.000,1.553,0.114,1.984,1.650,-0.411,1.925,1.466,-0.407,1.900,1.627,-0.872,1.965,1.475,-0.868,1.948
647,71.705,0,1,1,1,1,0,Avatar IK kemik fallback,1,1,1,1,-2.201,-0.458,13.918,16.924,3.033,0.004,19.491,1.049,0.000,1.553,0.114,1.984,1.650,-0.411,1.923,1.467,-0.407,1.898,1.627,-0.873,1.963,1.475,-0.869,1.946
648,71.805,0,1,1,1,1,0,Avatar IK kemik fallback,1,1,1,1,-2.226,-0.486,14.422,17.356,2.989,0.008,18.466,1.052,0.000,1.553,0.113,1.984,1.650,-0.412,1.920,1.467,-0.408,1.895,1.627,-0.873,1.961,1.475,-0.869,1.944
649,71.918,0,1,1,1,1,0,Avatar IK kemik fallback,1,1,1,1,-2.255,-0.475,14.533,17.586,3.063,0.008,19.011,1.061,0.000,1.553,0.112,1.984,1.650,-0.412,1.919,1.466,-0.408,1.894,1.626,-0.873,1.961,1.474,-0.869,1.943
650,72.039,0,1,1,1,1,0,Avatar IK kemik fallback,1,1,1,1,-2.306,-0.501,15.088,18.048,3.207,0.007,17.867,1.015,0.000,1.553,0.111,1.984,1.651,-0.412,1.916,1.466,-0.409,1.891,1.626,-0.874,1.959,1.474,-0.870,1.942
651,72.139,0,1,1,1,1,0,Avatar IK kemik fallback,1,1,1,1,-2.336,-0.503,15.703,18.514,3.332,0.005,16.430,0.926,0.000,1.553,0.110,1.984,1.651,-0.413,1.912,1.466,-0.410,1.889,1.626,-0.875,1.956,1.474,-0.871,1.940
652,72.251,0,1,1,1,1,0,Avatar IK kemik fallback,1,1,1,1,-2.348,-0.528,16.000,18.746,3.401,0.003,15.809,0.895,0.000,1.553,0.109,1.983,1.651,-0.414,1.910,1.466,-0.410,1.887,1.626,-0.875,1.955,1.474,-0.871,1.939
653,72.373,0,1,1,1,1,0,Avatar IK kemik fallback,1,1,1,1,-2.368,-0.495,16.117,18.835,3.360,0.011,15.552,0.871,0.000,1.553,0.109,1.982,1.651,-0.414,1.909,1.466,-0.410,1.886,1.627,-0.875,1.955,1.474,-0.871,1.939
654,72.485,0,1,1,1,1,0,Avatar IK kemik fallback,1,1,1,1,-2.373,-0.472,15.925,18.608,3.215,0.018,15.538,0.864,0.000,1.552,0.109,1.982,1.651,-0.414,1.910,1.466,-0.410,1.887,1.627,-0.875,1.955,1.474,-0.871,1.940
655,72.608,0,1,1,1,1,0,Avatar IK kemik fallback,1,1,1,1,-2.370,-0.465,15.862,18.448,2.929,0.007,15.072,0.816,0.000,1.552,0.109,1.981,1.651,-0.414,1.910,1.466,-0.410,1.888,1.627,-0.875,1.955,1.474,-0.871,1.940
656,72.730,0,1,1,1,1,0,Avatar IK kemik fallback,1,1,1,1,-2.329,-0.452,15.557,18.221,2.579,0.006,15.774,0.842,0.000,1.553,0.110,1.980,1.651,-0.413,1.912,1.466,-0.410,1.889,1.627,-0.875,1.957,1.474,-0.871,1.941
657,72.841,0,1,1,1,1,0,Avatar IK kemik fallback,1,1,1,1,-2.317,-0.451,15.273,18.026,2.288,0.006,16.530,0.890,0.000,1.553,0.111,1.980,1.651,-0.413,1.913,1.466,-0.410,1.890,1.627,-0.874,1.958,1.474,-0.871,1.942
658,72.952,0,1,1,1,1,0,Avatar IK kemik fallback,1,1,1,1,-2.275,-0.455,14.675,17.673,2.109,0.008,18.537,1.019,0.000,1.553,0.112,1.979,1.650,-0.413,1.916,1.466,-0.409,1.892,1.626,-0.874,1.960,1.474,-0.870,1.944
659,73.075,0,1,1,1,1,0,Avatar IK kemik fallback,1,1,1,1,-2.247,-0.455,14.177,17.308,2.032,0.006,19.894,1.143,0.000,1.553,0.113,1.978,1.650,-0.412,1.919,1.466,-0.408,1.894,1.626,-0.873,1.962,1.474,-0.870,1.945
660,73.197,0,1,1,1,1,0,Avatar IK kemik fallback,1,1,1,1,-2.231,-0.454,13.857,17.159,2.108,0.014,21.291,1.217,0.000,1.553,0.113,1.978,1.650,-0.412,1.920,1.466,-0.408,1.894,1.626,-0.873,1.964,1.474,-0.869,1.946
661,73.310,0,1,1,1,1,0,Avatar IK kemik fallback,1,1,1,1,-2.195,-0.460,13.580,17.000,2.252,0.007,22.367,1.252,0.000,1.554,0.114,1.977,1.650,-0.412,1.922,1.466,-0.408,1.895,1.626,-0.873,1.965,1.474,-0.869,1.947
662,73.431,0,1,1,1,1,0,Avatar IK kemik fallback,1,1,1,1,-2.209,-0.433,13.291,16.774,2.447,0.001,23.171,1.280,0.000,1.553,0.115,1.977,1.649,-0.411,1.923,1.466,-0.408,1.896,1.626,-0.873,1.966,1.474,-0.869,1.948
663,73.543,0,1,1,1,1,0,Avatar IK kemik fallback,1,1,1,1,-2.215,-0.378,13.091,16.501,2.598,0.004,23.051,1.227,0.000,1.553,0.115,1.976,1.649,-0.411,1.924,1.465,-0.408,1.898,1.626,-0.873,1.967,1.474,-0.869,1.949
664,73.643,0,1,1,1,1,0,Avatar IK kemik fallback,1,1,1,1,-2.195,-0.351,12.475,15.930,2.719,0.012,24.329,1.255,0.000,1.553,0.116,1.976,1.649,-0.411,1.927,1.465,-0.407,1.901,1.625,-0.872,1.969,1.474,-0.868,1.951
665,73.755,0,1,1,1,1,0,Avatar IK kemik fallback,1,1,1,1,-2.170,-0.333,11.803,15.407,2.813,0.004,26.490,1.325,0.000,1.553,0.117,1.975,1.648,-0.410,1.931,1.465,-0.407,1.904,1.625,-0.872,1.972,1.474,-0.868,1.953
666,73.877,0,1,1,1,1,0,Avatar IK kemik fallback,1,1,1,1,-2.136,-0.327,10.937,14.754,2.893,0.013,29.712,1.453,0.000,1.553,0.119,1.974,1.648,-0.409,1.936,1.466,-0.406,1.907,1.625,-0.871,1.976,1.474,-0.867,1.956
667,73.988,0,1,1,1,1,0,Avatar IK kemik fallback,1,1,1,1,-2.066,-0.349,10.576,14.559,2.923,0.005,31.690,1.464,0.000,1.553,0.119,1.974,1.648,-0.409,1.938,1.466,-0.406,1.908,1.625,-0.871,1.977,1.474,-0.867,1.957
668,74.088,0,1,1,1,1,0,Avatar IK kemik fallback,1,1,1,1,-2.063,-0.360,10.680,14.747,2.895,0.002,31.988,1.474,0.000,1.553,0.119,1.974,1.648,-0.409,1.938,1.466,-0.406,1.907,1.626,-0.871,1.977,1.474,-0.867,1.956
669,74.199,0,1,1,1,1,0,Avatar IK kemik fallback,1,1,1,1,-2.108,-0.403,11.803,15.692,2.814,0.002,28.288,1.436,0.000,1.553,0.117,1.974,1.649,-0.410,1.931,1.466,-0.406,1.901,1.626,-0.872,1.972,1.474,-0.867,1.952
670,74.300,0,1,1,1,1,0,Avatar IK kemik fallback,1,1,1,1,-2.162,-0.438,12.780,16.529,2.687,0.006,25.582,1.352,0.000,1.553,0.116,1.974,1.649,-0.411,1.925,1.466,-0.407,1.896,1.626,-0.872,1.968,1.475,-0.868,1.948
671,74.411,0,1,1,1,1,0,Avatar IK kemik fallback,1,1,1,1,-2.152,-0.464,13.104,16.859,2.506,0.009,25.070,1.320,0.000,1.553,0.115,1.975,1.650,-0.411,1.923,1.466,-0.407,1.894,1.627,-0.873,1.966,1.475,-0.868,1.947
672,74.524,0,1,1,1,1,0,Avatar IK kemik fallback,1,1,1,1,-2.186,-0.478,13.726,17.361,2.287,0.005,23.387,1.258,0.000,1.553,0.114,1.975,1.650,-0.412,1.920,1.466,-0.408,1.891,1.627,-0.873,1.964,1.475,-0.869,1.945
673,74.646,0,1,1,1,1,0,Avatar IK kemik fallback,1,1,1,1,-2.222,-0.483,14.290,17.855,2.005,0.007,22.178,1.170,0.000,1.553,0.113,1.976,1.650,-0.413,1.917,1.466,-0.409,1.889,1.627,-0.874,1.962,1.475,-0.869,1.943
674,74.767,0,1,1,1,1,0,Avatar IK kemik fallback,1,1,1,1,-2.312,-0.437,15.044,18.436,1.734,0.011,20.262,1.099,0.000,1.552,0.111,1.977,1.650,-0.413,1.913,1.466,-0.409,1.886,1.627,-0.874,1.960,1.474,-0.870,1.942
675,74.879,0,1,1,1,1,0,Avatar IK kemik fallback,1,1,1,1,-2.372,-0.401,15.513,18.701,1.627,0.013,18.639,0.937,0.000,1.551,0.110,1.978,1.650,-0.414,1.911,1.466,-0.410,1.885,1.627,-0.875,1.958,1.475,-0.870,1.941
676,74.980,0,1,1,1,1,0,Avatar IK kemik fallback,1,1,1,1,-2.396,-0.385,15.731,18.762,1.658,0.009,17.571,0.895,0.000,1.550,0.110,1.978,1.650,-0.414,1.910,1.466,-0.410,1.885,1.627,-0.875,1.957,1.475,-0.871,1.941
677,75.103,0,1,1,1,1,0,Avatar IK kemik fallback,1,1,1,1,-2.420,-0.394,15.917,18.858,1.872,0.010,16.916,0.867,0.000,1.550,0.109,1.979,1.650,-0.414,1.910,1.466,-0.410,1.885,1.627,-0.875,1.956,1.475,-0.871,1.940
678,75.224,0,1,1,1,1,0,Avatar IK kemik fallback,1,1,1,1,-2.434,-0.393,15.686,18.540,2.164,0.014,16.680,0.874,0.000,1.550,0.110,1.980,1.650,-0.414,1.911,1.466,-0.410,1.887,1.627,-0.875,1.956,1.475,-0.871,1.941
679,75.336,0,1,1,1,1,0,Avatar IK kemik fallback,1,1,1,1,-2.399,-0.394,15.500,18.296,2.428,0.013,16.548,0.896,0.000,1.550,0.110,1.981,1.650,-0.413,1.912,1.466,-0.410,1.889,1.627,-0.875,1.957,1.475,-0.871,1.941
680,75.437,0,1,1,1,1,0,Avatar IK kemik fallback,1,1,1,1,-2.389,-0.383,15.252,18.057,2.723,0.006,16.842,0.981,0.000,1.550,0.111,1.982,1.650,-0.413,1.915,1.466,-0.409,1.890,1.627,-0.874,1.959,1.475,-0.870,1.942
681,75.547,0,1,1,1,1,0,Avatar IK kemik fallback,1,1,1,1,-2.355,-0.365,14.643,17.665,2.996,0.006,18.704,1.083,0.000,1.550,0.112,1.982,1.649,-0.412,1.919,1.466,-0.409,1.893,1.626,-0.874,1.961,1.475,-0.870,1.944
682,75.648,0,1,1,1,1,0,Avatar IK kemik fallback,1,1,1,1,-2.330,-0.356,14.238,17.368,3.243,0.004,19.810,1.185,0.000,1.550,0.113,1.983,1.649,-0.412,1.921,1.466,-0.408,1.895,1.626,-0.873,1.963,1.475,-0.869,1.945
683,75.759,0,1,1,1,1,0,Avatar IK kemik fallback,1,1,1,1,-2.295,-0.360,14.069,17.227,3.431,0.005,20.179,1.265,0.000,1.550,0.113,1.983,1.649,-0.412,1.922,1.466,-0.408,1.896,1.626,-0.873,1.964,1.475,-0.869,1.945
684,75.861,0,1,1,1,1,0,Avatar IK kemik fallback,1,1,1,1,-2.312,-0.393,14.383,17.467,3.547,0.010,19.367,1.314,0.000,1.550,0.112,1.984,1.649,-0.412,1.921,1.465,-0.408,1.894,1.626,-0.874,1.962,1.475,-0.869,1.943
685,75.970,0,1,1,1,1,0,Avatar IK kemik fallback,1,1,1,1,-2.318,-0.342,14.041,17.189,3.580,0.001,20.163,1.335,0.000,1.550,0.113,1.984,1.649,-0.412,1.923,1.465,-0.408,1.896,1.626,-0.873,1.964,1.475,-0.869,1.945
686,76.071,0,1,1,1,1,0,Avatar IK kemik fallback,1,1,1,1,-2.349,-0.325,13.885,16.996,3.541,0.001,20.152,1.330,0.000,1.549,0.114,1.984,1.648,-0.411,1.924,1.465,-0.407,1.897,1.626,-0.873,1.964,1.475,-0.869,1.945
687,76.182,0,1,1,1,1,0,Avatar IK kemik fallback,1,1,1,1,-2.346,-0.284,13.379,16.598,3.418,0.008,21.482,1.293,0.000,1.549,0.115,1.983,1.648,-0.411,1.926,1.465,-0.407,1.900,1.626,-0.872,1.966,1.475,-0.868,1.947
688,76.304,0,1,1,1,1,0,Avatar IK kemik fallback,1,1,1,1,-2.324,-0.197,12.338,15.821,3.173,0.011,24.740,1.369,0.000,1.548,0.117,1.982,1.647,-0.410,1.932,1.464,-0.406,1.904,1.625,-0.872,1.970,1.474,-0.867,1.951
689,76.416,0,1,1,1,1,0,Avatar IK kemik fallback,1,1,1,1,-2.320,-0.151,11.486,15.175,2.908,0.008,27.679,1.484,0.000,1.548,0.118,1.981,1.646,-0.409,1.937,1.464,-0.405,1.908,1.625,-0.871,1.974,1.474,-0.867,1.954
690,76.517,0,1,1,1,1,0,Avatar IK kemik fallback,1,1,1,1,-2.333,-0.130,11.582,15.269,2.615,0.010,27.456,1.429,0.000,1.547,0.118,1.980,1.646,-0.409,1.936,1.463,-0.405,1.907,1.625,-0.871,1.974,1.474,-0.867,1.954
691,76.627,0,1,1,1,1,0,Avatar IK kemik fallback,1,1,1,1,-2.406,-0.127,12.380,15.868,2.375,0.005,24.694,1.338,0.000,1.546,0.117,1.980,1.646,-0.410,1.931,1.463,-0.406,1.904,1.625,-0.871,1.971,1.474,-0.867,1.952
692,76.740,0,1,1,1,1,0,Avatar IK kemik fallback,1,1,1,1,-2.414,-0.125,12.612,16.029,2.297,0.002,23.857,1.335,0.000,1.546,0.116,1.979,1.646,-0.410,1.929,1.463,-0.406,1.902,1.625,-0.872,1.970,1.474,-0.868,1.951
693,76.862,0,1,1,1,1,0,Avatar IK kemik fallback,1,1,1,1,-2.505,-0.069,13.194,16.470,2.407,0.014,22.084,1.267,0.000,1.544,0.115,1.979,1.646,-0.411,1.926,1.463,-0.407,1.899,1.625,-0.872,1.968,1.474,-0.868,1.950
694,76.973,0,1,1,1,1,0,Avatar IK kemik fallback,1,1,1,1,-2.526,-0.028,13.375,16.662,2.627,0.009,21.887,1.199,0.000,1.544,0.115,1.978,1.646,-0.411,1.925,1.463,-0.407,1.898,1.625,-0.872,1.968,1.474,-0.868,1.949
695,77.073,0,1,1,1,1,0,Avatar IK kemik fallback,1,1,1,1,-2.541,-0.044,13.820,17.006,2.875,0.005,20.671,1.196,0.000,1.544,0.114,1.978,1.646,-0.411,1.922,1.463,-0.408,1.896,1.625,-0.873,1.966,1.474,-0.868,1.948
696,77.185,0,1,1,1,1,0,Avatar IK kemik fallback,1,1,1,1,-2.567,-0.034,14.282,17.420,3.106,0.004,19.793,1.136,0.000,1.544,0.113,1.977,1.646,-0.412,1.919,1.463,-0.408,1.893,1.625,-0.873,1.965,1.474,-0.869,1.947
697,77.296,0,1,1,1,1,0,Avatar IK kemik fallback,1,1,1,1,-2.617,-0.020,14.828,17.951,3.328,0.013,19.058,1.081,0.000,1.544,0.112,1.976,1.647,-0.413,1.916,1.463,-0.409,1.890,1.625,-0.874,1.963,1.474,-0.869,1.946
698,77.399,0,1,1,1,1,0,Avatar IK kemik fallback,1,1,1,1,-2.626,-0.028,15.276,18.420,3.591,0.024,18.664,1.062,0.000,1.544,0.111,1.974,1.647,-0.414,1.912,1.463,-0.410,1.887,1.625,-0.874,1.962,1.474,-0.870,1.945
699,77.508,0,1,1,1,1,0,Avatar IK kemik fallback,1,1,1,1,-2.637,0.000,15.426,18.659,3.955,0.027,18.967,1.079,0.000,1.544,0.110,1.972,1.647,-0.414,1.910,1.463,-0.410,1.884,1.626,-0.875,1.961,1.474,-0.870,1.944
700,77.620,0,1,1,1,1,0,Avatar IK kemik fallback,1,1,1,1,-2.628,0.020,15.340,18.717,4.473,0.032,19.834,1.055,0.000,1.544,0.110,1.969,1.647,-0.415,1.910,1.463,-0.411,1.883,1.626,-0.875,1.962,1.473,-0.871,1.945
701,77.742,0,1,1,1,1,0,Avatar IK kemik fallback,1,1,1,1,-2.629,0.000,15.955,19.251,5.271,0.041,18.727,1.017,0.000,1.544,0.109,1.965,1.647,-0.416,1.905,1.463,-0.412,1.879,1.626,-0.876,1.962,1.473,-0.872,1.945
702,77.852,0,1,1,1,1,0,Avatar IK kemik fallback,1,1,1,1,-2.595,-0.044,16.305,19.681,6.159,0.047,18.760,1.124,0.000,1.545,0.107,1.960,1.648,-0.418,1.902,1.464,-0.414,1.875,1.626,-0.877,1.962,1.473,-0.872,1.945
703,77.953,0,1,1,1,1,0,Avatar IK kemik fallback,1,1,1,1,-2.683,-0.095,17.277,20.482,7.262,0.048,16.974,1.218,0.000,1.545,0.106,1.956,1.648,-0.419,1.897,1.464,-0.415,1.870,1.625,-0.878,1.965,1.473,-0.873,1.946
704,78.064,0,1,1,1,1,0,Avatar IK kemik fallback,1,1,1,1,-10.234,-0.401,18.493,20.652,8.459,0.017,11.029,2.580,0.000,1.546,0.117,1.953,1.692,-0.409,1.917,1.462,-0.406,1.875,1.652,-0.865,1.992,1.472,-0.862,1.960
705,78.187,0,1,1,1,1,0,Avatar IK kemik fallback,1,1,1,1,-11.452,-1.794,23.556,25.633,9.217,0.035,8.447,3.196,0.000,1.548,0.128,1.958,1.704,-0.393,1.891,1.449,-0.388,1.849,1.664,-0.847,1.978,1.455,-0.843,1.942
706,78.300,0,1,1,1,1,0,Avatar IK kemik fallback,1,1,1,1,-10.240,-0.931,21.844,24.513,9.362,0.012,11.514,3.380,0.000,1.550,0.131,1.960,1.696,-0.392,1.899,1.456,-0.386,1.858,1.658,-0.846,1.984,1.463,-0.841,1.948
707,78.401,0,1,1,1,1,0,Avatar IK kemik fallback,1,1,1,1,-8.189,1.015,16.536,20.538,9.357,0.021,21.587,3.408,0.000,1.550,0.126,1.962,1.680,-0.401,1.926,1.472,-0.396,1.881,1.644,-0.859,1.997,1.479,-0.853,1.961
708,78.512,0,1,1,1,1,0,Avatar IK kemik fallback,1,1,1,1,-2.428,-0.182,12.474,16.501,9.179,0.050,27.800,3.513,0.000,1.552,0.122,1.967,1.646,-0.406,1.934,1.466,-0.402,1.898,1.621,-0.866,1.993,1.476,-0.862,1.957
709,78.621,0,1,1,1,1,0,Avatar IK kemik fallback,1,1,1,1,-1.765,0.192,6.148,6.475,9.015,0.037,5.176,1.508,0.000,1.555,0.132,1.970,1.644,-0.398,1.963,1.469,-0.397,1.951,1.621,-0.860,1.995,1.479,-0.860,1.979
710,78.733,0,1,1,1,1,0,Avatar IK kemik fallback,1,1,1,1,-1.640,-0.034,5.742,11.081,9.276,0.051,63.473,2.974,0.000,1.559,0.126,1.980,1.646,-0.403,1.967,1.470,-0.400,1.930,1.623,-0.866,1.991,1.479,-0.863,1.962
711,78.846,0,1,1,1,1,0,Avatar IK kemik fallback,1,1,1,1,-1.670,0.020,5.866,10.781,9.932,0.103,59.052,2.409,0.000,1.561,0.127,1.985,1.647,-0.403,1.969,1.472,-0.400,1.935,1.621,-0.865,1.991,1.479,-0.862,1.966
712,78.956,0,1,1,1,1,0,Avatar IK kemik fallback,1,1,1,1,-1.758,-0.020,6.176,12.946,11.107,0.025,70.800,3.121,0.000,1.562,0.123,1.989,1.647,-0.406,1.971,1.472,-0.401,1.925,1.620,-0.869,1.993,1.478,-0.864,1.961
713,79.067,0,1,1,1,1,0,Avatar IK kemik fallback,1,1,1,1,-1.888,-0.079,8.587,14.550,12.420,0.017,51.549,2.355,0.000,1.563,0.121,1.992,1.649,-0.407,1.958,1.473,-0.402,1.918,1.620,-0.870,1.983,1.478,-0.865,1.957
714,79.179,0,1,1,1,1,0,Avatar IK kemik fallback,1,1,1,1,-1.916,-0.151,9.666,15.196,13.660,0.014,44.485,2.168,0.000,1.563,0.120,1.993,1.650,-0.408,1.952,1.473,-0.403,1.915,1.621,-0.870,1.980,1.478,-0.865,1.956
715,79.301,0,1,1,1,1,0,Avatar IK kemik fallback,1,1,1,1,-1.954,-0.153,10.439,15.655,14.960,0.023,39.982,2.169,0.000,1.562,0.119,1.994,1.649,-0.408,1.949,1.472,-0.403,1.914,1.621,-0.870,1.979,1.478,-0.865,1.955
716,79.412,0,1,1,1,1,0,Avatar IK kemik fallback,1,1,1,1,-2.020,-0.214,11.700,16.340,15.817,0.023,33.099,1.983,0.000,1.561,0.117,1.994,1.649,-0.409,1.941,1.471,-0.404,1.910,1.622,-0.871,1.975,1.478,-0.866,1.953
717,79.524,0,1,1,1,1,0,Avatar IK kemik fallback,1,1,1,1,-2.104,-0.205,12.906,17.038,16.436,0.028,27.598,1.820,0.000,1.559,0.115,1.994,1.649,-0.410,1.935,1.470,-0.405,1.906,1.622,-0.872,1.971,1.478,-0.867,1.951
718,79.625,0,1,1,1,1,0,Avatar IK kemik fallback,1,1,1,1,-2.162,-0.171,13.237,17.149,16.798,0.020,25.748,1.879,0.000,1.557,0.115,1.993,1.648,-0.410,1.933,1.470,-0.406,1.905,1.623,-0.872,1.971,1.478,-0.867,1.950
719,79.735,0,1,1,1,1,0,Avatar IK kemik fallback,1,1,1,1,-2.196,-0.180,13.639,17.508,16.847,0.017,24.846,1.908,0.000,1.555,0.114,1.992,1.648,-0.411,1.930,1.469,-0.406,1.902,1.623,-0.873,1.969,1.479,-0.868,1.948
720,79.847,0,1,1,1,1,0,Avatar IK kemik fallback,1,1,1,1,-2.188,-0.170,13.518,17.500,16.447,0.035,25.672,2.054,0.000,1.554,0.114,1.990,1.647,-0.411,1.930,1.468,-0.406,1.901,1.623,-0.873,1.970,1.479,-0.868,1.948
721,79.958,0,1,1,1,1,0,Avatar IK kemik fallback,1,1,1,1,-2.196,-0.105,13.407,17.482,15.437,0.040,26.389,2.018,0.000,1.552,0.114,1.987,1.646,-0.412,1.929,1.468,-0.407,1.900,1.623,-0.873,1.971,1.479,-0.868,1.949
722,80.071,0,1,1,1,1,0,Avatar IK kemik fallback,1,1,1,1,-2.248,0.000,13.050,17.205,13.835,0.038,27.463,2.038,0.000,1.551,0.115,1.983,1.646,-0.412,1.930,1.468,-0.407,1.900,1.622,-0.873,1.973,1.479,-0.868,1.950
723,80.180,0,1,1,1,1,0,Avatar IK kemik fallback,1,1,1,1,-2.244,0.079,12.629,17.002,12.332,0.048,29.515,1.981,0.000,1.550,0.115,1.978,1.645,-0.412,1.931,1.468,-0.407,1.900,1.622,-0.873,1.976,1.479,-0.868,1.953
724,80.282,0,1,1,1,1,0,Avatar IK kemik fallback,1,1,1,1,-2.259,0.108,12.645,17.121,11.078,0.031,30.073,1.954,0.000,1.550,0.115,1.975,1.645,-0.412,1.931,1.468,-0.407,1.899,1.622,-0.873,1.979,1.479,-0.868,1.956
725,80.393,0,1,1,1,1,0,Avatar IK kemik fallback,1,1,1,1,-2.295,0.168,12.600,17.091,10.096,0.035,30.247,1.978,0.000,1.549,0.116,1.971,1.645,-0.412,1.931,1.468,-0.408,1.898,1.621,-0.873,1.982,1.479,-0.867,1.958
726,80.503,0,1,1,1,1,0,Avatar IK kemik fallback,1,1,1,1,-2.301,0.206,12.464,17.000,9.917,0.027,30.786,1.893,0.000,1.548,0.116,1.968,1.644,-0.412,1.931,1.468,-0.408,1.898,1.621,-0.872,1.984,1.479,-0.867,1.961
727,80.606,0,1,1,1,1,0,Avatar IK kemik fallback,1,1,1,1,-2.316,0.207,12.427,16.828,10.472,0.018,30.083,1.834,0.000,1.547,0.116,1.965,1.644,-0.412,1.930,1.468,-0.408,1.898,1.621,-0.873,1.984,1.479,-0.868,1.962
728,80.716,0,1,1,1,1,0,Avatar IK kemik fallback,1,1,1,1,-2.263,0.226,11.587,16.123,11.618,0.021,32.738,1.876,0.000,1.547,0.117,1.962,1.644,-0.412,1.934,1.468,-0.408,1.901,1.621,-0.872,1.987,1.479,-0.867,1.965
729,80.838,0,1,1,1,1,0,Avatar IK kemik fallback,1,1,1,1,-2.222,0.278,10.146,15.048,13.031,0.019,38.917,2.265,0.000,1.547,0.119,1.960,1.643,-0.411,1.943,1.467,-0.407,1.906,1.621,-0.871,1.996,1.479,-0.867,1.970
730,80.949,0,1,1,1,1,0,Avatar IK kemik fallback,1,1,1,1,-2.198,0.348,10.065,15.187,14.006,0.022,40.567,2.502,0.000,1.547,0.119,1.958,1.642,-0.411,1.946,1.467,-0.408,1.908,1.620,-0.871,2.005,1.478,-0.867,1.976
731,81.050,0,1,1,1,1,0,Avatar IK kemik fallback,1,1,1,1,-2.168,0.500,9.430,15.342,14.726,0.028,47.733,2.808,0.000,1.547,0.119,1.955,1.641,-0.411,1.955,1.467,-0.408,1.912,1.618,-0.870,2.019,1.477,-0.866,1.988
732,81.161,0,1,1,1,1,0,Avatar IK kemik fallback,1,1,1,1,-4.083,3.358,9.646,16.139,15.377,0.055,50.357,3.281,0.000,1.547,0.119,1.950,1.651,-0.411,1.964,1.484,-0.408,1.916,1.622,-0.868,2.039,1.486,-0.864,2.004
733,81.272,0,1,1,1,1,0,Avatar IK kemik fallback,1,1,1,1,-3.958,2.484,10.827,15.816,16.154,0.079,37.450,3.065,0.000,1.548,0.120,1.943,1.648,-0.410,1.963,1.479,-0.409,1.922,1.617,-0.864,2.055,1.484,-0.862,2.022
734,81.385,0,1,1,1,1,0,Avatar IK kemik fallback,1,1,1,1,-4.793,1.908,13.458,18.829,17.102,0.050,33.271,3.283,0.000,1.550,0.115,1.937,1.650,-0.415,1.955,1.478,-0.413,1.911,1.613,-0.864,2.064,1.485,-0.861,2.030
735,81.496,0,1,1,1,1,0,Avatar IK kemik fallback,1,1,1,1,-7.547,1.957,22.157,25.400,17.970,0.025,13.639,2.028,0.000,1.550,0.103,1.933,1.664,-0.426,1.913,1.480,-0.423,1.883,1.617,-0.867,2.051,1.486,-0.863,2.029
736,81.606,0,1,1,1,1,0,Avatar IK kemik fallback,1,1,1,1,-9.959,2.177,30.399,32.350,18.448,0.027,6.220,1.389,0.000,1.551,0.085,1.932,1.677,-0.440,1.875,1.484,-0.436,1.851,1.621,-0.871,2.038,1.489,-0.867,2.022
737,81.718,0,1,1,1,1,0,Avatar IK kemik fallback,1,1,1,1,-11.437,3.148,35.814,37.350,18.561,0.018,4.198,1.093,0.000,1.551,0.067,1.930,1.683,-0.454,1.851,1.489,-0.449,1.829,1.623,-0.877,2.032,1.491,-0.873,2.018
738,81.831,0,1,1,1,1,0,Avatar IK kemik fallback,1,1,1,1,-12.672,4.563,41.458,42.196,18.396,0.021,1.766,1.112,0.000,1.552,0.045,1.928,1.688,-0.470,1.826,1.496,-0.466,1.808,1.624,-0.884,2.027,1.492,-0.882,2.014
739,81.941,0,1,1,1,1,0,Avatar IK kemik fallback,1,1,1,1,-14.452,4.811,47.784,47.898,18.165,0.039,0.239,0.959,0.000,1.550,0.019,1.925,1.695,-0.490,1.802,1.499,-0.486,1.785,1.624,-0.890,2.027,1.495,-0.889,2.014
740,82.063,0,1,1,1,1,0,Avatar IK kemik fallback,1,1,1,1,-16.430,5.247,55.498,54.644,17.950,0.030,1.550,0.647,0.000,1.546,-0.011,1.922,1.702,-0.510,1.774,1.503,-0.507,1.760,1.625,-0.893,2.026,1.499,-0.894,2.015
741,82.175,0,1,1,1,1,0,Avatar IK kemik fallback,1,1,1,1,-19.167,5.003,61.837,61.155,17.892,0.048,1.109,0.065,0.000,1.541,-0.038,1.918,1.712,-0.529,1.752,1.506,-0.526,1.735,1.627,-0.896,2.024,1.502,-0.895,2.016
742,82.275,0,1,1,1,1,0,Avatar IK kemik fallback,1,1,1,1,-22.337,4.729,66.013,64.933,17.846,0.017,1.651,0.369,0.000,1.539,-0.055,1.916,1.722,-0.540,1.741,1.508,-0.537,1.721,1.625,-0.895,2.026,1.505,-0.895,2.015
743,82.387,0,1,1,1,1,0,Avatar IK kemik fallback,1,1,1,1,-24.219,10.321,65.616,63.627,17.876,0.050,3.077,0.000,0.046,1.536,-0.047,1.913,1.728,-0.532,1.744,1.527,-0.530,1.727,1.623,-0.889,2.025,1.505,-0.893,2.016
744,82.488,0,1,1,1,1,0,Avatar IK kemik fallback,1,1,1,1,-23.509,12.439,60.874,57.526,17.914,0.086,5.656,0.000,0.423,1.529,-0.012,1.913,1.729,-0.504,1.767,1.535,-0.504,1.754,1.624,-0.875,2.029,1.503,-0.883,2.021
745,82.599,0,1,1,1,1,0,Avatar IK kemik fallback,1,1,1,1,-14.332,6.534,41.826,36.615,18.379,0.161,13.286,0.000,1.351,1.520,0.077,1.904,1.690,-0.441,1.842,1.504,-0.443,1.839,1.614,-0.847,2.056,1.492,-0.855,2.052
746,82.699,0,1,1,1,1,0,Avatar IK kemik fallback,1,1,1,1,-14.517,13.864,34.502,29.368,18.979,0.073,16.078,0.000,1.044,1.513,0.142,1.917,1.727,-0.357,1.808,1.531,-0.363,1.808,1.696,-0.808,1.914,1.508,-0.819,1.896
747,82.809,0,1,1,1,1,0,Avatar IK kemik fallback,1,1,1,1,-12.470,1.047,27.559,24.993,19.083,0.024,9.764,0.000,2.580,1.512,0.239,1.919,1.721,-0.263,1.813,1.443,-0.273,1.789,1.709,-0.723,1.873,1.437,-0.731,1.861
748,82.922,0,1,1,1,1,0,Avatar IK kemik fallback,1,1,1,1,-8.142,10.355,28.566,27.660,18.868,0.038,3.220,1.711,0.000,1.514,0.208,1.927,1.694,-0.303,1.831,1.484,-0.303,1.809,1.689,-0.755,1.933,1.448,-0.759,1.890
749,83.032,0,1,1,1,1,0,Avatar IK kemik fallback,1,1,1,1,-15.072,-8.397,45.813,48.586,18.209,0.168,5.876,2.495,0.000,1.519,0.067,1.921,1.700,-0.444,1.829,1.422,-0.441,1.779,1.641,-0.846,2.054,1.450,-0.839,2.016
750,83.143,0,1,1,1,1,0,Avatar IK kemik fallback,1,1,1,1,-23.073,-7.363,62.928,68.535,17.401,0.047,8.530,2.105,0.000,1.526,-0.042,1.915,1.727,-0.533,1.765,1.427,-0.523,1.710,1.641,-0.891,2.050,1.442,-0.867,2.021
751,83.246,0,1,1,1,1,0,Avatar IK kemik fallback,1,1,1,1,-29.983,-6.247,71.911,76.339,16.555,0.092,5.975,1.503,0.000,1.528,-0.095,1.921,1.743,-0.573,1.744,1.427,-0.565,1.695,1.638,-0.905,2.054,1.437,-0.881,2.034
752,83.356,0,1,1,1,1,0,Avatar IK kemik fallback,1,1,1,1,-27.100,-7.201,71.275,74.297,15.855,0.135,4.152,0.653,0.000,1.526,-0.090,1.927,1.736,-0.568,1.747,1.423,-0.563,1.707,1.639,-0.903,2.056,1.433,-0.886,2.040
753,83.478,0,1,1,1,1,0,Avatar IK kemik fallback,1,1,1,1,-21.442,-4.851,63.408,66.454,15.442,0.116,4.692,0.000,0.452,1.522,-0.054,1.936,1.721,-0.540,1.772,1.429,-0.538,1.736,1.642,-0.904,2.051,1.433,-0.888,2.041
754,83.589,0,1,1,1,1,0,Avatar IK kemik fallback,1,1,1,1,-18.640,-2.540,58.331,60.665,15.490,0.067,3.922,0.000,1.538,1.518,-0.027,1.943,1.714,-0.518,1.792,1.437,-0.519,1.761,1.643,-0.899,2.048,1.433,-0.887,2.044
755,83.690,0,1,1,1,1,0,Avatar IK kemik fallback,1,1,1,1,-17.665,-1.674,56.150,57.625,15.826,0.036,2.594,0.000,1.627,1.515,-0.016,1.946,1.710,-0.511,1.806,1.441,-0.514,1.775,1.639,-0.897,2.056,1.433,-0.888,2.050
756,83.802,0,1,1,1,1,0,Avatar IK kemik fallback,1,1,1,1,-17.498,-1.044,54.487,55.347,16.214,0.074,1.565,0.000,1.760,1.512,-0.005,1.951,1.709,-0.502,1.818,1.446,-0.505,1.787,1.636,-0.892,2.060,1.436,-0.885,2.053
757,83.924,0,1,1,1,1,0,Avatar IK kemik fallback,1,1,1,1,-17.205,-1.048,48.234,48.856,17.389,0.055,1.281,0.000,1.508,1.511,0.025,1.960,1.707,-0.478,1.845,1.444,-0.481,1.812,1.637,-0.886,2.056,1.438,-0.881,2.047
758,84.035,0,1,1,1,1,0,Avatar IK kemik fallback,1,1,1,1,-14.141,0.376,37.681,38.104,18.755,0.046,1.117,0.000,0.908,1.512,0.064,1.965,1.693,-0.450,1.886,1.445,-0.452,1.853,1.636,-0.878,2.057,1.438,-0.875,2.043
759,84.158,0,1,1,1,1,0,Avatar IK kemik fallback,1,1,1,1,-10.898,2.854,25.903,26.428,20.683,0.047,2.007,0.199,0.000,1.514,0.095,1.973,1.676,-0.428,1.933,1.449,-0.428,1.900,1.635,-0.873,2.058,1.437,-0.872,2.036
760,84.270,0,1,1,1,1,0,Avatar IK kemik fallback,1,1,1,1,-7.559,4.468,14.700,17.373,22.473,0.100,16.665,1.034,0.000,1.517,0.114,1.983,1.660,-0.414,1.978,1.452,-0.413,1.938,1.634,-0.871,2.055,1.437,-0.868,2.026
761,84.379,0,1,1,1,1,0,Avatar IK kemik fallback,1,1,1,1,-2.892,0.593,9.248,13.099,24.538,0.049,34.458,0.562,0.000,1.519,0.120,1.991,1.636,-0.409,1.979,1.432,-0.407,1.940,1.626,-0.871,2.021,1.427,-0.868,1.995
762,84.480,0,1,1,1,1,0,Avatar IK kemik fallback,1,1,1,1,-2.925,0.227,8.990,12.835,26.538,0.066,35.234,0.477,0.000,1.522,0.121,1.997,1.639,-0.407,1.975,1.433,-0.405,1.935,1.628,-0.870,2.004,1.429,-0.867,1.978
763,84.592,0,1,1,1,1,0,Avatar IK kemik fallback,1,1,1,1,-2.709,0.000,8.809,13.506,28.038,0.081,42.096,1.215,0.000,1.526,0.122,2.003,1.640,-0.407,1.979,1.434,-0.403,1.934,1.628,-0.870,2.006,1.429,-0.865,1.976
764,84.714,0,1,1,1,1,0,Avatar IK kemik fallback,1,1,1,1,-2.659,-0.209,10.607,15.362,30.242,0.045,36.621,1.441,0.000,1.529,0.119,2.009,1.641,-0.408,1.971,1.435,-0.403,1.927,1.628,-0.871,2.000,1.431,-0.865,1.970
765,84.825,0,1,1,1,1,0,Avatar IK kemik fallback,1,1,1,1,-2.551,-0.275,9.903,15.133,31.766,0.028,41.774,1.858,0.000,1.529,0.120,2.012,1.640,-0.407,1.977,1.435,-0.402,1.932,1.627,-0.870,2.006,1.431,-0.865,1.973
766,84.926,0,1,1,1,1,0,Avatar IK kemik fallback,1,1,1,1,-2.572,-0.241,9.417,14.856,32.975,0.031,44.813,2.411,0.000,1.528,0.121,2.014,1.638,-0.407,1.984,1.434,-0.402,1.935,1.626,-0.870,2.013,1.432,-0.865,1.976
767,85.037,0,1,1,1,1,0,Avatar IK kemik fallback,1,1,1,1,-2.569,-0.183,8.990,14.318,32.668,0.024,45.718,2.347,0.000,1.525,0.121,2.016,1.637,-0.407,1.987,1.433,-0.402,1.939,1.626,-0.870,2.015,1.432,-0.865,1.978
768,85.138,0,1,1,1,1,0,Avatar IK kemik fallback,1,1,1,1,-2.564,-0.193,8.361,13.667,31.499,0.021,48.172,2.186,0.000,1.524,0.122,2.016,1.637,-0.407,1.991,1.433,-0.402,1.944,1.626,-0.870,2.015,1.433,-0.865,1.980
769,85.249,0,1,1,1,1,0,Avatar IK kemik fallback,1,1,1,1,-2.560,-0.103,7.325,12.805,29.967,0.009,54.450,2.242,0.000,1.523,0.123,2.017,1.636,-0.406,1.998,1.432,-0.402,1.948,1.626,-0.869,2.020,1.432,-0.865,1.983
770,85.360,0,1,1,1,1,0,Avatar IK kemik fallback,1,1,1,1,-2.618,-0.020,7.016,12.505,28.494,0.011,56.239,2.048,0.000,1.522,0.123,2.016,1.635,-0.406,2.000,1.432,-0.402,1.950,1.626,-0.869,2.021,1.432,-0.865,1.985
771,85.483,0,1,1,1,1,0,Avatar IK kemik fallback,1,1,1,1,-2.638,0.034,6.728,12.300,26.322,0.026,58.569,1.969,0.000,1.521,0.123,2.013,1.635,-0.406,2.000,1.432,-0.402,1.950,1.625,-0.869,2.022,1.431,-0.865,1.986
772,85.594,0,1,1,1,1,0,Avatar IK kemik fallback,1,1,1,1,-2.642,0.095,6.252,11.499,24.129,0.062,59.111,1.750,0.000,1.521,0.124,2.008,1.634,-0.405,2.000,1.431,-0.402,1.953,1.625,-0.868,2.024,1.431,-0.865,1.991
773,85.694,0,1,1,1,1,0,Avatar IK kemik fallback,1,1,1,1,-2.600,0.133,6.168,11.249,21.227,0.074,58.342,1.415,0.000,1.521,0.125,2.001,1.634,-0.405,1.997,1.431,-0.403,1.953,1.625,-0.868,2.024,1.430,-0.865,1.995
774,85.806,0,1,1,1,1,0,Avatar IK kemik fallback,1,1,1,1,-2.594,0.235,6.395,10.855,18.274,0.093,51.709,1.193,0.000,1.521,0.125,1.991,1.634,-0.405,1.994,1.430,-0.404,1.953,1.625,-0.868,2.028,1.429,-0.865,2.001
775,85.928,0,1,1,1,1,0,Avatar IK kemik fallback,1,1,1,1,-2.666,0.329,6.980,12.180,15.557,0.122,54.285,1.459,0.000,1.520,0.122,1.980,1.633,-0.407,1.989,1.430,-0.406,1.944,1.623,-0.869,2.036,1.428,-0.866,2.006
776,86.039,0,1,1,1,1,0,Avatar IK kemik fallback,1,1,1,1,-2.823,0.295,7.965,13.300,14.909,0.103,50.184,2.029,0.000,1.519,0.122,1.968,1.632,-0.408,1.985,1.430,-0.407,1.937,1.621,-0.867,2.047,1.428,-0.864,2.012
777,86.140,0,1,1,1,1,0,Avatar IK kemik fallback,1,1,1,1,-6.790,0.093,11.126,15.074,16.299,0.041,30.137,2.405,0.000,1.518,0.126,1.960,1.656,-0.402,1.979,1.429,-0.402,1.926,1.636,-0.860,2.051,1.428,-0.858,2.012
778,86.251,0,1,1,1,1,0,Avatar IK kemik fallback,1,1,1,1,-9.043,-0.345,15.042,17.845,18.937,0.020,17.046,2.314,0.000,1.516,0.137,1.955,1.673,-0.390,1.956,1.426,-0.390,1.902,1.650,-0.847,2.034,1.423,-0.845,1.993
779,86.351,0,1,1,1,1,0,Avatar IK kemik fallback,1,1,1,1,-9.633,-0.926,16.224,19.513,21.822,0.014,18.408,2.852,0.000,1.515,0.154,1.951,1.684,-0.370,1.937,1.417,-0.369,1.876,1.669,-0.828,2.009,1.410,-0.826,1.960
780,86.464,0,1,1,1,1,0,Avatar IK kemik fallback,1,1,1,1,-8.212,-0.657,15.776,20.059,24.217,0.035,23.905,4.476,0.000,1.517,0.167,1.952,1.686,-0.357,1.922,1.408,-0.353,1.855,1.683,-0.817,1.983,1.391,-0.812,1.919
781,86.576,0,1,1,1,1,0,Avatar IK kemik fallback,1,1,1,1,-7.540,0.511,16.327,21.302,25.817,0.021,26.444,5.334,0.000,1.517,0.167,1.953,1.683,-0.357,1.917,1.416,-0.351,1.849,1.682,-0.816,1.983,1.398,-0.810,1.915
782,86.697,0,1,1,1,1,0,Avatar IK kemik fallback,1,1,1,1,-9.303,-1.138,18.057,22.608,26.746,0.029,22.383,5.639,0.000,1.520,0.162,1.958,1.693,-0.359,1.911,1.407,-0.353,1.845,1.688,-0.819,1.977,1.392,-0.812,1.910
783,86.808,0,1,1,1,1,0,Avatar IK kemik fallback,1,1,1,1,-10.224,-1.587,17.315,21.885,26.658,0.063,23.318,5.661,0.000,1.520,0.161,1.964,1.698,-0.360,1.923,1.398,-0.354,1.855,1.692,-0.820,1.984,1.379,-0.813,1.919
784,86.908,0,1,1,1,1,0,Avatar IK kemik fallback,1,1,1,1,-11.539,-2.078,17.659,22.007,25.889,0.055,21.924,4.787,0.000,1.520,0.149,1.971,1.701,-0.373,1.940,1.400,-0.369,1.873,1.686,-0.832,2.004,1.388,-0.826,1.948
785,87.020,0,1,1,1,1,0,Avatar IK kemik fallback,1,1,1,1,-13.383,-1.839,18.860,21.534,24.603,0.060,13.241,4.070,0.000,1.518,0.127,1.980,1.702,-0.395,1.957,1.410,-0.394,1.894,1.674,-0.853,2.028,1.407,-0.850,1.979
786,87.121,0,1,1,1,1,0,Avatar IK kemik fallback,1,1,1,1,-13.429,-5.170,22.407,26.267,23.075,0.143,15.857,1.500,0.000,1.517,0.106,1.991,1.693,-0.416,1.949,1.398,-0.414,1.899,1.658,-0.870,2.038,1.409,-0.863,2.014
787,87.231,0,1,1,1,1,0,Avatar IK kemik fallback,1,1,1,1,-14.718,-7.434,33.215,35.374,21.737,0.047,6.295,0.086,0.000,1.516,0.069,2.001,1.693,-0.444,1.907,1.398,-0.442,1.875,1.645,-0.887,2.037,1.422,-0.881,2.025
788,87.332,0,1,1,1,1,0,Avatar IK kemik fallback,1,1,1,1,-13.643,-1.692,43.554,45.177,20.573,0.041,3.658,0.000,0.602,1.516,0.027,2.001,1.690,-0.473,1.859,1.428,-0.472,1.835,1.643,-0.901,2.031,1.431,-0.895,2.024
789,87.444,0,1,1,1,1,0,Avatar IK kemik fallback,1,1,1,1,-20.798,-0.020,55.026,55.895,19.419,0.047,1.567,0.000,0.741,1.515,-0.027,1.998,1.717,-0.508,1.822,1.443,-0.508,1.792,1.643,-0.918,2.028,1.439,-0.912,2.020
790,87.544,0,1,1,1,1,0,Avatar IK kemik fallback,1,1,1,1,-22.990,0.594,62.756,63.553,18.551,0.030,1.262,0.000,1.275,1.513,-0.068,1.995,1.728,-0.535,1.798,1.454,-0.536,1.765,1.642,-0.928,2.032,1.445,-0.921,2.024
791,87.665,0,1,1,1,1,0,Avatar IK kemik fallback,1,1,1,1,-19.799,0.374,64.147,65.003,18.434,0.099,1.325,0.000,1.429,1.510,-0.072,2.002,1.716,-0.535,1.796,1.456,-0.537,1.766,1.639,-0.925,2.038,1.447,-0.918,2.030
792,87.777,0,1,1,1,1,0,Avatar IK kemik fallback,1,1,1,1,-18.819,-0.525,57.121,57.917,19.791,0.107,1.383,0.000,1.363,1.507,-0.031,2.013,1.711,-0.504,1.826,1.447,-0.506,1.794,1.640,-0.913,2.036,1.442,-0.907,2.027
793,87.879,0,1,1,1,1,0,Avatar IK kemik fallback,1,1,1,1,-16.596,-0.200,46.946,48.244,22.163,0.085,2.727,0.000,1.552,1.504,0.020,2.022,1.701,-0.470,1.869,1.441,-0.471,1.837,1.640,-0.899,2.039,1.439,-0.892,2.032
794,87.990,0,1,1,1,1,0,Avatar IK kemik fallback,1,1,1,1,-12.465,1.514,33.814,35.545,24.771,0.082,4.991,0.000,0.753,1.503,0.070,2.031,1.680,-0.439,1.926,1.440,-0.438,1.892,1.638,-0.884,2.049,1.436,-0.879,2.036
795,88.099,0,1,1,1,1,0,Avatar IK kemik fallback,1,1,1,1,-8.548,2.885,21.282,23.767,27.030,0.032,11.033,0.826,0.000,1.503,0.102,2.037,1.659,-0.419,1.979,1.439,-0.417,1.941,1.635,-0.876,2.059,1.434,-0.871,2.034
796,88.201,0,1,1,1,1,0,Avatar IK kemik fallback,1,1,1,1,-5.418,3.467,9.743,14.499,28.535,0.017,39.237,1.121,0.000,1.501,0.120,2.040,1.640,-0.408,2.026,1.437,-0.406,1.981,1.631,-0.871,2.060,1.433,-0.867,2.033
797,88.312,0,1,1,1,1,0,Avatar IK kemik fallback,1,1,1,1,-2.943,0.824,7.731,7.529,29.038,0.020,2.648,0.000,1.038,1.501,0.129,2.040,1.626,-0.399,2.019,1.421,-0.400,2.007,1.625,-0.863,2.040,1.426,-0.863,2.033
798,88.435,0,1,1,1,1,0,Avatar IK kemik fallback,1,1,1,1,-2.903,0.673,7.579,8.303,28.836,0.017,9.122,0.169,0.000,1.501,0.128,2.043,1.627,-0.400,2.020,1.422,-0.400,1.997,1.626,-0.864,2.038,1.430,-0.863,2.018
799,88.545,0,1,1,1,1,0,Avatar IK kemik fallback,1,1,1,1,-2.927,0.693,7.776,12.458,27.965,0.028,46.284,1.713,0.000,1.502,0.122,2.045,1.627,-0.405,2.021,1.425,-0.402,1.974,1.626,-0.869,2.039,1.431,-0.865,2.004
800,88.647,0,1,1,1,1,0,Avatar IK kemik fallback,1,1,1,1,-3.095,0.625,10.850,15.023,26.618,0.027,32.251,1.384,0.000,1.504,0.118,2.045,1.630,-0.408,2.002,1.427,-0.404,1.960,1.626,-0.871,2.028,1.431,-0.866,1.996
801,88.757,0,1,1,1,1,0,Avatar IK kemik fallback,1,1,1,1,-3.075,0.525,12.014,15.959,24.804,0.035,28.210,1.486,0.000,1.507,0.116,2.043,1.631,-0.409,1.994,1.427,-0.405,1.954,1.626,-0.872,2.024,1.431,-0.867,1.994
802,88.857,0,1,1,1,1,0,Avatar IK kemik fallback,1,1,1,1,-3.078,0.421,13.061,16.695,22.757,0.027,24.429,1.443,0.000,1.509,0.114,2.040,1.632,-0.410,1.986,1.427,-0.406,1.949,1.626,-0.873,2.021,1.430,-0.868,1.992
803,88.969,0,1,1,1,1,0,Avatar IK kemik fallback,1,1,1,1,-2.989,0.351,12.626,16.464,20.756,0.054,26.383,1.495,0.000,1.510,0.115,2.035,1.632,-0.411,1.987,1.427,-0.407,1.950,1.626,-0.873,2.024,1.429,-0.868,1.996
804,89.080,0,1,1,1,1,0,Avatar IK kemik fallback,1,1,1,1,-2.946,0.296,12.716,16.538,19.177,0.059,26.126,1.394,0.000,1.511,0.115,2.030,1.632,-0.411,1.983,1.426,-0.408,1.948,1.626,-0.873,2.024,1.428,-0.869,1.998
805,89.180,0,1,1,1,1,0,Avatar IK kemik fallback,1,1,1,1,-2.937,0.276,13.562,17.268,18.101,0.057,24.044,1.254,0.000,1.512,0.113,2.023,1.633,-0.413,1.976,1.426,-0.409,1.942,1.626,-0.874,2.023,1.427,-0.870,1.998
806,89.280,0,1,1,1,1,0,Avatar IK kemik fallback,1,1,1,1,-3.006,0.289,15.379,18.948,17.095,0.102,20.797,1.181,0.000,1.513,0.109,2.013,1.634,-0.416,1.963,1.427,-0.413,1.930,1.626,-0.876,2.022,1.426,-0.872,1.998
807,89.392,0,1,1,1,1,0,Avatar IK kemik fallback,1,1,1,1,-10.075,0.326,18.909,20.889,16.251,0.111,9.950,2.249,0.000,1.513,0.105,2.003,1.675,-0.418,1.963,1.427,-0.416,1.918,1.649,-0.876,2.036,1.425,-0.873,2.000
808,89.516,0,1,1,1,1,0,Avatar IK kemik fallback,1,1,1,1,-9.661,2.530,22.085,23.812,16.369,0.071,7.524,2.205,0.000,1.513,0.105,1.991,1.670,-0.419,1.948,1.441,-0.417,1.909,1.640,-0.871,2.049,1.434,-0.868,2.015
809,89.626,0,1,1,1,1,0,Avatar IK kemik fallback,1,1,1,1,-10.988,0.881,25.395,27.005,18.275,0.067,6.147,2.028,0.000,1.513,0.115,1.983,1.680,-0.406,1.927,1.432,-0.404,1.886,1.650,-0.855,2.038,1.427,-0.853,2.005
810,89.726,0,1,1,1,1,0,Avatar IK kemik fallback,1,1,1,1,-10.540,-1.499,24.107,27.209,21.262,0.055,12.087,2.171,0.000,1.512,0.135,1.977,1.685,-0.385,1.918,1.415,-0.382,1.869,1.663,-0.837,2.017,1.413,-0.833,1.979
811,89.839,0,1,1,1,1,0,Avatar IK kemik fallback,1,1,1,1,-9.354,-2.003,22.384,26.431,24.124,0.050,16.579,4.124,0.000,1.514,0.154,1.976,1.690,-0.364,1.908,1.400,-0.357,1.848,1.683,-0.821,1.989,1.386,-0.813,1.931
812,89.960,0,1,1,1,1,0,Avatar IK kemik fallback,1,1,1,1,-12.634,-1.537,26.160,28.067,26.602,0.038,7.034,3.080,0.000,1.516,0.138,1.976,1.701,-0.379,1.910,1.412,-0.377,1.860,1.677,-0.831,2.012,1.405,-0.828,1.968
813,90.061,0,1,1,1,1,0,Avatar IK kemik fallback,1,1,1,1,-13.932,-0.457,34.977,32.250,27.836,0.036,8.112,1.055,0.000,1.514,0.104,1.979,1.697,-0.409,1.893,1.424,-0.413,1.872,1.657,-0.845,2.046,1.418,-0.852,2.021
814,90.184,0,1,1,1,1,0,Avatar IK kemik fallback,1,1,1,1,-22.237,-5.489,48.460,47.076,28.445,0.136,2.898,1.109,0.000,1.516,0.038,1.976,1.723,-0.462,1.854,1.413,-0.464,1.819,1.642,-0.874,2.054,1.424,-0.876,2.031
815,90.305,0,1,1,1,1,0,Avatar IK kemik fallback,1,1,1,1,-19.924,1.385,55.428,56.597,29.600,0.221,2.088,1.284,0.000,1.523,-0.032,1.956,1.714,-0.526,1.807,1.446,-0.523,1.772,1.639,-0.917,2.047,1.432,-0.912,2.024
816,90.407,0,1,1,1,1,0,Avatar IK kemik fallback,1,1,1,1,-16.053,11.423,61.802,63.703,31.408,0.077,3.029,1.458,0.000,1.527,-0.081,1.942,1.698,-0.568,1.766,1.485,-0.561,1.743,1.638,-0.939,2.040,1.440,-0.931,2.019
817,90.517,0,1,1,1,1,0,Avatar IK kemik fallback,1,1,1,1,-19.287,19.487,67.733,69.960,31.958,0.052,3.234,0.954,0.000,1.527,-0.116,1.946,1.706,-0.592,1.750,1.514,-0.585,1.732,1.637,-0.948,2.040,1.446,-0.939,2.026
818,90.618,0,1,1,1,1,0,Avatar IK kemik fallback,1,1,1,1,-16.172,20.121,67.569,70.029,30.624,0.211,3.576,0.000,0.509,1.525,-0.107,1.971,1.700,-0.575,1.760,1.520,-0.569,1.747,1.636,-0.943,2.037,1.445,-0.932,2.029
819,90.728,0,1,1,1,1,0,Avatar IK kemik fallback,1,1,1,1,-14.628,14.518,59.061,61.280,28.107,0.353,3.689,0.000,2.069,1.517,-0.052,2.007,1.699,-0.522,1.803,1.500,-0.521,1.789,1.642,-0.926,2.025,1.440,-0.917,2.025
820,90.830,0,1,1,1,1,0,Avatar IK kemik fallback,1,1,1,1,-10.743,6.747,45.321,47.135,26.707,0.254,3.924,0.000,2.280,1.512,0.019,2.033,1.681,-0.469,1.865,1.468,-0.470,1.849,1.643,-0.903,2.027,1.440,-0.897,2.029
821,90.951,0,1,1,1,1,0,Avatar IK kemik fallback,1,1,1,1,-4.664,1.703,24.074,26.733,28.381,0.231,10.468,0.000,1.685,1.506,0.091,2.053,1.651,-0.423,1.955,1.438,-0.423,1.935,1.645,-0.881,2.032,1.437,-0.877,2.030
822,91.063,0,1,1,1,1,0,Avatar IK kemik fallback,1,1,1,1,-1.157,-0.155,12.396,14.955,31.787,0.045,18.710,0.000,2.568,1.504,0.119,2.062,1.632,-0.401,1.981,1.421,-0.401,1.970,1.646,-0.865,1.988,1.430,-0.864,1.998
823,91.164,0,1,1,1,1,0,Avatar IK kemik fallback,1,1,1,1,-1.566,-0.556,10.438,12.794,35.493,0.029,20.281,0.000,2.867,1.504,0.124,2.062,1.631,-0.396,1.976,1.421,-0.396,1.969,1.643,-0.859,1.963,1.434,-0.860,1.977
824,91.287,0,1,1,1,1,0,Avatar IK kemik fallback,1,1,1,1,-1.311,-0.240,9.899,14.053,39.436,0.027,34.691,0.000,1.435,1.504,0.122,2.062,1.629,-0.400,1.986,1.422,-0.397,1.966,1.642,-0.863,1.980,1.434,-0.861,1.981
825,91.398,0,1,1,1,1,0,Avatar IK kemik fallback,1,1,1,1,-2.127,0.294,13.084,17.233,41.954,0.096,27.372,1.324,0.000,1.505,0.113,2.054,1.632,-0.408,1.979,1.423,-0.403,1.944,1.638,-0.871,1.996,1.428,-0.866,1.970
826,91.519,0,1,1,1,1,0,Avatar IK kemik fallback,1,1,1,1,-2.876,0.206,15.654,19.203,43.459,0.109,20.366,1.502,0.000,1.507,0.111,2.043,1.634,-0.410,1.969,1.423,-0.405,1.933,1.633,-0.873,2.006,1.425,-0.867,1.977
827,91.620,0,1,1,1,1,0,Avatar IK kemik fallback,1,1,1,1,-3.118,0.325,15.801,19.535,43.626,0.050,21.133,1.302,0.000,1.508,0.112,2.035,1.634,-0.411,1.967,1.423,-0.406,1.932,1.629,-0.873,2.011,1.423,-0.867,1.985
828,91.730,0,1,1,1,1,0,Avatar IK kemik fallback,1,1,1,1,-3.139,0.328,14.902,18.986,43.250,0.046,24.100,1.528,0.000,1.510,0.113,2.028,1.634,-0.411,1.970,1.423,-0.407,1.933,1.628,-0.873,2.017,1.421,-0.867,1.989
829,91.843,0,1,1,1,1,0,Avatar IK kemik fallback,1,1,1,1,-3.072,0.207,13.866,18.148,42.567,0.048,26.752,1.937,0.000,1.511,0.114,2.023,1.634,-0.411,1.974,1.423,-0.407,1.934,1.627,-0.873,2.021,1.421,-0.867,1.989
830,91.964,0,1,1,1,1,0,Avatar IK kemik fallback,1,1,1,1,-2.975,0.000,13.515,17.908,41.512,0.048,27.963,2.235,0.000,1.513,0.114,2.018,1.634,-0.412,1.973,1.423,-0.407,1.931,1.628,-0.873,2.021,1.421,-0.868,1.987
831,92.076,0,1,1,1,1,0,Avatar IK kemik fallback,1,1,1,1,-2.868,-0.149,13.192,17.657,40.515,0.040,28.948,2.334,0.000,1.514,0.114,2.014,1.635,-0.412,1.972,1.423,-0.408,1.930,1.628,-0.874,2.021,1.422,-0.868,1.986
832,92.176,0,1,1,1,1,0,Avatar IK kemik fallback,1,1,1,1,-2.724,-0.230,12.112,16.885,38.478,0.028,32.923,2.581,0.000,1.516,0.116,2.011,1.635,-0.412,1.975,1.423,-0.407,1.932,1.629,-0.873,2.023,1.422,-0.868,1.987
833,92.287,0,1,1,1,1,0,Avatar IK kemik fallback,1,1,1,1,-2.537,-0.338,11.152,16.267,34.219,0.043,37.308,2.774,0.000,1.518,0.117,2.007,1.635,-0.411,1.978,1.423,-0.407,1.933,1.630,-0.873,2.025,1.422,-0.868,1.987
834,92.399,0,1,1,1,1,0,Avatar IK kemik fallback,1,1,1,1,-2.436,-0.444,11.089,16.256,28.618,0.024,37.788,2.804,0.000,1.520,0.116,2.005,1.636,-0.412,1.977,1.424,-0.407,1.932,1.630,-0.873,2.025,1.423,-0.868,1.988
835,92.499,0,1,1,1,1,0,Avatar IK kemik fallback,1,1,1,1,-2.318,-0.395,9.580,15.424,23.463,0.033,46.749,2.890,0.000,1.521,0.118,2.003,1.635,-0.411,1.986,1.424,-0.407,1.938,1.629,-0.872,2.033,1.422,-0.867,1.995
836,92.610,0,1,1,1,1,0,Avatar IK kemik fallback,1,1,1,1,-2.321,-0.044,10.775,16.646,21.960,0.054,42.822,3.066,0.000,1.521,0.116,2.000,1.634,-0.414,1.989,1.425,-0.410,1.940,1.626,-0.873,2.052,1.419,-0.868,2.012
837,92.722,0,1,1,1,1,0,Avatar IK kemik fallback,1,1,1,1,-6.969,2.422,20.656,24.675,23.157,0.059,17.735,1.532,0.000,1.524,0.102,1.996,1.660,-0.425,1.959,1.440,-0.422,1.923,1.634,-0.876,2.067,1.424,-0.870,2.043
838,92.822,0,1,1,1,1,0,Avatar IK kemik fallback,1,1,1,1,-9.999,2.748,34.999,37.551,24.736,0.125,7.036,0.256,0.000,1.527,0.063,1.989,1.676,-0.453,1.894,1.446,-0.450,1.868,1.637,-0.887,2.055,1.427,-0.880,2.042
839,92.933,0,1,1,1,1,0,Avatar IK kemik fallback,1,1,1,1,-11.730,6.893,52.901,54.828,25.682,0.090,3.577,0.464,0.000,1.532,-0.012,1.982,1.684,-0.507,1.821,1.467,-0.503,1.800,1.634,-0.907,2.051,1.430,-0.900,2.037
840,93.034,0,1,1,1,1,0,Avatar IK kemik fallback,1,1,1,1,-13.040,12.581,67.156,69.071,26.072,0.073,2.811,0.035,0.000,1.533,-0.085,1.975,1.687,-0.559,1.770,1.491,-0.554,1.754,1.629,-0.921,2.056,1.435,-0.912,2.045
841,93.156,0,1,1,1,1,0,Avatar IK kemik fallback,1,1,1,1,-16.765,18.246,77.083,78.832,26.066,0.000,2.244,0.120,0.000,1.536,-0.140,1.971,1.696,-0.599,1.739,1.511,-0.593,1.727,1.627,-0.927,2.061,1.441,-0.918,2.051
842,93.279,0,1,1,1,1,0,Avatar IK kemik fallback,1,1,1,1,-17.682,19.900,73.102,74.877,24.652,0.021,2.399,0.000,0.346,1.537,-0.115,1.973,1.702,-0.581,1.754,1.521,-0.576,1.742,1.626,-0.924,2.059,1.444,-0.915,2.051
843,93.392,0,1,1,1,1,0,Avatar IK kemik fallback,1,1,1,1,-15.057,11.932,50.535,52.564,23.458,0.058,3.934,0.000,1.315,1.534,-0.002,1.968,1.699,-0.504,1.831,1.494,-0.502,1.814,1.629,-0.905,2.055,1.437,-0.897,2.053
844,93.501,0,1,1,1,1,0,Avatar IK kemik fallback,1,1,1,1,-11.063,1.473,29.610,26.818,22.078,0.119,9.896,4.108,0.000,1.532,0.135,1.982,1.690,-0.384,1.906,1.443,-0.382,1.879,1.651,-0.827,2.037,1.429,-0.833,1.988
845,93.613,0,1,1,1,1,0,Avatar IK kemik fallback,1,1,1,1,-2.883,-0.479,18.312,19.583,20.341,0.064,6.710,0.000,3.107,1.531,0.251,1.989,1.676,-0.261,1.879,1.425,-0.264,1.877,1.694,-0.724,1.905,1.413,-0.726,1.921
846,93.727,0,1,1,1,1,0,Avatar IK kemik fallback,1,1,1,1,-8.215,4.140,24.959,23.162,18.653,0.046,7.468,0.000,1.039,1.532,0.245,1.998,1.700,-0.268,1.898,1.464,-0.273,1.897,1.698,-0.725,1.977,1.453,-0.730,1.975
847,93.835,0,1,1,1,1,0,Avatar IK kemik fallback,1,1,1,1,-17.046,-10.069,42.352,41.025,17.232,0.029,3.183,0.613,0.000,1.537,0.114,2.000,1.714,-0.397,1.898,1.433,-0.401,1.888,1.656,-0.814,2.096,1.495,-0.816,2.087
848,93.936,0,1,1,1,1,0,Avatar IK kemik fallback,1,1,1,1,-24.544,-13.159,59.824,63.573,15.984,0.191,6.077,0.641,0.000,1.542,-0.025,1.991,1.733,-0.521,1.843,1.435,-0.517,1.815,1.650,-0.888,2.116,1.506,-0.869,2.110
849,94.049,0,1,1,1,1,0,Avatar IK kemik fallback,1,1,1,1,-32.277,-19.836,77.483,80.332,15.483,0.052,3.611,0.906,0.000,1.553,-0.141,2.000,1.746,-0.611,1.791,1.415,-0.607,1.778,1.652,-0.921,2.126,1.506,-0.905,2.124
850,94.170,0,1,1,1,1,0,Avatar IK kemik fallback,1,1,1,1,-32.342,-18.863,83.683,86.678,16.284,0.136,3.516,0.448,0.000,1.555,-0.179,2.016,1.734,-0.636,1.777,1.418,-0.630,1.770,1.644,-0.928,2.129,1.505,-0.910,2.131
851,94.281,0,1,1,1,1,0,Avatar IK kemik fallback,1,1,1,1,-23.565,-12.872,75.901,78.627,18.697,0.193,3.527,0.174,0.000,1.555,-0.129,2.037,1.716,-0.591,1.804,1.435,-0.585,1.795,1.641,-0.923,2.121,1.501,-0.907,2.123
852,94.382,0,1,1,1,1,0,Avatar IK kemik fallback,1,1,1,1,-15.226,-7.729,59.559,61.142,22.929,0.242,2.623,0.243,0.000,1.551,-0.040,2.059,1.700,-0.523,1.866,1.451,-0.519,1.855,1.642,-0.909,2.117,1.500,-0.901,2.114
853,94.493,0,1,1,1,1,0,Avatar IK kemik fallback,1,1,1,1,-10.773,-6.021,36.713,38.447,29.110,0.195,4.614,0.000,1.424,1.549,0.052,2.083,1.694,-0.455,1.950,1.452,-0.455,1.944,1.654,-0.895,2.092,1.496,-0.889,2.103
854,94.615,0,1,1,1,1,0,Avatar IK kemik fallback,1,1,1,1,-1.520,-1.487,14.597,17.224,37.409,0.107,16.510,0.000,2.599,1.549,0.111,2.101,1.655,-0.414,2.034,1.467,-0.413,2.035,1.650,-0.875,2.079,1.493,-0.872,2.101
855,94.727,0,1,1,1,1,0,Avatar IK kemik fallback,1,1,1,1,-1.133,-1.249,8.391,9.151,43.516,0.010,8.660,0.000,4.689,1.550,0.125,2.105,1.657,-0.399,2.039,1.465,-0.402,2.057,1.656,-0.863,2.034,1.487,-0.865,2.075
856,94.849,0,1,1,1,1,0,Avatar IK kemik fallback,1,1,1,1,-1.120,-1.390,8.234,9.361,48.801,0.036,12.811,0.000,4.039,1.555,0.124,2.106,1.658,-0.400,2.038,1.468,-0.402,2.053,1.654,-0.864,2.031,1.489,-0.865,2.068
857,94.961,0,1,1,1,1,0,Avatar IK kemik fallback,1,1,1,1,-1.115,-1.172,10.489,12.693,51.449,0.074,19.020,0.000,0.832,1.559,0.117,2.102,1.659,-0.407,2.035,1.469,-0.406,2.031,1.652,-0.871,2.047,1.486,-0.869,2.056
858,95.072,0,1,1,1,1,0,Avatar IK kemik fallback,1,1,1,1,-1.394,-1.184,12.331,14.762,52.187,0.074,17.951,1.297,0.000,1.561,0.115,2.093,1.659,-0.410,2.029,1.469,-0.407,2.015,1.649,-0.873,2.059,1.484,-0.870,2.048
859,95.183,0,1,1,1,1,0,Avatar IK kemik fallback,1,1,1,1,-1.916,-1.106,13.411,16.025,51.599,0.031,17.758,1.106,0.000,1.561,0.114,2.087,1.657,-0.411,2.028,1.470,-0.408,2.014,1.641,-0.873,2.073,1.487,-0.870,2.063
860,95.296,0,1,1,1,1,0,Avatar IK kemik fallback,1,1,1,1,-2.083,-0.913,13.454,16.333,49.891,0.049,19.334,0.859,0.000,1.559,0.114,2.083,1.657,-0.412,2.030,1.471,-0.409,2.013,1.639,-0.873,2.078,1.487,-0.870,2.069
861,95.406,0,1,1,1,1,0,Avatar IK kemik fallback,1,1,1,1,-2.112,-0.714,12.001,15.082,46.889,0.045,22.753,0.928,0.000,1.557,0.117,2.079,1.656,-0.411,2.038,1.471,-0.408,2.019,1.638,-0.872,2.085,1.487,-0.869,2.074
862,95.517,0,1,1,1,1,0,Avatar IK kemik fallback,1,1,1,1,-1.919,-0.726,9.821,13.479,43.923,0.039,31.404,1.059,0.000,1.558,0.119,2.075,1.656,-0.410,2.047,1.472,-0.407,2.026,1.639,-0.871,2.091,1.488,-0.868,2.080
863,95.618,0,1,1,1,1,0,Avatar IK kemik fallback,1,1,1,1,-1.810,-0.738,8.720,12.587,40.696,0.043,36.297,1.410,0.000,1.559,0.120,2.072,1.655,-0.409,2.053,1.472,-0.407,2.030,1.639,-0.871,2.096,1.489,-0.868,2.082
864,95.729,0,1,1,1,1,0,Avatar IK kemik fallback,1,1,1,1,-1.692,-0.722,6.894,11.532,37.475,0.062,50.333,2.105,0.000,1.559,0.121,2.066,1.655,-0.409,2.063,1.472,-0.407,2.034,1.639,-0.870,2.107,1.489,-0.868,2.088
865,95.840,0,1,1,1,1,0,Avatar IK kemik fallback,1,1,1,1,-1.664,-0.712,7.200,10.892,33.600,0.073,40.811,1.985,0.000,1.560,0.121,2.059,1.654,-0.409,2.060,1.473,-0.408,2.037,1.638,-0.870,2.113,1.489,-0.868,2.095
866,95.952,0,1,1,1,1,0,Avatar IK kemik fallback,1,1,1,1,-1.541,-0.564,7.908,12.573,28.713,0.075,45.551,1.263,0.000,1.563,0.118,2.053,1.655,-0.412,2.059,1.474,-0.411,2.037,1.637,-0.871,2.124,1.488,-0.868,2.114
867,96.063,0,1,1,1,1,0,Avatar IK kemik fallback,1,1,1,1,-5.713,-0.955,17.817,20.065,24.551,0.067,11.867,0.103,0.000,1.564,0.105,2.044,1.674,-0.424,2.025,1.475,-0.423,2.014,1.642,-0.874,2.136,1.491,-0.871,2.135
868,96.175,0,1,1,1,1,0,Avatar IK kemik fallback,1,1,1,1,-9.726,-1.921,35.629,35.881,22.093,0.032,0.703,0.000,0.680,1.567,0.059,2.039,1.692,-0.460,1.947,1.474,-0.460,1.945,1.643,-0.887,2.123,1.493,-0.885,2.128
869,96.276,0,1,1,1,1,0,Avatar IK kemik fallback,1,1,1,1,-12.679,-0.554,52.819,52.591,22.128,0.061,0.433,0.000,0.690,1.569,-0.006,2.037,1.699,-0.507,1.882,1.483,-0.507,1.882,1.640,-0.899,2.124,1.497,-0.899,2.130
870,96.386,0,1,1,1,1,0,Avatar IK kemik fallback,1,1,1,1,-19.546,0.191,68.770,69.531,24.184,0.148,1.101,0.000,0.910,1.572,-0.080,2.026,1.715,-0.561,1.826,1.486,-0.559,1.822,1.636,-0.905,2.129,1.498,-0.900,2.137
871,96.498,0,1,1,1,1,0,Avatar IK kemik fallback,1,1,1,1,-23.811,0.410,76.386,76.865,27.518,0.182,0.626,0.000,1.359,1.575,-0.125,2.010,1.724,-0.599,1.798,1.493,-0.598,1.794,1.632,-0.911,2.131,1.504,-0.906,2.141
872,96.609,0,1,1,1,1,0,Avatar IK kemik fallback,1,1,1,1,-26.258,4.381,75.355,75.856,30.375,0.024,0.664,0.000,2.250,1.576,-0.123,2.007,1.737,-0.598,1.800,1.510,-0.598,1.796,1.633,-0.914,2.126,1.507,-0.908,2.142
873,96.709,0,1,1,1,1,0,Avatar IK kemik fallback,1,1,1,1,-22.791,7.157,63.980,64.497,31.817,0.075,0.805,0.000,2.603,1.576,-0.059,2.003,1.740,-0.552,1.839,1.523,-0.553,1.833,1.640,-0.905,2.127,1.502,-0.898,2.143
874,96.821,0,1,1,1,1,0,Avatar IK kemik fallback,1,1,1,1,-11.620,0.318,38.353,39.416,32.657,0.059,2.733,0.000,1.382,1.575,0.058,2.000,1.703,-0.466,1.934,1.497,-0.465,1.923,1.635,-0.874,2.145,1.500,-0.869,2.152
875,96.943,0,1,1,1,1,0,Avatar IK kemik fallback,1,1,1,1,-6.869,2.708,18.420,20.837,31.487,0.022,12.314,2.217,0.000,1.578,0.197,2.017,1.715,-0.327,1.960,1.480,-0.324,1.934,1.697,-0.785,2.035,1.457,-0.781,2.012
876,97.055,0,1,1,1,1,0,Avatar IK kemik fallback,1,1,1,1,-1.708,2.291,17.770,21.908,30.356,0.055,20.862,0.000,3.229,1.578,0.266,2.011,1.698,-0.251,1.911,1.490,-0.251,1.909,1.705,-0.714,1.948,1.479,-0.710,1.975
877,97.166,0,1,1,1,1,0,Avatar IK kemik fallback,1,1,1,1,-8.100,4.104,28.057,28.263,29.363,0.060,0.731,1.433,0.000,1.581,0.192,2.009,1.733,-0.313,1.873,1.505,-0.312,1.864,1.724,-0.771,1.948,1.494,-0.770,1.935
878,97.277,0,1,1,1,1,0,Avatar IK kemik fallback,1,1,1,1,-24.331,-14.286,55.740,57.466,28.427,0.185,3.049,2.620,0.000,1.586,0.017,2.000,1.777,-0.475,1.840,1.449,-0.469,1.815,1.697,-0.868,2.075,1.516,-0.861,2.056
879,97.388,0,1,1,1,1,0,Avatar IK kemik fallback,1,1,1,1,-28.018,-24.324,72.531,73.141,28.346,0.122,0.837,1.075,0.000,1.594,-0.127,1.985,1.789,-0.589,1.762,1.426,-0.588,1.757,1.705,-0.940,2.056,1.522,-0.937,2.050
880,97.489,0,1,1,1,1,0,Avatar IK kemik fallback,1,1,1,1,-16.360,-3.499,74.220,75.300,28.536,0.132,1.444,1.292,0.000,1.598,-0.168,1.983,1.741,-0.627,1.742,1.504,-0.620,1.734,1.689,-0.971,2.050,1.538,-0.965,2.043
881,97.601,0,1,1,1,1,0,Avatar IK kemik fallback,1,1,1,1,-12.103,2.266,67.754,68.879,27.702,0.250,1.646,0.361,0.000,1.603,-0.123,1.996,1.733,-0.587,1.763,1.526,-0.582,1.758,1.688,-0.958,2.039,1.535,-0.952,2.038
882,97.712,0,1,1,1,1,0,Avatar IK kemik fallback,1,1,1,1,-9.397,1.008,51.633,53.291,25.836,0.237,3.160,0.000,1.657,1.605,-0.023,2.017,1.732,-0.509,1.826,1.522,-0.508,1.824,1.690,-0.924,2.030,1.528,-0.918,2.043
883,97.812,0,1,1,1,1,0,Avatar IK kemik fallback,1,1,1,1,-7.728,-0.365,31.339,32.861,24.316,0.213,4.741,0.000,1.177,1.608,0.070,2.038,1.728,-0.444,1.923,1.514,-0.443,1.919,1.689,-0.890,2.047,1.520,-0.886,2.057
884,97.925,0,1,1,1,1,0,Avatar IK kemik fallback,1,1,1,1,-1.138,-0.484,10.653,14.050,24.114,0.094,27.497,0.404,0.000,1.606,0.117,2.053,1.700,-0.411,2.021,1.510,-0.409,2.004,1.685,-0.873,2.067,1.514,-0.870,2.062
885,98.035,0,1,1,1,1,0,Avatar IK kemik fallback,1,1,1,1,-0.661,-0.436,4.004,4.031,25.452,0.094,0.682,0.000,2.096,1.602,0.135,2.066,1.702,-0.393,2.028,1.507,-0.394,2.034,1.698,-0.857,2.014,1.513,-0.857,2.029
886,98.146,0,1,1,1,1,0,Avatar IK kemik fallback,1,1,1,1,-0.978,-0.741,2.500,2.794,27.718,0.090,11.114,0.000,2.659,1.602,0.137,2.074,1.704,-0.390,2.029,1.506,-0.391,2.036,1.700,-0.853,1.995,1.513,-0.855,2.015
887,98.258,0,1,1,1,1,0,Avatar IK kemik fallback,1,1,1,1,-1.030,-0.698,2.970,3.145,30.738,0.071,5.737,0.000,2.491,1.601,0.138,2.082,1.704,-0.389,2.033,1.506,-0.390,2.040,1.700,-0.852,1.999,1.514,-0.853,2.018
888,98.370,0,1,1,1,1,0,Avatar IK kemik fallback,1,1,1,1,-1.115,-0.951,3.313,9.353,34.354,0.057,95.387,0.189,0.000,1.598,0.130,2.091,1.703,-0.396,2.038,1.505,-0.392,2.008,1.700,-0.859,2.002,1.516,-0.856,1.995
889,98.480,0,1,1,1,1,0,Avatar IK kemik fallback,1,1,1,1,-1.271,-1.019,5.149,11.325,37.791,0.087,74.976,0.362,0.000,1.594,0.126,2.098,1.702,-0.398,2.033,1.504,-0.392,2.000,1.702,-0.860,1.999,1.518,-0.856,1.988
890,98.582,0,1,1,1,1,0,Avatar IK kemik fallback,1,1,1,1,-1.349,-0.939,5.804,11.981,40.806,0.061,69.460,0.000,0.024,1.590,0.125,2.104,1.701,-0.398,2.034,1.504,-0.392,2.001,1.703,-0.861,2.000,1.519,-0.856,1.992
891,98.693,0,1,1,1,1,0,Avatar IK kemik fallback,1,1,1,1,-1.401,-0.940,6.965,12.766,43.354,0.034,58.806,0.000,0.210,1.587,0.124,2.109,1.701,-0.398,2.032,1.503,-0.393,2.002,1.703,-0.861,2.001,1.520,-0.857,1.995
892,98.803,0,1,1,1,1,0,Avatar IK kemik fallback,1,1,1,1,-1.410,-0.993,9.099,14.105,45.249,0.027,43.144,0.000,0.492,1.586,0.121,2.114,1.700,-0.399,2.024,1.502,-0.394,2.000,1.704,-0.862,1.998,1.520,-0.858,1.996
893,98.915,0,1,1,1,1,0,Avatar IK kemik fallback,1,1,1,1,-1.371,-1.116,10.915,15.334,47.215,0.004,33.666,0.000,0.487,1.586,0.117,2.116,1.700,-0.400,2.015,1.500,-0.395,1.997,1.704,-0.863,1.995,1.519,-0.859,1.996
894,99.026,0,1,1,1,1,0,Avatar IK kemik fallback,1,1,1,1,-1.363,-1.251,12.647,16.619,48.433,0.019,27.140,0.000,0.365,1.586,0.114,2.115,1.699,-0.401,2.005,1.498,-0.397,1.992,1.703,-0.865,1.991,1.518,-0.860,1.995
895,99.137,0,1,1,1,1,0,Avatar IK kemik fallback,1,1,1,1,-1.477,-1.277,14.103,17.680,48.741,0.048,22.509,0.000,0.363,1.585,0.112,2.112,1.698,-0.402,1.996,1.497,-0.398,1.986,1.702,-0.866,1.989,1.518,-0.862,1.993
896,99.249,0,1,1,1,1,0,Avatar IK kemik fallback,1,1,1,1,-1.544,-1.175,14.268,17.827,47.932,0.053,22.176,0.000,0.278,1.582,0.111,2.107,1.697,-0.404,1.995,1.495,-0.400,1.984,1.702,-0.868,1.992,1.517,-0.863,1.996
897,99.360,0,1,1,1,1,0,Avatar IK kemik fallback,1,1,1,1,-1.663,-1.029,14.408,17.755,44.687,0.054,20.812,0.246,0.000,1.580,0.111,2.102,1.696,-0.405,1.996,1.495,-0.401,1.983,1.700,-0.869,2.000,1.516,-0.864,1.999
898,99.473,0,1,1,1,1,0,Avatar IK kemik fallback,1,1,1,1,-1.862,-0.903,14.983,17.897,38.929,0.054,17.724,0.987,0.000,1.580,0.111,2.096,1.695,-0.407,1.995,1.495,-0.402,1.980,1.697,-0.870,2.010,1.515,-0.865,2.001
899,99.583,0,1,1,1,1,0,Avatar IK kemik fallback,1,1,1,1,-2.085,-0.829,16.242,18.649,31.969,0.055,13.795,1.615,0.000,1.580,0.109,2.091,1.694,-0.409,1.993,1.495,-0.405,1.978,1.694,-0.872,2.021,1.514,-0.867,2.007
900,99.695,0,1,1,1,1,0,Avatar IK kemik fallback,1,1,1,1,-2.150,-0.752,16.460,18.434,25.718,0.057,11.313,1.318,0.000,1.581,0.109,2.085,1.694,-0.410,1.992,1.495,-0.406,1.979,1.692,-0.873,2.025,1.514,-0.869,2.014
901,99.805,0,1,1,1,1,0,Avatar IK kemik fallback,1,1,1,1,-2.104,-0.743,15.986,17.990,20.956,0.057,11.795,1.001,0.000,1.583,0.110,2.079,1.694,-0.410,1.992,1.496,-0.407,1.980,1.691,-0.873,2.027,1.513,-0.869,2.019
902,99.917,0,1,1,1,1,0,Avatar IK kemik fallback,1,1,1,1,-2.067,-0.736,15.833,17.856,17.875,0.055,12.012,0.905,0.000,1.584,0.110,2.073,1.695,-0.411,1.990,1.496,-0.408,1.979,1.691,-0.873,2.029,1.512,-0.870,2.021
903,100.039,0,1,1,1,1,0,Avatar IK kemik fallback,1,1,1,1,-2.022,-0.675,15.608,17.740,16.703,0.065,12.787,0.880,0.000,1.585,0.111,2.066,1.695,-0.412,1.988,1.497,-0.409,1.977,1.691,-0.874,2.030,1.512,-0.870,2.022
904,100.151,0,1,1,1,1,0,Avatar IK kemik fallback,1,1,1,1,-2.011,-0.580,14.676,16.932,17.255,0.067,14.277,0.957,0.000,1.585,0.112,2.059,1.695,-0.412,1.991,1.497,-0.409,1.978,1.690,-0.873,2.035,1.512,-0.870,2.026
905,100.274,0,1,1,1,1,0,Avatar IK kemik fallback,1,1,1,1,-2.022,-0.497,13.909,16.302,19.303,0.065,15.840,0.723,0.000,1.585,0.114,2.052,1.695,-0.411,1.991,1.498,-0.409,1.978,1.690,-0.873,2.036,1.512,-0.870,2.028
906,100.386,0,1,1,1,1,0,Avatar IK kemik fallback,1,1,1,1,-1.992,-0.410,12.354,14.972,21.657,0.060,19.162,0.634,0.000,1.585,0.116,2.046,1.695,-0.410,1.996,1.499,-0.408,1.981,1.690,-0.872,2.039,1.513,-0.869,2.031
907,100.507,0,1,1,1,1,0,Avatar IK kemik fallback,1,1,1,1,-1.969,-0.347,11.568,14.391,24.582,0.029,21.747,0.535,0.000,1.584,0.117,2.040,1.694,-0.410,1.997,1.499,-0.408,1.981,1.690,-0.872,2.040,1.513,-0.869,2.033
908,100.619,0,1,1,1,1,0,Avatar IK kemik fallback,1,1,1,1,-1.999,-0.370,12.343,14.920,26.603,0.022,18.905,0.204,0.000,1.584,0.116,2.036,1.695,-0.410,1.988,1.499,-0.409,1.975,1.690,-0.872,2.033,1.513,-0.869,2.029
909,100.720,0,1,1,1,1,0,Avatar IK kemik fallback,1,1,1,1,-2.001,-0.352,12.332,14.708,27.967,0.054,17.574,0.254,0.000,1.583,0.116,2.033,1.695,-0.410,1.986,1.499,-0.409,1.973,1.691,-0.872,2.031,1.513,-0.869,2.026
910,100.830,0,1,1,1,1,0,Avatar IK kemik fallback,1,1,1,1,-2.040,-0.356,12.889,15.079,28.525,0.021,15.661,0.145,0.000,1.582,0.115,2.031,1.695,-0.411,1.982,1.498,-0.409,1.969,1.692,-0.873,2.028,1.513,-0.870,2.023
911,100.942,0,1,1,1,1,0,Avatar IK kemik fallback,1,1,1,1,-2.103,-0.357,13.712,15.718,28.294,0.008,13.638,0.000,0.042,1.581,0.114,2.031,1.695,-0.412,1.978,1.498,-0.410,1.966,1.692,-0.873,2.026,1.513,-0.871,2.023
912,101.043,0,1,1,1,1,0,Avatar IK kemik fallback,1,1,1,1,-2.148,-0.384,14.608,16.504,27.391,0.003,12.189,0.000,0.224,1.581,0.112,2.031,1.695,-0.413,1.973,1.498,-0.411,1.962,1.692,-0.874,2.024,1.513,-0.871,2.022
913,101.154,0,1,1,1,1,0,Avatar IK kemik fallback,1,1,1,1,-2.182,-0.379,15.128,17.045,25.999,0.019,11.921,0.000,0.380,1.581,0.111,2.032,1.695,-0.413,1.970,1.498,-0.412,1.961,1.692,-0.874,2.023,1.513,-0.872,2.022
914,101.276,0,1,1,1,1,0,Avatar IK kemik fallback,1,1,1,1,-2.266,-0.350,15.545,17.479,23.859,0.017,11.718,0.000,0.582,1.579,0.110,2.033,1.695,-0.414,1.969,1.497,-0.413,1.960,1.692,-0.875,2.022,1.513,-0.872,2.023
915,101.387,0,1,1,1,1,0,Avatar IK kemik fallback,1,1,1,1,-2.336,-0.273,15.816,17.727,21.786,0.023,11.396,0.000,0.650,1.577,0.110,2.035,1.694,-0.414,1.969,1.497,-0.413,1.961,1.692,-0.875,2.023,1.513,-0.872,2.024
916,101.489,0,1,1,1,1,0,Avatar IK kemik fallback,1,1,1,1,-2.436,-0.108,15.677,17.646,19.555,0.035,11.817,0.000,0.929,1.573,0.111,2.037,1.693,-0.413,1.972,1.496,-0.412,1.965,1.692,-0.874,2.026,1.513,-0.872,2.030
917,101.599,0,1,1,1,1,0,Avatar IK kemik fallback,1,1,1,1,-2.887,0.230,17.069,17.876,17.352,0.128,4.619,0.000,0.813,1.564,0.110,2.041,1.690,-0.413,1.972,1.493,-0.412,1.968,1.692,-0.873,2.031,1.514,-0.871,2.035
918,101.700,0,1,1,1,1,0,Avatar IK kemik fallback,1,1,1,1,-10.513,0.538,20.922,16.893,16.083,0.236,21.307,0.962,0.000,1.547,0.110,2.047,1.727,-0.408,1.979,1.488,-0.412,1.975,1.719,-0.867,2.048,1.519,-0.871,2.034
919,101.810,0,1,1,1,1,0,Avatar IK kemik fallback,1,1,1,1,-20.071,0.523,33.709,14.930,17.545,0.182,77.217,2.909,0.000,1.524,0.109,2.052,1.758,-0.391,1.955,1.483,-0.412,1.978,1.723,-0.842,2.059,1.529,-0.872,2.022
920,101.922,0,1,1,1,1,0,Avatar IK kemik fallback,1,1,1,1,-29.206,1.017,38.637,6.433,22.634,0.150,142.906,0.000,7.105,1.501,0.119,2.055,1.788,-0.360,1.946,1.475,-0.406,2.028,1.730,-0.817,2.007,1.533,-0.866,2.053
921,102.023,0,1,1,1,1,0,Avatar IK kemik fallback,1,1,1,1,-23.828,1.427,27.995,13.827,28.403,0.129,67.750,0.000,12.659,1.491,0.109,2.063,1.769,-0.374,1.956,1.475,-0.410,1.990,1.752,-0.837,1.937,1.532,-0.869,2.030
922,102.135,0,1,1,1,1,0,Avatar IK kemik fallback,1,1,1,1,-3.810,1.374,8.200,15.653,33.619,0.057,62.488,0.000,19.866,1.489,0.105,2.064,1.682,-0.396,1.947,1.477,-0.411,1.981,1.742,-0.850,1.868,1.535,-0.870,2.026
923,102.246,0,1,1,1,1,0,Avatar IK kemik fallback,1,1,1,1,-5.290,1.128,11.683,17.694,37.117,0.054,40.921,0.000,18.016,1.493,0.102,2.068,1.683,-0.398,1.942,1.479,-0.412,1.974,1.726,-0.856,1.879,1.537,-0.871,2.025
924,102.367,0,1,1,1,1,0,Avatar IK kemik fallback,1,1,1,1,-13.009,1.312,14.065,18.717,40.351,0.067,28.382,0.000,16.304,1.493,0.101,2.074,1.728,-0.397,1.974,1.477,-0.413,1.976,1.760,-0.854,1.900,1.533,-0.871,2.029
925,102.479,0,1,1,1,1,0,Avatar IK kemik fallback,1,1,1,1,-4.957,1.167,12.201,19.049,42.236,0.050,43.830,0.000,18.291,1.494,0.100,2.079,1.684,-0.397,1.941,1.476,-0.413,1.978,1.732,-0.854,1.877,1.534,-0.871,2.030
926,102.591,0,1,1,1,1,0,Avatar IK kemik fallback,1,1,1,1,-13.060,1.154,14.350,18.810,43.527,0.067,26.896,0.000,16.552,1.493,0.100,2.085,1.729,-0.395,1.975,1.475,-0.413,1.984,1.762,-0.852,1.899,1.534,-0.871,2.034
927,102.713,0,1,1,1,1,0,Avatar IK kemik fallback,1,1,1,1,-14.732,1.154,18.822,19.322,44.633,0.078,2.622,0.000,14.568,1.490,0.098,2.094,1.733,-0.391,1.968,1.475,-0.413,1.985,1.757,-0.851,1.917,1.535,-0.871,2.031
928,102.824,0,1,1,1,1,0,Avatar IK kemik fallback,1,1,1,1,-22.460,1.268,35.961,15.040,45.096,0.088,82.041,0.000,6.463,1.490,0.106,2.099,1.740,-0.372,1.949,1.474,-0.409,2.008,1.699,-0.832,1.996,1.534,-0.869,2.039
929,102.936,0,1,1,1,1,0,Avatar IK kemik fallback,1,1,1,1,-22.002,1.317,43.392,17.817,44.748,0.127,83.566,2.210,0.000,1.501,0.102,2.106,1.728,-0.375,1.937,1.476,-0.408,1.989,1.667,-0.823,2.044,1.528,-0.869,2.013
930,103.036,0,1,1,1,1,0,Avatar IK kemik fallback,1,1,1,1,-11.937,1.065,32.181,15.980,43.291,0.168,67.278,5.021,0.000,1.518,0.108,2.104,1.683,-0.396,1.975,1.479,-0.406,1.999,1.644,-0.849,2.071,1.524,-0.867,2.019
931,103.147,0,1,1,1,1,0,Avatar IK kemik fallback,1,1,1,1,-4.444,-0.163,21.850,19.141,41.302,0.200,13.221,7.792,0.000,1.549,0.103,2.104,1.652,-0.416,2.010,1.487,-0.407,1.983,1.620,-0.873,2.082,1.523,-0.869,2.009
932,103.260,0,1,1,1,1,0,Avatar IK kemik fallback,1,1,1,1,-5.847,-0.718,19.433,21.486,40.324,0.152,10.038,4.230,0.000,1.577,0.103,2.104,1.673,-0.416,2.008,1.494,-0.407,1.979,1.624,-0.875,2.058,1.515,-0.869,2.019
933,103.381,0,1,1,1,1,0,Avatar IK kemik fallback,1,1,1,1,-1.739,-8.732,17.911,34.622,41.916,0.185,63.622,0.000,4.517,1.607,0.099,2.109,1.657,-0.415,2.002,1.473,-0.403,1.963,1.597,-0.875,2.035,1.508,-0.852,2.077
934,103.493,0,1,1,1,1,0,Avatar IK kemik fallback,1,1,1,1,-1.713,-20.768,14.851,48.049,46.355,0.173,105.557,0.000,1.437,1.630,0.101,2.116,1.668,-0.412,2.010,1.431,-0.365,1.907,1.595,-0.871,2.019,1.488,-0.808,2.034
935,103.594,0,1,1,1,1,0,Avatar IK kemik fallback,1,1,1,1,-1.133,-26.795,12.393,50.132,52.696,0.156,120.717,2.329,0.000,1.646,0.105,2.120,1.679,-0.408,2.012,1.408,-0.336,1.887,1.606,-0.866,2.000,1.467,-0.788,1.981
936,103.704,0,1,1,1,1,0,Avatar IK kemik fallback,1,1,1,1,-1.165,-22.997,9.744,40.751,59.763,0.059,122.813,9.088,0.000,1.655,0.109,2.122,1.684,-0.406,2.026,1.410,-0.333,1.891,1.606,-0.864,2.004,1.429,-0.795,1.921
937,103.806,0,1,1,1,1,0,Avatar IK kemik fallback,1,1,1,1,-0.999,-15.439,9.464,24.993,65.648,0.012,90.132,17.710,0.000,1.655,0.105,2.126,1.682,-0.410,2.033,1.417,-0.348,1.909,1.603,-0.868,2.012,1.383,-0.806,1.845
938,103.916,0,1,1,1,1,0,Avatar IK kemik fallback,1,1,1,1,-0.708,-2.698,12.664,15.566,69.576,0.032,20.555,26.521,0.000,1.655,0.097,2.126,1.680,-0.414,2.020,1.471,-0.356,1.889,1.599,-0.872,2.010,1.395,-0.797,1.762
939,104.039,0,1,1,1,1,0,Avatar IK kemik fallback,1,1,1,1,-0.627,-3.035,12.364,14.661,72.038,0.064,17.000,26.721,0.000,1.658,0.097,2.127,1.677,-0.415,2.024,1.469,-0.360,1.898,1.594,-0.873,2.018,1.394,-0.801,1.771
940,104.151,0,1,1,1,1,0,Avatar IK kemik fallback,1,1,1,1,-0.573,-3.111,12.037,14.666,73.035,0.049,19.692,27.719,0.000,1.660,0.098,2.128,1.678,-0.415,2.031,1.470,-0.359,1.900,1.594,-0.873,2.028,1.396,-0.800,1.772
941,104.262,0,1,1,1,1,0,Avatar IK kemik fallback,1,1,1,1,-0.788,-3.459,10.944,15.073,73.097,0.040,31.739,25.197,0.000,1.663,0.099,2.131,1.679,-0.414,2.038,1.473,-0.363,1.912,1.593,-0.872,2.030,1.402,-0.808,1.798
942,104.383,0,1,1,1,1,0,Avatar IK kemik fallback,1,1,1,1,-0.949,-13.126,9.929,32.433,71.854,0.020,106.247,12.158,0.000,1.664,0.101,2.134,1.681,-0.413,2.041,1.446,-0.353,1.914,1.594,-0.870,2.026,1.422,-0.817,1.917
943,104.496,0,1,1,1,1,0,Avatar IK kemik fallback,1,1,1,1,-0.717,-15.546,7.758,54.593,69.477,0.036,150.230,0.000,1.870,1.662,0.105,2.133,1.681,-0.412,2.054,1.462,-0.342,1.896,1.599,-0.869,2.036,1.485,-0.778,2.056
944,104.607,0,1,1,1,1,0,Avatar IK kemik fallback,1,1,1,1,-0.409,-8.447,6.290,61.589,65.344,0.058,162.934,0.000,11.099,1.658,0.108,2.131,1.679,-0.412,2.065,1.500,-0.355,1.908,1.602,-0.870,2.049,1.527,-0.754,2.143
945,104.730,0,1,1,1,1,0,Avatar IK kemik fallback,1,1,1,1,-0.712,2.433,8.267,47.231,57.350,0.109,140.416,0.000,9.681,1.646,0.108,2.126,1.674,-0.413,2.054,1.533,-0.383,1.952,1.602,-0.872,2.051,1.523,-0.808,2.139
946,104.840,0,1,1,1,1,0,Avatar IK kemik fallback,1,1,1,1,-1.330,4.657,9.687,27.185,48.443,0.230,94.909,0.000,1.833,1.627,0.108,2.118,1.666,-0.414,2.048,1.540,-0.402,1.995,1.601,-0.874,2.056,1.524,-0.858,2.077
947,104.951,0,1,1,1,1,0,Avatar IK kemik fallback,1,1,1,1,-1.469,4.588,9.094,19.822,38.915,0.240,74.198,0.431,0.000,1.604,0.112,2.112,1.658,-0.413,2.053,1.537,-0.405,2.015,1.607,-0.874,2.065,1.536,-0.866,2.064
948,105.053,0,1,1,1,1,0,Avatar IK kemik fallback,1,1,1,1,-1.473,0.130,11.557,16.078,31.924,0.246,32.721,1.780,0.000,1.579,0.112,2.108,1.650,-0.412,2.039,1.505,-0.407,2.018,1.614,-0.875,2.061,1.531,-0.869,2.048
949,105.164,0,1,1,1,1,0,Avatar IK kemik fallback,1,1,1,1,-5.463,-0.522,18.563,14.776,32.141,0.309,22.719,4.944,0.000,1.548,0.108,2.102,1.662,-0.413,2.015,1.494,-0.409,2.006,1.635,-0.873,2.067,1.543,-0.870,2.021
950,105.274,0,1,1,1,1,0,Avatar IK kemik fallback,1,1,1,1,-5.927,-0.082,21.768,10.514,38.574,0.074,69.723,3.019,0.000,1.528,0.114,2.098,1.653,-0.404,2.002,1.487,-0.407,2.029,1.631,-0.862,2.068,1.544,-0.868,2.039
951,105.386,0,1,1,1,1,0,Avatar IK kemik fallback,1,1,1,1,-7.558,0.387,23.578,12.911,46.718,0.078,58.463,1.977,0.000,1.514,0.110,2.097,1.653,-0.404,1.986,1.481,-0.408,2.014,1.632,-0.863,2.050,1.541,-0.868,2.030
952,105.497,0,1,1,1,1,0,Avatar IK kemik fallback,1,1,1,1,-9.096,0.527,20.851,13.495,54.310,0.059,42.831,1.989,0.000,1.508,0.109,2.091,1.657,-0.408,1.997,1.478,-0.408,2.009,1.633,-0.868,2.049,1.540,-0.868,2.029
953,105.609,0,1,1,1,1,0,Avatar IK kemik fallback,1,1,1,1,-9.855,0.757,19.528,14.825,60.078,0.084,27.384,2.189,0.000,1.509,0.108,2.086,1.661,-0.411,2.003,1.478,-0.409,2.000,1.633,-0.872,2.050,1.536,-0.869,2.028
954,105.709,0,1,1,1,1,0,Avatar IK kemik fallback,1,1,1,1,-9.081,0.893,17.804,14.523,63.959,0.055,20.296,2.497,0.000,1.514,0.110,2.080,1.658,-0.412,2.011,1.480,-0.409,1.999,1.628,-0.873,2.057,1.534,-0.869,2.031
955,105.821,0,1,1,1,1,0,Avatar IK kemik fallback,1,1,1,1,-8.219,0.815,15.954,14.215,66.176,0.119,11.527,2.424,0.000,1.524,0.112,2.075,1.658,-0.412,2.017,1.484,-0.408,1.998,1.624,-0.873,2.058,1.531,-0.869,2.032
956,105.943,0,1,1,1,1,0,Avatar IK kemik fallback,1,1,1,1,-2.127,0.481,12.312,14.156,66.763,0.263,13.934,2.572,0.000,1.543,0.115,2.070,1.630,-0.411,2.020,1.491,-0.406,1.996,1.599,-0.873,2.058,1.528,-0.868,2.031
957,106.054,0,1,1,1,1,0,Avatar IK kemik fallback,1,1,1,1,-1.688,0.303,7.863,14.686,65.600,0.240,60.512,2.751,0.000,1.566,0.118,2.067,1.637,-0.410,2.042,1.499,-0.405,1.997,1.595,-0.872,2.070,1.523,-0.867,2.042
958,106.155,0,1,1,1,1,0,Avatar IK kemik fallback,1,1,1,1,-1.596,1.711,7.490,18.432,63.335,0.189,84.426,0.000,1.277,1.588,0.120,2.067,1.645,-0.407,2.042,1.516,-0.404,2.001,1.590,-0.868,2.068,1.523,-0.861,2.078
959,106.266,0,1,1,1,1,0,Avatar IK kemik fallback,1,1,1,1,-1.626,1.267,7.905,35.659,60.443,0.186,127.420,0.658,0.000,1.612,0.120,2.068,1.653,-0.407,2.043,1.521,-0.387,1.928,1.584,-0.865,2.074,1.513,-0.829,2.067
960,106.377,0,1,1,1,1,0,Avatar IK kemik fallback,1,1,1,1,-3.176,4.099,9.614,43.005,57.453,0.148,126.918,10.299,0.000,1.627,0.115,2.070,1.668,-0.411,2.050,1.548,-0.365,1.868,1.585,-0.867,2.095,1.530,-0.810,1.998
961,106.478,0,1,1,1,1,0,Avatar IK kemik fallback,1,1,1,1,-3.017,5.627,10.920,40.219,55.380,0.116,114.586,22.128,0.000,1.638,0.108,2.070,1.669,-0.417,2.052,1.566,-0.353,1.834,1.579,-0.870,2.111,1.545,-0.812,1.904
962,106.589,0,1,1,1,1,0,Avatar IK kemik fallback,1,1,1,1,-6.290,4.874,24.694,32.189,53.622,0.059,26.354,37.539,0.000,1.648,0.081,2.069,1.688,-0.438,1.992,1.573,-0.355,1.795,1.579,-0.878,2.099,1.554,-0.817,1.755
963,106.689,0,1,1,1,1,0,Avatar IK kemik fallback,1,1,1,1,-6.977,5.033,37.959,27.923,53.122,0.047,30.466,50.131,0.000,1.654,0.041,2.070,1.694,-0.463,1.934,1.577,-0.367,1.760,1.578,-0.888,2.088,1.557,-0.815,1.643
964,106.801,0,1,1,1,1,0,Avatar IK kemik fallback,1,1,1,1,-7.335,3.814,51.941,16.565,54.137,0.053,103.277,66.468,0.000,1.658,-0.007,2.067,1.694,-0.493,1.886,1.571,-0.409,1.751,1.571,-0.889,2.102,1.551,-0.822,1.540
965,106.912,0,1,1,1,1,0,Avatar IK kemik fallback,1,1,1,1,2.575,6.487,63.698,15.316,56.212,0.056,122.466,85.057,0.000,1.653,-0.062,2.066,1.664,-0.522,1.843,1.579,-0.416,1.702,1.569,-0.896,2.103,1.555,-0.786,1.424
966,107.035,0,1,1,1,1,0,Avatar IK kemik fallback,1,1,1,1,7.160,8.491,71.523,17.054,58.861,0.104,122.987,93.368,0.000,1.649,-0.095,2.060,1.650,-0.540,1.817,1.582,-0.432,1.683,1.570,-0.894,2.109,1.554,-0.795,1.395
967,107.135,0,1,1,1,1,0,Avatar IK kemik fallback,1,1,1,1,14.078,8.145,74.267,19.221,59.831,0.149,117.761,92.059,0.000,1.636,-0.111,2.058,1.635,-0.548,1.807,1.577,-0.452,1.680,1.573,-0.900,2.104,1.548,-0.827,1.408
968,107.257,0,1,1,1,1,0,Avatar IK kemik fallback,1,1,1,1,9.926,9.415,70.821,18.675,58.524,0.097,116.532,90.013,0.000,1.627,-0.101,2.064,1.643,-0.542,1.814,1.575,-0.434,1.681,1.567,-0.908,2.091,1.549,-0.800,1.397
969,107.370,0,1,1,1,1,0,Avatar IK kemik fallback,1,1,1,1,6.781,8.869,62.268,17.812,55.407,0.033,111.028,80.536,0.000,1.620,-0.058,2.067,1.645,-0.517,1.843,1.576,-0.413,1.703,1.573,-0.906,2.088,1.566,-0.793,1.438
970,107.493,0,1,1,1,1,0,Avatar IK kemik fallback,1,1,1,1,5.001,8.632,48.766,17.351,49.769,0.108,95.026,63.504,0.000,1.611,0.000,2.066,1.639,-0.483,1.883,1.566,-0.399,1.746,1.581,-0.903,2.073,1.557,-0.809,1.529
971,107.603,0,1,1,1,1,0,Avatar IK kemik fallback,1,1,1,1,2.571,15.757,34.644,34.525,43.965,0.119,0.344,43.097,0.000,1.602,0.050,2.062,1.637,-0.454,1.926,1.580,-0.356,1.756,1.587,-0.896,2.061,1.545,-0.811,1.674
972,107.726,0,1,1,1,1,0,Avatar IK kemik fallback,1,1,1,1,0.625,17.185,21.853,46.961,36.662,0.132,72.972,16.445,0.000,1.588,0.085,2.051,1.637,-0.434,1.966,1.563,-0.367,1.807,1.594,-0.888,2.053,1.509,-0.818,1.902
973,107.836,0,1,1,1,1,0,Avatar IK kemik fallback,1,1,1,1,-0.255,13.588,9.608,41.399,32.519,0.185,124.656,0.678,0.000,1.566,0.108,2.036,1.635,-0.420,2.005,1.526,-0.391,1.884,1.603,-0.881,2.046,1.478,-0.827,2.039
974,107.947,0,1,1,1,1,0,Avatar IK kemik fallback,1,1,1,1,-0.339,6.499,8.349,23.381,33.307,0.366,94.753,0.000,1.573,1.538,0.112,2.022,1.626,-0.418,2.006,1.484,-0.411,1.955,1.614,-0.880,2.050,1.473,-0.862,2.062
975,108.048,0,1,1,1,1,0,Avatar IK kemik fallback,1,1,1,1,-0.318,0.721,8.434,13.014,40.097,0.272,42.708,0.445,0.000,1.509,0.114,2.017,1.618,-0.416,2.012,1.444,-0.414,1.988,1.624,-0.876,2.067,1.466,-0.872,2.058
976,108.159,0,1,1,1,1,0,Avatar IK kemik fallback,1,1,1,1,-1.167,0.333,13.467,12.317,49.458,0.180,8.924,0.550,0.000,1.488,0.109,2.013,1.616,-0.418,1.983,1.435,-0.417,1.977,1.631,-0.877,2.050,1.472,-0.876,2.037
977,108.271,0,1,1,1,1,0,Avatar IK kemik fallback,1,1,1,1,-1.740,0.571,13.499,11.801,58.538,0.096,13.418,0.000,0.602,1.476,0.110,2.008,1.614,-0.417,1.981,1.432,-0.416,1.979,1.633,-0.875,2.049,1.474,-0.874,2.044
978,108.394,0,1,1,1,1,0,Avatar IK kemik fallback,1,1,1,1,-2.103,0.728,14.443,13.131,67.043,0.039,9.519,0.000,0.706,1.472,0.110,2.004,1.614,-0.417,1.976,1.432,-0.416,1.971,1.632,-0.874,2.049,1.475,-0.873,2.042
979,108.504,0,1,1,1,1,0,Avatar IK kemik fallback,1,1,1,1,-1.977,0.789,13.050,12.382,71.452,0.063,5.258,0.000,0.755,1.476,0.115,2.000,1.615,-0.412,1.980,1.433,-0.411,1.973,1.631,-0.870,2.050,1.473,-0.868,2.044
980,108.605,0,1,1,1,1,0,Avatar IK kemik fallback,1,1,1,1,-1.916,0.872,11.153,11.067,73.446,0.066,0.778,0.000,1.057,1.482,0.122,1.999,1.616,-0.406,1.987,1.434,-0.405,1.981,1.630,-0.866,2.050,1.470,-0.863,2.049
981,108.716,0,1,1,1,1,0,Avatar IK kemik fallback,1,1,1,1,-1.855,1.039,9.797,10.510,73.259,0.047,7.023,0.000,0.850,1.489,0.124,2.002,1.616,-0.405,1.996,1.437,-0.404,1.988,1.626,-0.865,2.056,1.468,-0.862,2.055
982,108.828,0,1,1,1,1,0,Avatar IK kemik fallback,1,1,1,1,-1.716,1.409,7.747,9.440,71.363,0.038,19.697,0.000,0.709,1.495,0.121,2.006,1.615,-0.409,2.011,1.440,-0.408,2.000,1.621,-0.870,2.066,1.467,-0.866,2.064
983,108.941,0,1,1,1,1,0,Avatar IK kemik fallback,1,1,1,1,-1.763,1.385,10.849,12.415,68.140,0.071,13.460,0.000,0.953,1.499,0.115,2.013,1.618,-0.414,1.993,1.443,-0.412,1.983,1.620,-0.875,2.049,1.467,-0.871,2.050
984,109.062,0,1,1,1,1,0,Avatar IK kemik fallback,1,1,1,1,-1.738,1.354,10.708,12.316,63.324,0.071,13.973,0.000,0.847,1.501,0.115,2.021,1.618,-0.413,1.998,1.444,-0.412,1.988,1.620,-0.874,2.050,1.468,-0.871,2.050
985,109.172,0,1,1,1,1,0,Avatar IK kemik fallback,1,1,1,1,-1.813,1.257,11.983,13.344,58.802,0.058,10.746,0.000,0.785,1.500,0.113,2.028,1.618,-0.415,1.993,1.443,-0.413,1.985,1.620,-0.876,2.044,1.469,-0.873,2.044
986,109.285,0,1,1,1,1,0,Avatar IK kemik fallback,1,1,1,1,-1.828,1.108,11.525,12.414,53.674,0.054,7.426,0.000,0.460,1.497,0.114,2.036,1.616,-0.414,2.000,1.441,-0.412,1.993,1.620,-0.875,2.046,1.471,-0.872,2.045
987,109.396,0,1,1,1,1,0,Avatar IK kemik fallback,1,1,1,1,-1.887,1.037,11.861,11.895,47.845,0.069,0.287,0.000,0.099,1.492,0.114,2.043,1.614,-0.413,2.002,1.439,-0.412,1.997,1.621,-0.875,2.047,1.472,-0.872,2.043
988,109.508,0,1,1,1,1,0,Avatar IK kemik fallback,1,1,1,1,-2.034,1.063,12.855,12.257,41.490,0.083,4.757,0.000,0.109,1.486,0.112,2.051,1.613,-0.413,2.001,1.437,-0.412,1.998,1.622,-0.875,2.045,1.473,-0.873,2.040
989,109.619,0,1,1,1,1,0,Avatar IK kemik fallback,1,1,1,1,-2.204,1.104,13.664,12.612,35.096,0.067,8.010,0.000,0.414,1.481,0.111,2.057,1.612,-0.413,2.000,1.436,-0.412,1.999,1.622,-0.875,2.042,1.474,-0.873,2.039
990,109.720,0,1,1,1,1,0,Avatar IK kemik fallback,1,1,1,1,-2.315,1.148,14.150,12.884,29.419,0.064,9.371,0.000,0.705,1.477,0.111,2.062,1.611,-0.413,2.000,1.434,-0.412,2.001,1.623,-0.875,2.040,1.475,-0.873,2.040
991,109.831,0,1,1,1,1,0,Avatar IK kemik fallback,1,1,1,1,-2.389,1.194,14.536,13.244,26.098,0.046,9.302,0.000,1.169,1.473,0.110,2.066,1.610,-0.413,1.999,1.433,-0.412,2.002,1.624,-0.875,2.037,1.475,-0.873,2.041
992,109.941,0,1,1,1,1,0,Avatar IK kemik fallback,1,1,1,1,-2.431,1.240,14.581,12.970,26.018,0.069,11.692,0.000,1.362,1.467,0.110,2.072,1.607,-0.412,2.002,1.430,-0.412,2.009,1.626,-0.874,2.039,1.477,-0.873,2.046
993,110.052,0,1,1,1,1,0,Avatar IK kemik fallback,1,1,1,1,-2.585,1.220,15.754,12.962,28.231,0.091,19.446,0.000,0.712,1.456,0.108,2.078,1.603,-0.412,2.003,1.426,-0.413,2.011,1.628,-0.874,2.044,1.481,-0.873,2.045
994,110.153,0,1,1,1,1,0,Avatar IK kemik fallback,1,1,1,1,-6.758,1.316,17.666,11.680,31.457,0.165,40.791,1.051,0.000,1.440,0.107,2.084,1.620,-0.410,2.015,1.421,-0.413,2.022,1.642,-0.871,2.068,1.485,-0.872,2.051
995,110.264,0,1,1,1,1,0,Avatar IK kemik fallback,1,1,1,1,-7.487,1.482,21.155,10.735,34.986,0.127,65.352,0.000,0.313,1.428,0.106,2.090,1.619,-0.406,2.003,1.417,-0.413,2.031,1.644,-0.865,2.062,1.487,-0.872,2.056
996,110.377,0,1,1,1,1,0,Avatar IK kemik fallback,1,1,1,1,-7.510,2.170,31.779,10.827,38.523,0.085,98.352,1.193,0.000,1.419,0.105,2.096,1.609,-0.397,1.971,1.413,-0.413,2.037,1.627,-0.848,2.081,1.481,-0.872,2.061
997,110.479,0,1,1,1,1,0,Avatar IK kemik fallback,1,1,1,1,-7.060,2.455,41.644,8.889,41.527,0.052,129.641,5.075,0.000,1.414,0.107,2.099,1.598,-0.390,1.955,1.411,-0.413,2.052,1.610,-0.822,2.123,1.481,-0.872,2.070
998,110.587,0,1,1,1,1,0,Avatar IK kemik fallback,1,1,1,1,-7.825,2.358,52.570,7.982,43.674,0.027,147.269,10.436,0.000,1.412,0.107,2.102,1.592,-0.383,1.940,1.410,-0.412,2.061,1.591,-0.785,2.171,1.482,-0.871,2.077
999,110.688,0,1,1,1,1,0,Avatar IK kemik fallback,1,1,1,1,-8.455,2.783,58.369,8.020,44.845,0.031,151.678,12.036,0.000,1.411,0.110,2.103,1.587,-0.375,1.926,1.408,-0.410,2.063,1.580,-0.761,2.184,1.477,-0.870,2.080
1000,110.799,0,1,1,1,1,0,Avatar IK kemik fallback,1,1,1,1,-6.919,6.940,58.391,10.256,45.125,0.036,140.237,4.553,0.000,1.407,0.111,2.103,1.577,-0.364,1.902,1.427,-0.406,2.072,1.571,-0.763,2.139,1.484,-0.866,2.096
1001,110.910,0,1,1,1,1,0,Avatar IK kemik fallback,1,1,1,1,-6.808,6.922,50.602,12.547,44.635,0.007,120.523,0.000,12.581,1.406,0.104,2.102,1.573,-0.352,1.869,1.423,-0.413,2.073,1.566,-0.793,2.014,1.475,-0.872,2.124
1002,111.011,0,1,1,1,1,0,Avatar IK kemik fallback,1,1,1,1,-8.121,11.371,39.887,26.245,43.322,0.028,41.256,0.000,31.096,1.405,0.082,2.101,1.578,-0.347,1.830,1.449,-0.422,2.018,1.578,-0.811,1.841,1.485,-0.874,2.119
1003,111.123,0,1,1,1,1,0,Avatar IK kemik fallback,1,1,1,1,-7.539,14.848,26.133,40.553,41.307,0.054,43.246,0.000,51.152,1.405,0.041,2.096,1.576,-0.369,1.801,1.467,-0.444,1.961,1.593,-0.815,1.674,1.493,-0.880,2.119
1004,111.234,0,1,1,1,1,0,Avatar IK kemik fallback,1,1,1,1,-5.525,22.434,14.863,55.290,38.586,0.061,115.256,0.000,70.745,1.409,-0.014,2.091,1.569,-0.404,1.770,1.494,-0.472,1.910,1.600,-0.803,1.535,1.497,-0.885,2.122
1005,111.355,0,1,1,1,1,0,Avatar IK kemik fallback,1,1,1,1,-5.497,26.779,13.261,66.205,34.786,0.045,133.249,0.000,88.495,1.413,-0.062,2.086,1.570,-0.408,1.724,1.505,-0.499,1.874,1.608,-0.767,1.433,1.499,-0.887,2.129
1006,111.467,0,1,1,1,1,0,Avatar IK kemik fallback,1,1,1,1,-4.649,29.742,13.866,72.685,31.392,0.088,135.919,0.000,93.178,1.420,-0.093,2.085,1.565,-0.434,1.715,1.511,-0.516,1.851,1.600,-0.792,1.422,1.503,-0.887,2.130
1007,111.567,0,1,1,1,1,0,Avatar IK kemik fallback,1,1,1,1,-3.743,32.785,14.370,75.181,27.832,0.077,135.812,0.000,92.906,1.425,-0.107,2.084,1.560,-0.453,1.716,1.520,-0.523,1.843,1.588,-0.819,1.431,1.506,-0.890,2.127
1008,111.679,0,1,1,1,1,0,Avatar IK kemik fallback,1,1,1,1,-2.871,31.784,13.434,70.684,24.116,0.021,136.118,0.000,89.927,1.429,-0.082,2.081,1.551,-0.435,1.718,1.524,-0.510,1.857,1.566,-0.800,1.433,1.505,-0.889,2.124
1009,111.790,0,1,1,1,1,0,Avatar IK kemik fallback,1,1,1,1,-1.863,27.636,12.492,61.987,20.269,0.016,132.909,0.000,83.514,1.429,-0.037,2.082,1.544,-0.399,1.729,1.520,-0.484,1.885,1.551,-0.767,1.447,1.502,-0.885,2.120
1010,111.891,0,1,1,1,1,0,Avatar IK kemik fallback,1,1,1,1,-1.742,21.658,13.089,50.618,16.515,0.032,117.815,0.000,72.388,1.431,0.012,2.083,1.548,-0.374,1.753,1.505,-0.458,1.920,1.554,-0.762,1.499,1.501,-0.880,2.113
1011,112.002,0,1,1,1,1,0,Avatar IK kemik fallback,1,1,1,1,-2.354,15.607,24.610,35.334,13.843,0.026,35.780,0.000,52.658,1.435,0.064,2.084,1.567,-0.344,1.780,1.485,-0.431,1.972,1.580,-0.786,1.640,1.497,-0.875,2.107
1012,112.124,0,1,1,1,1,0,Avatar IK kemik fallback,1,1,1,1,-1.157,10.753,37.119,20.159,13.349,0.089,59.219,0.000,26.466,1.442,0.100,2.085,1.590,-0.347,1.835,1.466,-0.412,2.025,1.617,-0.810,1.860,1.491,-0.870,2.096
1013,112.236,0,1,1,1,1,0,Avatar IK kemik fallback,1,1,1,1,-3.551,6.374,40.639,9.823,14.994,0.134,122.134,0.000,6.178,1.453,0.118,2.082,1.619,-0.370,1.911,1.447,-0.404,2.060,1.637,-0.813,2.048,1.483,-0.865,2.094
1014,112.347,0,1,1,1,1,0,Avatar IK kemik fallback,1,1,1,1,-6.654,2.674,26.249,7.098,18.260,0.188,114.859,4.050,0.000,1.470,0.130,2.076,1.636,-0.388,2.005,1.433,-0.395,2.048,1.634,-0.837,2.122,1.467,-0.858,2.071
1015,112.447,0,1,1,1,1,0,Avatar IK kemik fallback,1,1,1,1,-5.221,2.318,10.518,6.441,23.212,0.297,48.082,6.016,0.000,1.492,0.131,2.074,1.627,-0.398,2.076,1.441,-0.396,2.046,1.616,-0.858,2.135,1.464,-0.859,2.065
1016,112.558,0,1,1,1,1,0,Avatar IK kemik fallback,1,1,1,1,-2.327,2.200,7.208,7.701,29.201,0.180,6.614,2.810,0.000,1.514,0.126,2.077,1.620,-0.404,2.071,1.449,-0.402,2.040,1.605,-0.866,2.103,1.458,-0.865,2.063
1017,112.671,0,1,1,1,1,0,Avatar IK kemik fallback,1,1,1,1,-2.276,1.748,9.143,14.257,35.429,0.131,43.706,3.902,0.000,1.530,0.117,2.080,1.628,-0.411,2.055,1.456,-0.405,2.001,1.604,-0.874,2.086,1.455,-0.868,2.035
1018,112.782,0,1,1,1,1,0,Avatar IK kemik fallback,1,1,1,1,-2.192,1.180,11.391,16.404,41.040,0.051,36.071,3.406,0.000,1.540,0.114,2.082,1.632,-0.413,2.043,1.459,-0.407,1.992,1.603,-0.875,2.079,1.455,-0.869,2.034
1019,112.892,0,1,1,1,1,0,Avatar IK kemik fallback,1,1,1,1,-2.168,0.979,12.108,17.020,45.394,0.019,33.728,3.440,0.000,1.544,0.112,2.082,1.634,-0.414,2.039,1.460,-0.408,1.989,1.602,-0.876,2.078,1.454,-0.870,2.032
1020,112.993,0,1,1,1,1,0,Avatar IK kemik fallback,1,1,1,1,-2.087,0.852,11.666,16.795,48.367,0.006,36.040,3.574,0.000,1.546,0.113,2.083,1.635,-0.414,2.043,1.461,-0.408,1.990,1.602,-0.876,2.080,1.455,-0.870,2.033
1021,113.105,0,1,1,1,1,0,Avatar IK kemik fallback,1,1,1,1,-2.021,0.715,11.436,16.717,50.140,0.002,37.519,3.847,0.000,1.546,0.113,2.083,1.635,-0.414,2.045,1.461,-0.408,1.990,1.603,-0.876,2.082,1.456,-0.870,2.032
1022,113.217,0,1,1,1,1,0,Avatar IK kemik fallback,1,1,1,1,-1.975,0.652,11.354,16.844,50.957,0.024,38.938,4.102,0.000,1.545,0.113,2.084,1.635,-0.415,2.046,1.460,-0.408,1.990,1.604,-0.876,2.084,1.456,-0.870,2.032
1023,113.328,0,1,1,1,1,0,Avatar IK kemik fallback,1,1,1,1,-1.974,0.583,11.926,17.293,50.791,0.035,36.738,4.126,0.000,1.542,0.112,2.084,1.634,-0.415,2.042,1.459,-0.408,1.988,1.605,-0.877,2.081,1.457,-0.870,2.031
1024,113.450,0,1,1,1,1,0,Avatar IK kemik fallback,1,1,1,1,-2.001,0.624,12.027,17.300,49.599,0.055,35.960,4.177,0.000,1.537,0.112,2.083,1.632,-0.415,2.041,1.457,-0.408,1.988,1.607,-0.877,2.082,1.459,-0.870,2.031
1025,113.561,0,1,1,1,1,0,Avatar IK kemik fallback,1,1,1,1,-2.040,0.737,11.920,17.237,47.840,0.081,36.468,4.072,0.000,1.530,0.112,2.083,1.629,-0.415,2.041,1.454,-0.408,1.990,1.609,-0.877,2.082,1.460,-0.870,2.034
1026,113.661,0,1,1,1,1,0,Avatar IK kemik fallback,1,1,1,1,-2.117,0.995,11.099,16.443,45.237,0.148,38.803,3.799,0.000,1.520,0.113,2.082,1.625,-0.415,2.045,1.450,-0.408,1.996,1.610,-0.877,2.085,1.461,-0.870,2.040
1027,113.772,0,1,1,1,1,0,Avatar IK kemik fallback,1,1,1,1,-2.076,1.228,10.439,15.523,41.667,0.091,39.160,3.594,0.000,1.508,0.114,2.080,1.620,-0.414,2.047,1.444,-0.408,2.002,1.614,-0.876,2.087,1.463,-0.870,2.046
1028,113.884,0,1,1,1,1,0,Avatar IK kemik fallback,1,1,1,1,-2.223,1.436,10.919,14.500,37.576,0.228,28.175,3.522,0.000,1.488,0.114,2.077,1.613,-0.414,2.047,1.437,-0.409,2.011,1.618,-0.876,2.094,1.468,-0.870,2.056
1029,113.995,0,1,1,1,1,0,Avatar IK kemik fallback,1,1,1,1,-7.344,1.790,16.205,14.179,34.338,0.298,13.337,5.536,0.000,1.460,0.110,2.076,1.630,-0.414,2.043,1.429,-0.411,2.013,1.638,-0.872,2.116,1.476,-0.871,2.058
1030,114.106,0,1,1,1,1,0,Avatar IK kemik fallback,1,1,1,1,-9.688,1.803,27.639,10.431,34.318,0.247,90.406,3.017,0.000,1.431,0.110,2.078,1.628,-0.402,1.995,1.418,-0.411,2.035,1.639,-0.852,2.108,1.484,-0.870,2.072
1031,114.219,0,1,1,1,1,0,Avatar IK kemik fallback,1,1,1,1,-12.691,1.140,34.887,9.532,38.290,0.192,114.161,0.000,3.426,1.409,0.111,2.081,1.629,-0.378,1.933,1.405,-0.408,2.032,1.642,-0.831,2.032,1.485,-0.866,2.056
1032,114.340,0,1,1,1,1,0,Avatar IK kemik fallback,1,1,1,1,-12.463,1.377,28.518,6.666,46.605,0.084,124.214,0.000,18.567,1.392,0.115,2.083,1.628,-0.353,1.897,1.394,-0.405,2.053,1.670,-0.816,1.905,1.480,-0.862,2.071
1033,114.451,0,1,1,1,1,0,Avatar IK kemik fallback,1,1,1,1,-11.200,1.150,19.185,6.987,54.245,0.068,93.215,0.000,30.107,1.380,0.116,2.087,1.625,-0.343,1.887,1.386,-0.403,2.055,1.691,-0.795,1.802,1.477,-0.859,2.075
1034,114.563,0,1,1,1,1,0,Avatar IK kemik fallback,1,1,1,1,-9.478,1.300,12.702,7.505,61.155,0.063,51.429,0.000,39.587,1.372,0.115,2.091,1.632,-0.330,1.874,1.378,-0.404,2.060,1.731,-0.759,1.720,1.469,-0.860,2.083
1035,114.675,0,1,1,1,1,0,Avatar IK kemik fallback,1,1,1,1,-11.074,1.989,13.528,9.166,66.493,0.050,38.436,0.000,43.454,1.369,0.110,2.097,1.653,-0.312,1.856,1.376,-0.408,2.058,1.772,-0.727,1.680,1.463,-0.864,2.084
1036,114.786,0,1,1,1,1,0,Avatar IK kemik fallback,1,1,1,1,-11.307,6.279,14.234,10.131,70.143,0.049,33.680,0.000,45.668,1.364,0.108,2.099,1.648,-0.309,1.851,1.397,-0.406,2.067,1.767,-0.723,1.673,1.474,-0.864,2.093
1037,114.897,0,1,1,1,1,0,Avatar IK kemik fallback,1,1,1,1,-10.461,6.796,14.132,11.126,72.310,0.022,23.800,0.000,46.395,1.363,0.104,2.101,1.625,-0.321,1.856,1.399,-0.409,2.066,1.722,-0.741,1.678,1.473,-0.867,2.097
1038,115.009,0,1,1,1,1,0,Avatar IK kemik fallback,1,1,1,1,-11.700,9.576,17.574,16.043,72.849,0.036,9.107,0.000,43.498,1.367,0.100,2.102,1.615,-0.325,1.850,1.417,-0.406,2.043,1.688,-0.755,1.689,1.482,-0.865,2.081
1039,115.120,0,1,1,1,1,0,Avatar IK kemik fallback,1,1,1,1,-11.517,7.873,19.050,15.927,71.681,0.054,17.857,0.000,41.482,1.373,0.101,2.103,1.605,-0.328,1.849,1.415,-0.406,2.038,1.664,-0.764,1.701,1.487,-0.864,2.079
1040,115.231,0,1,1,1,1,0,Avatar IK kemik fallback,1,1,1,1,-11.929,7.728,20.479,18.386,68.924,0.057,10.767,0.000,41.304,1.379,0.098,2.105,1.605,-0.327,1.842,1.417,-0.407,2.026,1.657,-0.766,1.700,1.487,-0.864,2.076
1041,115.343,0,1,1,1,1,0,Avatar IK kemik fallback,1,1,1,1,-12.332,9.394,21.617,23.526,64.771,0.057,8.460,0.000,44.870,1.383,0.089,2.104,1.603,-0.329,1.830,1.426,-0.412,2.012,1.648,-0.767,1.682,1.486,-0.867,2.089
1042,115.443,0,1,1,1,1,0,Avatar IK kemik fallback,1,1,1,1,-10.999,13.122,21.004,33.261,59.295,0.047,45.176,0.000,50.298,1.386,0.068,2.102,1.595,-0.345,1.818,1.442,-0.423,1.985,1.638,-0.779,1.659,1.483,-0.870,2.106
1043,115.555,0,1,1,1,1,0,Avatar IK kemik fallback,1,1,1,1,-8.330,16.894,18.431,44.894,52.647,0.095,83.579,0.000,55.838,1.390,0.031,2.096,1.584,-0.382,1.807,1.460,-0.444,1.940,1.629,-0.808,1.629,1.485,-0.876,2.108
1044,115.655,0,1,1,1,1,0,Avatar IK kemik fallback,1,1,1,1,-5.997,23.331,14.774,55.297,44.891,0.132,115.661,0.000,65.550,1.398,-0.012,2.087,1.579,-0.414,1.782,1.485,-0.467,1.903,1.631,-0.822,1.566,1.489,-0.883,2.109
1045,115.766,0,1,1,1,1,0,Avatar IK kemik fallback,1,1,1,1,-5.930,31.518,12.381,65.379,36.341,0.120,136.313,0.000,82.259,1.403,-0.057,2.077,1.573,-0.426,1.736,1.514,-0.491,1.872,1.619,-0.799,1.463,1.494,-0.886,2.114
1046,115.877,0,1,1,1,1,0,Avatar IK kemik fallback,1,1,1,1,-5.294,34.573,12.527,71.895,28.208,0.076,140.647,0.000,90.333,1.408,-0.089,2.068,1.565,-0.447,1.714,1.525,-0.511,1.848,1.604,-0.812,1.429,1.500,-0.887,2.118
1047,116.000,0,1,1,1,1,0,Avatar IK kemik fallback,1,1,1,1,-4.454,37.466,13.102,74.275,22.180,0.034,140.022,0.000,93.501,1.408,-0.099,2.063,1.562,-0.452,1.704,1.534,-0.516,1.843,1.603,-0.815,1.418,1.501,-0.884,2.123
1048,116.100,0,1,1,1,1,0,Avatar IK kemik fallback,1,1,1,1,-4.625,35.930,13.242,73.336,20.811,0.029,138.819,0.000,93.070,1.406,-0.092,2.065,1.563,-0.443,1.705,1.530,-0.511,1.846,1.607,-0.807,1.420,1.503,-0.881,2.124
1049,116.211,0,1,1,1,1,0,Avatar IK kemik fallback,1,1,1,1,-4.314,32.041,12.696,67.714,21.077,0.043,136.842,0.000,88.685,1.401,-0.062,2.066,1.558,-0.421,1.713,1.519,-0.494,1.864,1.600,-0.787,1.431,1.502,-0.878,2.125
1050,116.312,0,1,1,1,1,0,Avatar IK kemik fallback,1,1,1,1,-4.759,22.054,12.287,58.065,21.665,0.079,130.140,0.000,81.773,1.395,-0.021,2.069,1.554,-0.390,1.727,1.487,-0.476,1.888,1.593,-0.762,1.452,1.502,-0.876,2.123
1051,116.423,0,1,1,1,1,0,Avatar IK kemik fallback,1,1,1,1,-5.067,13.981,12.225,45.756,22.072,0.032,115.663,0.000,72.181,1.394,0.027,2.072,1.554,-0.360,1.747,1.458,-0.452,1.923,1.590,-0.745,1.490,1.503,-0.873,2.113
1052,116.524,0,1,1,1,1,0,Avatar IK kemik fallback,1,1,1,1,-4.576,12.848,12.310,34.900,22.066,0.069,95.701,0.000,64.449,1.390,0.063,2.074,1.546,-0.344,1.771,1.449,-0.430,1.968,1.577,-0.746,1.539,1.497,-0.868,2.115
1053,116.635,0,1,1,1,1,0,Avatar IK kemik fallback,1,1,1,1,-3.913,7.441,13.513,20.555,21.589,0.075,41.342,0.000,55.048,1.384,0.094,2.079,1.537,-0.339,1.807,1.421,-0.416,2.027,1.566,-0.763,1.620,1.488,-0.866,2.125
1054,116.736,0,1,1,1,1,0,Avatar IK kemik fallback,1,1,1,1,-3.686,4.302,14.827,11.084,20.701,0.078,28.884,0.000,45.925,1.379,0.109,2.084,1.537,-0.341,1.837,1.402,-0.407,2.060,1.570,-0.779,1.687,1.483,-0.862,2.113
1055,116.847,0,1,1,1,1,0,Avatar IK kemik fallback,1,1,1,1,-5.260,1.454,20.304,7.356,19.590,0.019,93.622,0.000,37.705,1.376,0.115,2.087,1.550,-0.333,1.838,1.384,-0.404,2.056,1.589,-0.782,1.730,1.475,-0.860,2.079
1056,116.958,0,1,1,1,1,0,Avatar IK kemik fallback,1,1,1,1,-6.340,1.377,20.731,6.306,18.547,0.045,106.708,0.000,32.663,1.375,0.116,2.087,1.562,-0.339,1.853,1.381,-0.402,2.055,1.610,-0.792,1.764,1.473,-0.859,2.067
1057,117.069,0,1,1,1,1,0,Avatar IK kemik fallback,1,1,1,1,-8.378,1.412,21.950,6.292,17.868,0.034,110.883,0.000,31.807,1.371,0.112,2.088,1.575,-0.340,1.856,1.380,-0.406,2.055,1.625,-0.795,1.773,1.473,-0.862,2.067
1058,117.181,0,1,1,1,1,0,Avatar IK kemik fallback,1,1,1,1,-9.675,1.421,21.810,6.362,17.579,0.005,109.673,0.000,32.066,1.367,0.110,2.088,1.587,-0.340,1.860,1.376,-0.408,2.055,1.642,-0.794,1.775,1.469,-0.864,2.068
1059,117.292,0,1,1,1,1,0,Avatar IK kemik fallback,1,1,1,1,-10.903,1.536,22.947,9.045,17.434,0.011,86.905,0.000,31.867,1.367,0.108,2.087,1.601,-0.336,1.855,1.376,-0.409,2.041,1.664,-0.789,1.772,1.467,-0.865,2.063
1060,117.403,0,1,1,1,1,0,Avatar IK kemik fallback,1,1,1,1,-11.823,1.780,24.963,11.593,17.310,0.040,73.150,0.000,31.332,1.369,0.105,2.085,1.608,-0.336,1.849,1.379,-0.411,2.030,1.670,-0.790,1.776,1.468,-0.867,2.062
1061,117.516,0,1,1,1,1,0,Avatar IK kemik fallback,1,1,1,1,-10.913,2.905,23.835,9.605,17.257,0.059,85.109,0.000,33.221,1.370,0.104,2.081,1.600,-0.343,1.852,1.385,-0.413,2.045,1.654,-0.798,1.777,1.470,-0.869,2.078
1062,117.626,0,1,1,1,1,0,Avatar IK kemik fallback,1,1,1,1,-10.882,9.842,23.473,14.828,17.280,0.030,45.145,0.000,36.500,1.372,0.099,2.078,1.592,-0.346,1.845,1.421,-0.410,2.041,1.633,-0.800,1.757,1.482,-0.868,2.086
1063,117.739,0,1,1,1,1,0,Avatar IK kemik fallback,1,1,1,1,-9.908,11.644,22.234,18.246,17.017,0.038,19.703,0.000,41.388,1.374,0.094,2.075,1.581,-0.348,1.834,1.430,-0.413,2.034,1.613,-0.798,1.727,1.479,-0.870,2.099
1064,117.860,0,1,1,1,1,0,Avatar IK kemik fallback,1,1,1,1,-8.617,15.232,21.063,26.898,15.852,0.041,24.332,0.000,47.505,1.379,0.080,2.073,1.571,-0.352,1.814,1.452,-0.418,2.005,1.598,-0.795,1.680,1.483,-0.870,2.105
1065,117.971,0,1,1,1,1,0,Avatar IK kemik fallback,1,1,1,1,-6.470,20.134,17.377,38.121,14.201,0.030,74.755,0.000,56.724,1.384,0.055,2.070,1.557,-0.368,1.792,1.476,-0.430,1.968,1.582,-0.796,1.616,1.485,-0.871,2.114
1066,118.084,0,1,1,1,1,0,Avatar IK kemik fallback,1,1,1,1,-5.384,23.695,14.138,50.466,12.796,0.063,112.462,0.000,70.075,1.388,0.016,2.065,1.548,-0.385,1.759,1.493,-0.451,1.923,1.573,-0.788,1.530,1.488,-0.870,2.123
1067,118.195,0,1,1,1,1,0,Avatar IK kemik fallback,1,1,1,1,-5.498,25.485,12.896,60.921,12.149,0.048,130.121,0.000,85.042,1.392,-0.027,2.061,1.544,-0.391,1.717,1.502,-0.477,1.881,1.566,-0.760,1.437,1.494,-0.871,2.125
1068,118.317,0,1,1,1,1,0,Avatar IK kemik fallback,1,1,1,1,-5.055,27.355,12.978,69.786,12.807,0.042,137.278,0.000,95.184,1.398,-0.065,2.058,1.537,-0.409,1.694,1.506,-0.499,1.849,1.551,-0.764,1.396,1.498,-0.868,2.130
1069,118.429,0,1,1,1,1,0,Avatar IK kemik fallback,1,1,1,1,-4.907,29.309,13.544,74.233,14.103,0.027,138.280,0.000,96.995,1.402,-0.084,2.057,1.529,-0.435,1.694,1.506,-0.511,1.834,1.534,-0.797,1.405,1.501,-0.865,2.133
1070,118.529,0,1,1,1,1,0,Avatar IK kemik fallback,1,1,1,1,-4.586,26.411,13.794,74.013,15.416,0.051,137.161,0.000,96.434,1.398,-0.087,2.056,1.527,-0.435,1.692,1.499,-0.512,1.828,1.535,-0.798,1.402,1.507,-0.867,2.127
1071,118.639,0,1,1,1,1,0,Avatar IK kemik fallback,1,1,1,1,-5.166,22.091,13.200,68.865,16.400,0.053,135.661,0.000,92.323,1.394,-0.063,2.056,1.527,-0.414,1.696,1.486,-0.498,1.840,1.535,-0.775,1.405,1.508,-0.867,2.121
1072,118.741,0,1,1,1,1,0,Avatar IK kemik fallback,1,1,1,1,-5.052,17.769,13.460,60.865,16.884,0.024,127.561,0.000,83.457,1.389,-0.030,2.056,1.526,-0.397,1.710,1.473,-0.481,1.861,1.536,-0.773,1.438,1.508,-0.869,2.114
1073,118.853,0,1,1,1,1,0,Avatar IK kemik fallback,1,1,1,1,-6.150,12.976,13.581,48.952,17.020,0.053,113.127,0.000,70.396,1.387,0.016,2.054,1.536,-0.382,1.738,1.453,-0.458,1.893,1.551,-0.780,1.500,1.507,-0.870,2.101
1074,118.963,0,1,1,1,1,0,Avatar IK kemik fallback,1,1,1,1,-6.565,12.005,14.418,36.913,17.044,0.047,87.645,0.000,57.574,1.383,0.057,2.050,1.552,-0.372,1.775,1.446,-0.434,1.937,1.581,-0.795,1.587,1.500,-0.866,2.098
1075,119.075,0,1,1,1,1,0,Avatar IK kemik fallback,1,1,1,1,-9.006,10.645,22.264,25.387,16.878,0.025,13.108,0.000,44.545,1.380,0.086,2.046,1.584,-0.356,1.800,1.435,-0.418,1.984,1.626,-0.807,1.698,1.492,-0.864,2.100
1076,119.176,0,1,1,1,1,0,Avatar IK kemik fallback,1,1,1,1,-10.067,8.393,26.266,17.029,16.469,0.053,42.669,0.000,31.949,1.382,0.101,2.042,1.609,-0.358,1.834,1.426,-0.410,2.010,1.661,-0.819,1.805,1.491,-0.862,2.092
1077,119.298,0,1,1,1,1,0,Avatar IK kemik fallback,1,1,1,1,-10.263,6.557,29.329,11.457,15.812,0.102,87.635,0.000,18.943,1.387,0.108,2.039,1.629,-0.369,1.878,1.419,-0.406,2.028,1.685,-0.828,1.923,1.489,-0.862,2.087
1078,119.408,0,1,1,1,1,0,Avatar IK kemik fallback,1,1,1,1,-10.982,2.460,29.832,8.838,15.205,0.102,108.582,0.000,10.547,1.396,0.110,2.039,1.638,-0.379,1.913,1.401,-0.410,2.025,1.682,-0.835,1.994,1.477,-0.866,2.077
1079,119.509,0,1,1,1,1,0,Avatar IK kemik fallback,1,1,1,1,-11.813,2.265,25.649,7.861,14.745,0.143,106.161,0.000,7.561,1.407,0.112,2.040,1.640,-0.389,1.945,1.405,-0.410,2.026,1.669,-0.846,2.016,1.476,-0.867,2.071
1080,119.620,0,1,1,1,1,0,Avatar IK kemik fallback,1,1,1,1,-12.081,1.844,20.832,10.898,15.201,0.201,62.615,0.000,4.663,1.425,0.110,2.041,1.646,-0.399,1.971,1.412,-0.412,2.002,1.663,-0.860,2.019,1.476,-0.870,2.049
1081,119.744,0,1,1,1,1,0,Avatar IK kemik fallback,1,1,1,1,-3.467,1.344,15.995,13.573,18.463,0.291,16.378,0.000,5.575,1.450,0.109,2.041,1.607,-0.409,1.961,1.421,-0.413,1.986,1.630,-0.871,1.995,1.473,-0.872,2.037
1082,119.854,0,1,1,1,1,0,Avatar IK kemik fallback,1,1,1,1,-2.841,1.035,14.351,14.409,23.465,0.226,0.406,0.000,6.674,1.473,0.111,2.043,1.615,-0.408,1.961,1.429,-0.412,1.983,1.631,-0.872,1.983,1.468,-0.872,2.036
1083,119.967,0,1,1,1,1,0,Avatar IK kemik fallback,1,1,1,1,-2.351,0.775,12.428,14.313,29.973,0.192,14.101,0.000,6.631,1.494,0.114,2.044,1.620,-0.408,1.970,1.435,-0.410,1.987,1.627,-0.871,1.986,1.464,-0.870,2.042
1084,120.089,0,1,1,1,1,0,Avatar IK kemik fallback,1,1,1,1,-1.984,0.517,11.372,14.884,38.244,0.148,26.749,0.000,6.113,1.511,0.115,2.046,1.626,-0.408,1.977,1.441,-0.409,1.987,1.624,-0.872,1.991,1.461,-0.870,2.043
1085,120.199,0,1,1,1,1,0,Avatar IK kemik fallback,1,1,1,1,-1.616,0.246,9.975,14.492,44.973,0.143,36.919,0.000,5.040,1.525,0.117,2.046,1.630,-0.408,1.989,1.446,-0.408,1.989,1.621,-0.872,2.003,1.459,-0.869,2.045
1086,120.301,0,1,1,1,1,0,Avatar IK kemik fallback,1,1,1,1,-1.290,0.093,7.099,13.415,51.477,0.141,61.583,0.000,3.486,1.539,0.120,2.046,1.633,-0.408,2.010,1.451,-0.407,1.995,1.617,-0.872,2.022,1.457,-0.867,2.048
1087,120.411,0,1,1,1,1,0,Avatar IK kemik fallback,1,1,1,1,-1.131,0.000,6.422,13.808,57.709,0.181,73.016,0.000,3.161,1.553,0.120,2.046,1.637,-0.408,2.016,1.456,-0.406,1.994,1.613,-0.871,2.027,1.453,-0.867,2.049
1088,120.523,0,1,1,1,1,0,Avatar IK kemik fallback,1,1,1,1,-0.942,-0.267,6.450,14.634,63.867,0.183,77.624,0.000,3.423,1.571,0.119,2.047,1.644,-0.408,2.016,1.463,-0.407,1.992,1.610,-0.871,2.027,1.449,-0.867,2.051
1089,120.635,0,1,1,1,1,0,Avatar IK kemik fallback,1,1,1,1,-0.789,0.572,6.440,17.660,69.943,0.212,93.106,0.000,4.954,1.592,0.116,2.049,1.652,-0.411,2.017,1.476,-0.409,1.989,1.606,-0.873,2.028,1.447,-0.865,2.067
1090,120.745,0,1,1,1,1,0,Avatar IK kemik fallback,1,1,1,1,-0.717,0.028,6.490,26.784,75.692,0.193,121.985,0.000,7.280,1.611,0.114,2.054,1.658,-0.412,2.019,1.479,-0.406,1.966,1.601,-0.873,2.028,1.440,-0.852,2.089
1091,120.857,0,1,1,1,1,0,Avatar IK kemik fallback,1,1,1,1,-0.467,0.034,7.551,38.551,80.618,0.121,134.486,0.000,4.213,1.625,0.109,2.059,1.663,-0.415,2.015,1.493,-0.392,1.907,1.599,-0.875,2.024,1.452,-0.830,2.058
1092,120.968,0,1,1,1,1,0,Avatar IK kemik fallback,1,1,1,1,0.420,3.730,7.073,42.531,84.055,0.089,142.965,2.522,0.000,1.636,0.108,2.062,1.667,-0.415,2.018,1.527,-0.376,1.866,1.604,-0.876,2.025,1.482,-0.818,2.000
1093,121.079,0,1,1,1,1,0,Avatar IK kemik fallback,1,1,1,1,1.189,7.190,7.382,36.654,85.761,0.064,132.948,13.766,0.000,1.643,0.108,2.064,1.669,-0.415,2.022,1.564,-0.363,1.846,1.608,-0.875,2.034,1.525,-0.822,1.904
1094,121.180,0,1,1,1,1,0,Avatar IK kemik fallback,1,1,1,1,1.270,6.988,10.497,29.956,85.672,0.015,96.205,23.669,0.000,1.648,0.102,2.066,1.671,-0.419,2.011,1.585,-0.358,1.830,1.607,-0.878,2.034,1.568,-0.821,1.813
1095,121.290,0,1,1,1,1,0,Avatar IK kemik fallback,1,1,1,1,1.243,5.953,17.084,22.103,83.890,0.047,25.611,36.640,0.000,1.653,0.094,2.068,1.669,-0.423,1.989,1.599,-0.351,1.809,1.597,-0.879,2.043,1.603,-0.803,1.703
1096,121.402,0,1,1,1,1,0,Avatar IK kemik fallback,1,1,1,1,-1.221,7.022,30.565,20.448,80.520,0.020,39.666,47.790,0.000,1.654,0.063,2.071,1.680,-0.440,1.937,1.605,-0.353,1.774,1.592,-0.885,2.042,1.606,-0.787,1.610
1097,121.503,0,1,1,1,1,0,Avatar IK kemik fallback,1,1,1,1,-1.206,5.021,45.679,15.642,75.668,0.023,97.969,59.893,0.000,1.654,0.013,2.073,1.685,-0.469,1.886,1.594,-0.387,1.753,1.585,-0.893,2.049,1.594,-0.795,1.531
1098,121.614,0,1,1,1,1,0,Avatar IK kemik fallback,1,1,1,1,0.469,4.382,60.955,15.673,70.109,0.044,118.186,78.610,0.000,1.656,-0.051,2.075,1.686,-0.505,1.839,1.594,-0.400,1.704,1.576,-0.899,2.062,1.593,-0.771,1.426
1099,121.725,0,1,1,1,1,0,Avatar IK kemik fallback,1,1,1,1,2.416,5.177,70.535,15.742,64.437,0.018,127.018,92.105,0.000,1.656,-0.095,2.076,1.687,-0.527,1.812,1.599,-0.406,1.678,1.573,-0.898,2.070,1.597,-0.746,1.362
1100,121.825,0,1,1,1,1,0,Avatar IK kemik fallback,1,1,1,1,5.275,6.298,75.385,17.497,58.758,0.082,124.649,94.967,0.000,1.652,-0.118,2.081,1.686,-0.536,1.801,1.605,-0.421,1.676,1.573,-0.898,2.071,1.601,-0.763,1.363
1101,121.938,0,1,1,1,1,0,Avatar IK kemik fallback,1,1,1,1,12.367,7.656,71.999,17.963,53.304,0.023,120.131,91.016,0.000,1.651,-0.105,2.085,1.662,-0.525,1.812,1.620,-0.414,1.685,1.575,-0.903,2.070,1.630,-0.763,1.380
1102,122.060,0,1,1,1,1,0,Avatar IK kemik fallback,1,1,1,1,16.560,9.476,64.554,17.978,46.729,0.040,112.867,83.358,0.000,1.650,-0.068,2.089,1.639,-0.501,1.836,1.635,-0.387,1.701,1.584,-0.903,2.063,1.662,-0.745,1.407
1103,122.171,0,1,1,1,1,0,Avatar IK kemik fallback,1,1,1,1,14.140,9.658,53.682,17.779,41.016,0.030,100.482,71.182,0.000,1.648,-0.022,2.091,1.635,-0.475,1.867,1.640,-0.367,1.726,1.587,-0.901,2.047,1.674,-0.744,1.458
1104,122.272,0,1,1,1,1,0,Avatar IK kemik fallback,1,1,1,1,10.404,9.125,41.013,16.780,34.852,0.032,83.861,59.517,0.000,1.647,0.026,2.089,1.638,-0.451,1.907,1.644,-0.351,1.756,1.587,-0.895,2.035,1.686,-0.748,1.518
1105,122.383,0,1,1,1,1,0,Avatar IK kemik fallback,1,1,1,1,8.300,12.164,27.927,21.432,28.286,0.038,26.316,48.087,0.000,1.647,0.066,2.084,1.639,-0.431,1.950,1.653,-0.331,1.775,1.589,-0.887,2.026,1.684,-0.756,1.592
1106,122.493,0,1,1,1,1,0,Avatar IK kemik fallback,1,1,1,1,5.074,18.802,17.111,34.297,21.889,0.076,66.858,34.976,0.000,1.645,0.091,2.075,1.650,-0.422,1.990,1.660,-0.319,1.785,1.594,-0.881,2.032,1.644,-0.777,1.709
1107,122.606,0,1,1,1,1,0,Avatar IK kemik fallback,1,1,1,1,1.136,19.587,8.584,41.348,16.491,0.082,131.234,21.250,0.000,1.644,0.103,2.066,1.668,-0.420,2.025,1.642,-0.343,1.817,1.603,-0.880,2.046,1.587,-0.803,1.847
1108,122.717,0,1,1,1,1,0,Avatar IK kemik fallback,1,1,1,1,0.922,15.561,7.503,40.607,13.131,0.060,137.618,7.954,0.000,1.644,0.109,2.057,1.669,-0.414,2.020,1.609,-0.372,1.862,1.603,-0.874,2.035,1.544,-0.822,1.959
1109,122.827,0,1,1,1,1,0,Avatar IK kemik fallback,1,1,1,1,0.982,8.862,6.954,32.707,12.475,0.070,129.868,2.347,0.000,1.643,0.110,2.046,1.669,-0.414,2.014,1.571,-0.395,1.903,1.604,-0.874,2.030,1.521,-0.845,2.005
1110,122.929,0,1,1,1,1,0,Avatar IK kemik fallback,1,1,1,1,1.012,6.223,6.547,25.599,14.135,0.094,118.533,2.751,0.000,1.641,0.110,2.037,1.668,-0.414,2.009,1.557,-0.404,1.920,1.605,-0.874,2.026,1.516,-0.860,1.998
1111,123.040,0,1,1,1,1,0,Avatar IK kemik fallback,1,1,1,1,0.852,-1.114,6.193,22.305,16.969,0.081,113.072,2.902,0.000,1.636,0.110,2.029,1.666,-0.415,2.006,1.517,-0.406,1.924,1.605,-0.875,2.024,1.499,-0.865,1.994
1112,123.152,0,1,1,1,1,0,Avatar IK kemik fallback,1,1,1,1,0.568,-1.261,6.469,21.705,20.103,0.055,108.158,3.472,0.000,1.633,0.109,2.024,1.665,-0.417,2.001,1.514,-0.408,1.919,1.604,-0.877,2.021,1.497,-0.867,1.985
1113,123.273,0,1,1,1,1,0,Avatar IK kemik fallback,1,1,1,1,0.377,-1.266,6.606,22.020,23.538,0.031,107.696,2.868,0.000,1.633,0.109,2.020,1.666,-0.417,1.998,1.513,-0.408,1.918,1.602,-0.876,2.020,1.494,-0.867,1.989
1114,123.385,0,1,1,1,1,0,Avatar IK kemik fallback,1,1,1,1,0.299,-1.261,8.004,23.234,25.820,0.053,97.505,2.041,0.000,1.637,0.107,2.019,1.668,-0.418,1.989,1.514,-0.409,1.914,1.602,-0.877,2.015,1.492,-0.866,1.992
1115,123.485,0,1,1,1,1,0,Avatar IK kemik fallback,1,1,1,1,0.282,-1.257,8.368,24.632,27.586,0.049,98.573,1.388,0.000,1.642,0.106,2.018,1.670,-0.418,1.987,1.516,-0.410,1.910,1.601,-0.877,2.015,1.489,-0.865,1.997
1116,123.596,0,1,1,1,1,0,Avatar IK kemik fallback,1,1,1,1,0.253,0.343,7.840,26.708,28.830,0.066,109.226,0.512,0.000,1.648,0.105,2.018,1.671,-0.419,1.991,1.526,-0.410,1.908,1.598,-0.877,2.019,1.491,-0.862,2.010
1117,123.708,0,1,1,1,1,0,Avatar IK kemik fallback,1,1,1,1,0.020,1.110,8.709,32.011,29.562,0.041,114.449,0.734,0.000,1.653,0.103,2.019,1.673,-0.420,1.988,1.533,-0.406,1.887,1.594,-0.877,2.019,1.493,-0.853,2.007
1118,123.821,0,1,1,1,1,0,Avatar IK kemik fallback,1,1,1,1,0.228,4.656,8.672,37.977,29.720,0.044,125.637,3.981,0.000,1.657,0.103,2.021,1.674,-0.420,1.992,1.557,-0.395,1.855,1.594,-0.877,2.025,1.508,-0.838,1.984
1119,123.942,0,1,1,1,1,0,Avatar IK kemik fallback,1,1,1,1,0.332,6.554,9.210,36.579,29.056,0.016,119.540,15.017,0.000,1.660,0.102,2.023,1.674,-0.421,1.994,1.584,-0.377,1.816,1.593,-0.877,2.030,1.545,-0.834,1.888
1120,124.052,0,1,1,1,1,0,Avatar IK kemik fallback,1,1,1,1,0.502,6.887,9.955,30.917,27.619,0.014,102.576,28.538,0.000,1.661,0.101,2.025,1.675,-0.422,1.996,1.607,-0.358,1.784,1.594,-0.878,2.038,1.591,-0.821,1.772
1121,124.165,0,1,1,1,1,0,Avatar IK kemik fallback,1,1,1,1,2.070,6.993,12.728,24.544,25.410,0.023,63.403,41.751,0.000,1.662,0.098,2.028,1.669,-0.422,1.990,1.628,-0.339,1.757,1.591,-0.878,2.046,1.638,-0.792,1.659
1122,124.277,0,1,1,1,1,0,Avatar IK kemik fallback,1,1,1,1,2.735,6.657,19.190,19.341,22.658,0.021,0.785,51.153,0.000,1.663,0.089,2.030,1.667,-0.428,1.970,1.639,-0.335,1.744,1.590,-0.879,2.055,1.666,-0.770,1.586
1123,124.387,0,1,1,1,1,0,Avatar IK kemik fallback,1,1,1,1,1.698,6.044,32.111,14.757,19.736,0.038,74.051,59.530,0.000,1.663,0.062,2.034,1.673,-0.445,1.925,1.640,-0.353,1.736,1.584,-0.881,2.063,1.673,-0.769,1.532
1124,124.499,0,1,1,1,1,0,Avatar IK kemik fallback,1,1,1,1,-0.836,6.931,47.434,15.336,17.216,0.060,102.272,72.596,0.000,1.663,0.012,2.039,1.686,-0.477,1.874,1.643,-0.366,1.701,1.578,-0.886,2.071,1.677,-0.757,1.453
1125,124.600,0,1,1,1,1,0,Avatar IK kemik fallback,1,1,1,1,-3.795,7.063,59.662,15.046,15.539,0.083,119.442,85.424,0.000,1.663,-0.040,2.045,1.700,-0.509,1.836,1.644,-0.380,1.673,1.571,-0.891,2.072,1.681,-0.742,1.384
1126,124.723,0,1,1,1,1,0,Avatar IK kemik fallback,1,1,1,1,-11.185,8.447,69.328,16.288,15.099,0.097,123.904,92.601,0.000,1.661,-0.083,2.052,1.729,-0.535,1.810,1.642,-0.402,1.663,1.566,-0.891,2.068,1.671,-0.752,1.360
1127,124.832,0,1,1,1,1,0,Avatar IK kemik fallback,1,1,1,1,-10.837,8.219,72.892,17.196,15.685,0.049,123.648,93.946,0.000,1.652,-0.099,2.055,1.734,-0.543,1.804,1.641,-0.418,1.664,1.564,-0.892,2.068,1.669,-0.772,1.365
1128,124.933,0,1,1,1,1,0,Avatar IK kemik fallback,1,1,1,1,-6.763,7.569,70.657,17.118,16.536,0.084,121.991,92.351,0.000,1.647,-0.089,2.056,1.722,-0.535,1.811,1.642,-0.409,1.666,1.564,-0.894,2.068,1.679,-0.765,1.370
1129,125.034,0,1,1,1,1,0,Avatar IK kemik fallback,1,1,1,1,0.178,6.733,64.966,16.689,17.274,0.057,118.246,87.593,0.000,1.644,-0.064,2.059,1.695,-0.518,1.827,1.644,-0.393,1.676,1.567,-0.896,2.070,1.694,-0.755,1.389
1130,125.144,0,1,1,1,1,0,Avatar IK kemik fallback,1,1,1,1,4.886,6.402,54.504,16.032,17.855,0.038,109.085,77.117,0.000,1.641,-0.019,2.062,1.669,-0.489,1.857,1.639,-0.370,1.699,1.580,-0.896,2.063,1.693,-0.745,1.430
1131,125.245,0,1,1,1,1,0,Avatar IK kemik fallback,1,1,1,1,4.694,5.919,42.842,15.337,18.325,0.030,94.553,65.016,0.000,1.637,0.026,2.061,1.660,-0.462,1.892,1.623,-0.357,1.727,1.587,-0.893,2.050,1.667,-0.753,1.488
1132,125.357,0,1,1,1,1,0,Avatar IK kemik fallback,1,1,1,1,3.701,10.728,29.436,25.251,18.815,0.074,15.304,51.490,0.000,1.629,0.068,2.058,1.654,-0.438,1.938,1.616,-0.326,1.738,1.594,-0.887,2.042,1.624,-0.761,1.577
1133,125.467,0,1,1,1,1,0,Avatar IK kemik fallback,1,1,1,1,2.281,15.250,18.839,35.996,19.576,0.120,62.576,31.882,0.000,1.620,0.092,2.054,1.653,-0.425,1.971,1.603,-0.335,1.773,1.599,-0.883,2.031,1.565,-0.796,1.734
1134,125.569,0,1,1,1,1,0,Avatar IK kemik fallback,1,1,1,1,-0.020,17.081,13.114,41.448,21.051,0.166,103.863,15.236,0.000,1.606,0.103,2.047,1.656,-0.421,1.991,1.580,-0.362,1.821,1.605,-0.881,2.032,1.509,-0.817,1.886
1135,125.681,0,1,1,1,1,0,Avatar IK kemik fallback,1,1,1,1,-0.460,13.320,11.234,37.230,23.983,0.238,107.278,2.208,0.000,1.586,0.107,2.036,1.650,-0.418,1.984,1.535,-0.391,1.877,1.609,-0.879,2.014,1.467,-0.837,1.988
1136,125.791,0,1,1,1,1,0,Avatar IK kemik fallback,1,1,1,1,-0.806,5.284,12.096,24.171,29.082,0.286,66.589,2.411,0.000,1.561,0.109,2.025,1.642,-0.417,1.973,1.489,-0.405,1.910,1.615,-0.879,2.009,1.465,-0.863,1.980
1137,125.902,0,1,1,1,1,0,Avatar IK kemik fallback,1,1,1,1,-1.076,-0.451,13.963,19.591,36.191,0.176,33.545,5.668,0.000,1.537,0.108,2.018,1.634,-0.417,1.961,1.446,-0.407,1.907,1.622,-0.879,2.009,1.452,-0.869,1.950
1138,126.013,0,1,1,1,1,0,Avatar IK kemik fallback,1,1,1,1,-1.380,-0.217,10.772,16.288,44.257,0.173,40.766,5.363,0.000,1.515,0.115,2.010,1.625,-0.413,1.977,1.437,-0.406,1.924,1.623,-0.875,2.022,1.454,-0.868,1.966
1139,126.114,0,1,1,1,1,0,Avatar IK kemik fallback,1,1,1,1,-1.850,0.000,12.886,16.746,51.904,0.162,26.053,4.111,0.000,1.502,0.112,2.007,1.623,-0.414,1.964,1.433,-0.408,1.920,1.626,-0.876,2.013,1.455,-0.870,1.965
1140,126.224,0,1,1,1,1,0,Avatar IK kemik fallback,1,1,1,1,-2.022,0.323,11.830,15.695,58.633,0.094,28.090,3.026,0.000,1.492,0.114,2.002,1.620,-0.413,1.968,1.430,-0.408,1.925,1.628,-0.875,2.014,1.455,-0.869,1.973
1141,126.336,0,1,1,1,1,0,Avatar IK kemik fallback,1,1,1,1,-2.168,0.560,11.250,15.345,64.145,0.054,30.795,2.396,0.000,1.485,0.114,1.999,1.618,-0.413,1.968,1.428,-0.408,1.925,1.629,-0.874,2.012,1.455,-0.869,1.975
1142,126.448,0,1,1,1,1,0,Avatar IK kemik fallback,1,1,1,1,-2.122,0.724,9.692,14.640,68.260,0.038,40.668,2.173,0.000,1.482,0.116,1.996,1.616,-0.411,1.974,1.427,-0.407,1.930,1.630,-0.873,2.015,1.454,-0.868,1.980
1143,126.559,0,1,1,1,1,0,Avatar IK kemik fallback,1,1,1,1,-2.080,1.013,6.260,12.853,71.054,0.066,68.988,2.830,0.000,1.476,0.120,1.995,1.612,-0.409,1.994,1.424,-0.405,1.941,1.629,-0.871,2.029,1.454,-0.866,1.990
1144,126.670,0,1,1,1,1,0,Avatar IK kemik fallback,1,1,1,1,-2.357,1.254,6.525,10.601,72.830,0.127,47.598,2.300,0.000,1.466,0.123,1.994,1.608,-0.405,1.994,1.420,-0.403,1.955,1.630,-0.867,2.031,1.457,-0.864,1.999
1145,126.782,0,1,1,1,1,0,Avatar IK kemik fallback,1,1,1,1,-2.605,1.469,7.221,8.576,74.214,0.157,17.156,2.164,0.000,1.452,0.124,1.996,1.603,-0.404,1.996,1.415,-0.402,1.970,1.632,-0.865,2.038,1.460,-0.863,2.008
1146,126.883,0,1,1,1,1,0,Avatar IK kemik fallback,1,1,1,1,-5.857,1.680,10.294,9.131,75.317,0.206,11.974,4.596,0.000,1.435,0.120,2.000,1.613,-0.404,2.004,1.410,-0.404,1.970,1.641,-0.864,2.062,1.464,-0.864,2.008
1147,126.993,0,1,1,1,1,0,Avatar IK kemik fallback,1,1,1,1,-9.420,1.915,20.622,8.388,76.263,0.198,84.346,3.612,0.000,1.414,0.116,2.006,1.621,-0.400,1.966,1.404,-0.406,1.976,1.642,-0.855,2.057,1.470,-0.865,2.010
1148,127.105,0,1,1,1,1,0,Avatar IK kemik fallback,1,1,1,1,-10.563,2.455,29.114,9.046,76.543,0.144,105.182,0.000,0.345,1.399,0.113,2.011,1.615,-0.392,1.917,1.399,-0.407,1.976,1.631,-0.844,2.021,1.469,-0.866,2.010
1149,127.216,0,1,1,1,1,0,Avatar IK kemik fallback,1,1,1,1,-9.026,2.649,28.293,9.658,75.674,0.055,98.203,0.000,6.998,1.390,0.111,2.014,1.597,-0.386,1.887,1.395,-0.408,1.974,1.620,-0.845,1.956,1.469,-0.866,2.008
1150,127.327,0,1,1,1,1,0,Avatar IK kemik fallback,1,1,1,1,-8.995,2.926,25.010,10.330,73.474,0.060,83.079,0.000,17.094,1.383,0.109,2.017,1.584,-0.378,1.857,1.392,-0.409,1.976,1.606,-0.841,1.866,1.468,-0.866,2.014
1151,127.427,0,1,1,1,1,0,Avatar IK kemik fallback,1,1,1,1,-8.497,8.914,21.947,14.932,70.143,0.069,38.045,0.000,31.126,1.377,0.104,2.020,1.568,-0.365,1.818,1.419,-0.407,1.985,1.589,-0.825,1.759,1.478,-0.864,2.040
1152,127.540,0,1,1,1,1,0,Avatar IK kemik fallback,1,1,1,1,-7.694,11.017,18.644,24.842,65.882,0.065,28.508,0.000,44.083,1.373,0.088,2.024,1.554,-0.361,1.785,1.427,-0.415,1.955,1.575,-0.807,1.660,1.476,-0.865,2.058
1153,127.652,0,1,1,1,1,0,Avatar IK kemik fallback,1,1,1,1,-7.073,14.963,16.286,41.661,61.423,0.065,87.579,0.000,57.177,1.369,0.043,2.030,1.543,-0.378,1.749,1.445,-0.438,1.893,1.570,-0.802,1.562,1.482,-0.869,2.060
1154,127.772,0,1,1,1,1,0,Avatar IK kemik fallback,1,1,1,1,-8.129,17.349,16.077,57.259,56.873,0.009,112.311,0.000,73.467,1.367,-0.019,2.034,1.537,-0.397,1.704,1.453,-0.470,1.838,1.562,-0.791,1.460,1.489,-0.874,2.064
1155,127.873,0,1,1,1,1,0,Avatar IK kemik fallback,1,1,1,1,-8.582,20.763,15.246,67.454,54.072,0.020,126.261,0.000,86.156,1.369,-0.063,2.037,1.536,-0.407,1.676,1.459,-0.490,1.805,1.566,-0.773,1.392,1.491,-0.873,2.065
1156,127.985,0,1,1,1,1,0,Avatar IK kemik fallback,1,1,1,1,-8.875,22.735,15.421,72.475,51.860,0.037,129.823,0.000,90.662,1.370,-0.087,2.040,1.535,-0.420,1.668,1.461,-0.500,1.788,1.565,-0.779,1.375,1.492,-0.873,2.063
1157,128.085,0,1,1,1,1,0,Avatar IK kemik fallback,1,1,1,1,-8.475,23.907,16.128,74.854,49.762,0.049,129.095,0.000,89.984,1.373,-0.099,2.044,1.534,-0.437,1.675,1.463,-0.505,1.783,1.561,-0.803,1.391,1.492,-0.874,2.063
1158,128.196,0,1,1,1,1,0,Avatar IK kemik fallback,1,1,1,1,-7.644,25.577,15.943,71.540,47.384,0.027,127.102,0.000,85.393,1.375,-0.082,2.047,1.531,-0.431,1.686,1.471,-0.495,1.799,1.553,-0.804,1.412,1.488,-0.875,2.064
1159,128.308,0,1,1,1,1,0,Avatar IK kemik fallback,1,1,1,1,-6.779,23.374,15.724,62.763,44.465,0.047,119.863,0.000,76.422,1.379,-0.042,2.050,1.531,-0.408,1.705,1.473,-0.475,1.829,1.549,-0.793,1.446,1.485,-0.879,2.059
1160,128.420,0,1,1,1,1,0,Avatar IK kemik fallback,1,1,1,1,-6.393,21.292,15.587,50.668,40.657,0.088,105.898,0.000,64.636,1.386,0.010,2.053,1.538,-0.382,1.734,1.472,-0.449,1.873,1.550,-0.785,1.504,1.481,-0.877,2.051
1161,128.541,0,1,1,1,1,0,Avatar IK kemik fallback,1,1,1,1,-5.732,16.568,15.308,33.809,34.875,0.065,75.332,0.000,47.971,1.395,0.065,2.053,1.550,-0.370,1.786,1.462,-0.423,1.932,1.564,-0.800,1.611,1.483,-0.874,2.038
1162,128.653,0,1,1,1,1,0,Avatar IK kemik fallback,1,1,1,1,-6.739,11.919,28.211,20.281,29.697,0.082,32.704,0.000,30.167,1.407,0.098,2.052,1.583,-0.350,1.808,1.447,-0.409,1.979,1.604,-0.811,1.759,1.480,-0.869,2.030
1163,128.775,0,1,1,1,1,0,Avatar IK kemik fallback,1,1,1,1,-6.156,2.859,34.506,11.431,25.020,0.135,100.463,0.000,10.175,1.424,0.111,2.048,1.615,-0.366,1.862,1.408,-0.408,1.987,1.646,-0.824,1.931,1.459,-0.869,2.012
1164,128.887,0,1,1,1,1,0,Avatar IK kemik fallback,1,1,1,1,-9.013,2.139,27.949,10.282,24.714,0.278,92.421,0.982,0.000,1.448,0.116,2.041,1.647,-0.390,1.935,1.417,-0.406,1.981,1.663,-0.844,2.025,1.460,-0.868,2.001
1165,128.998,0,1,1,1,1,0,Avatar IK kemik fallback,1,1,1,1,-9.463,2.268,13.111,9.593,28.907,0.207,30.995,1.920,0.000,1.471,0.120,2.031,1.656,-0.402,2.007,1.427,-0.404,1.976,1.661,-0.865,2.034,1.454,-0.867,1.995
1166,129.101,0,1,1,1,1,0,Avatar IK kemik fallback,1,1,1,1,-3.204,2.368,6.332,11.474,36.242,0.298,57.762,0.000,1.032,1.499,0.121,2.025,1.634,-0.406,2.003,1.439,-0.404,1.961,1.640,-0.870,2.005,1.446,-0.867,1.989
1167,129.211,0,1,1,1,1,0,Avatar IK kemik fallback,1,1,1,1,-2.944,1.938,7.948,13.981,45.545,0.270,55.023,0.000,1.052,1.528,0.119,2.021,1.646,-0.408,1.989,1.452,-0.404,1.942,1.637,-0.871,1.995,1.442,-0.867,1.977
1168,129.321,0,1,1,1,1,0,Avatar IK kemik fallback,1,1,1,1,-2.364,1.175,7.886,15.277,55.578,0.229,63.813,0.000,0.454,1.554,0.118,2.018,1.654,-0.409,1.986,1.461,-0.405,1.935,1.632,-0.873,1.996,1.440,-0.867,1.977
1169,129.421,0,1,1,1,1,0,Avatar IK kemik fallback,1,1,1,1,-1.909,0.588,6.728,15.541,65.161,0.109,79.149,0.904,0.000,1.571,0.118,2.014,1.658,-0.410,1.990,1.464,-0.404,1.931,1.628,-0.873,2.003,1.437,-0.866,1.975
1170,129.533,0,1,1,1,1,0,Avatar IK kemik fallback,1,1,1,1,-1.654,-0.084,7.480,16.768,73.589,0.144,76.611,2.001,0.000,1.587,0.116,2.009,1.664,-0.412,1.985,1.468,-0.405,1.919,1.626,-0.874,2.003,1.433,-0.865,1.965
1171,129.633,0,1,1,1,1,0,Avatar IK kemik fallback,1,1,1,1,-1.224,-0.581,5.918,18.356,81.018,0.107,102.480,2.606,0.000,1.604,0.116,2.007,1.668,-0.412,1.995,1.472,-0.404,1.914,1.622,-0.874,2.014,1.428,-0.862,1.970
1172,129.744,0,1,1,1,1,0,Avatar IK kemik fallback,1,1,1,1,-0.856,-0.372,6.007,22.128,87.395,0.257,114.597,1.278,0.000,1.622,0.115,2.008,1.675,-0.413,1.997,1.481,-0.403,1.909,1.620,-0.874,2.019,1.425,-0.857,1.989
1173,129.856,0,1,1,1,1,0,Avatar IK kemik fallback,1,1,1,1,-0.587,0.211,6.132,32.373,93.173,0.199,136.298,0.000,0.335,1.643,0.111,2.012,1.682,-0.415,1.998,1.493,-0.397,1.881,1.616,-0.874,2.021,1.420,-0.838,2.008
1174,129.967,0,1,1,1,1,0,Avatar IK kemik fallback,1,1,1,1,-0.461,4.074,8.149,44.265,98.002,0.086,137.811,2.795,0.000,1.658,0.107,2.016,1.688,-0.418,1.991,1.530,-0.381,1.827,1.613,-0.876,2.020,1.447,-0.812,1.984
1175,130.079,0,1,1,1,1,0,Avatar IK kemik fallback,1,1,1,1,-0.099,6.933,11.626,46.375,101.356,0.108,119.823,10.852,0.000,1.670,0.101,2.018,1.693,-0.422,1.979,1.573,-0.368,1.789,1.614,-0.878,2.024,1.500,-0.809,1.916
1176,130.179,0,1,1,1,1,0,Avatar IK kemik fallback,1,1,1,1,0.445,8.389,16.524,37.771,102.911,0.052,78.266,27.970,0.000,1.677,0.094,2.019,1.694,-0.427,1.972,1.607,-0.357,1.762,1.611,-0.878,2.049,1.553,-0.818,1.785
1177,130.289,0,1,1,1,1,0,Avatar IK kemik fallback,1,1,1,1,-0.848,6.730,31.046,24.414,102.488,0.051,23.915,49.721,0.000,1.682,0.066,2.020,1.702,-0.445,1.923,1.621,-0.362,1.732,1.604,-0.879,2.062,1.597,-0.809,1.612
1178,130.391,0,1,1,1,1,0,Avatar IK kemik fallback,1,1,1,1,-3.725,3.773,44.791,13.619,100.172,0.022,106.733,65.515,0.000,1.685,0.025,2.022,1.715,-0.473,1.876,1.617,-0.390,1.716,1.597,-0.881,2.069,1.614,-0.800,1.500
1179,130.513,0,1,1,1,1,0,Avatar IK kemik fallback,1,1,1,1,-8.882,5.522,60.407,13.285,94.587,0.109,127.890,85.000,0.000,1.683,-0.034,2.024,1.736,-0.511,1.826,1.632,-0.396,1.664,1.588,-0.882,2.070,1.636,-0.764,1.381
1180,130.624,0,1,1,1,1,0,Avatar IK kemik fallback,1,1,1,1,-7.926,7.400,67.981,15.698,87.809,0.057,124.959,91.387,0.000,1.678,-0.065,2.025,1.738,-0.528,1.806,1.635,-0.411,1.651,1.585,-0.879,2.076,1.631,-0.775,1.364
1181,130.724,0,1,1,1,1,0,Avatar IK kemik fallback,1,1,1,1,-6.309,7.268,71.214,16.396,79.235,0.077,125.140,95.032,0.000,1.673,-0.082,2.031,1.734,-0.536,1.796,1.635,-0.412,1.644,1.584,-0.881,2.074,1.635,-0.769,1.348
1182,130.824,0,1,1,1,1,0,Avatar IK kemik fallback,1,1,1,1,-5.433,7.912,69.077,17.780,69.866,0.115,118.119,91.616,0.000,1.671,-0.075,2.038,1.722,-0.529,1.802,1.633,-0.403,1.653,1.587,-0.886,2.072,1.637,-0.766,1.365
1183,130.936,0,1,1,1,1,0,Avatar IK kemik fallback,1,1,1,1,-1.788,7.712,58.480,18.278,60.386,0.101,104.749,78.715,0.000,1.664,-0.030,2.044,1.701,-0.501,1.836,1.624,-0.386,1.683,1.595,-0.890,2.070,1.630,-0.773,1.427
1184,131.036,0,1,1,1,1,0,Avatar IK kemik fallback,1,1,1,1,-0.063,10.610,45.832,28.190,51.226,0.118,47.667,59.334,0.000,1.652,0.017,2.046,1.690,-0.472,1.873,1.614,-0.358,1.704,1.607,-0.893,2.051,1.594,-0.791,1.538
1185,131.147,0,1,1,1,1,0,Avatar IK kemik fallback,1,1,1,1,-0.097,15.849,31.054,46.453,43.294,0.163,39.734,32.737,0.000,1.636,0.065,2.044,1.682,-0.443,1.920,1.596,-0.337,1.729,1.617,-0.889,2.036,1.523,-0.796,1.735
1186,131.259,0,1,1,1,1,0,Avatar IK kemik fallback,1,1,1,1,-1.145,17.400,20.042,51.947,37.322,0.241,88.638,11.532,0.000,1.615,0.093,2.038,1.677,-0.428,1.958,1.560,-0.361,1.789,1.627,-0.884,2.030,1.456,-0.797,1.915
1187,131.382,0,1,1,1,1,0,Avatar IK kemik fallback,1,1,1,1,-1.110,8.448,14.483,37.531,33.903,0.207,88.620,0.000,0.831,1.586,0.104,2.029,1.664,-0.420,1.965,1.493,-0.399,1.874,1.631,-0.881,2.008,1.419,-0.838,2.006
1188,131.492,0,1,1,1,1,0,Avatar IK kemik fallback,1,1,1,1,-1.279,-0.689,13.544,24.091,36.249,0.238,56.045,1.690,0.000,1.553,0.108,2.020,1.652,-0.418,1.964,1.434,-0.407,1.909,1.639,-0.879,2.008,1.413,-0.864,1.986
1189,131.593,0,1,1,1,1,0,Avatar IK kemik fallback,1,1,1,1,-1.567,-1.013,13.914,20.333,43.721,0.363,37.483,4.124,0.000,1.521,0.108,2.015,1.639,-0.417,1.958,1.417,-0.409,1.912,1.646,-0.879,2.007,1.419,-0.869,1.967
1190,131.705,0,1,1,1,1,0,Avatar IK kemik fallback,1,1,1,1,-2.243,-0.744,13.953,18.441,55.028,0.330,27.708,4.507,0.000,1.484,0.111,2.013,1.625,-0.414,1.964,1.403,-0.409,1.924,1.650,-0.874,2.020,1.426,-0.869,1.977
1191,131.816,0,1,1,1,1,0,Avatar IK kemik fallback,1,1,1,1,-8.174,-0.321,17.117,16.897,67.885,0.291,1.291,5.044,0.000,1.451,0.111,2.014,1.645,-0.408,1.969,1.395,-0.410,1.932,1.669,-0.867,2.036,1.435,-0.869,1.982
1192,131.927,0,1,1,1,1,0,Avatar IK kemik fallback,1,1,1,1,-11.169,0.472,20.777,16.230,80.477,0.240,24.573,3.581,0.000,1.425,0.110,2.016,1.645,-0.402,1.964,1.389,-0.409,1.940,1.669,-0.859,2.039,1.439,-0.868,1.992
1193,132.039,0,1,1,1,1,0,Avatar IK kemik fallback,1,1,1,1,-14.229,1.188,23.638,16.946,91.842,0.197,32.980,2.175,0.000,1.403,0.107,2.019,1.645,-0.399,1.962,1.383,-0.410,1.939,1.663,-0.856,2.035,1.440,-0.868,1.996
1194,132.151,0,1,1,1,1,0,Avatar IK kemik fallback,1,1,1,1,-15.612,1.651,24.934,18.003,101.341,0.132,32.281,0.982,0.000,1.389,0.104,2.020,1.644,-0.398,1.962,1.381,-0.412,1.937,1.660,-0.856,2.032,1.442,-0.868,1.999
1195,132.261,0,1,1,1,1,0,Avatar IK kemik fallback,1,1,1,1,-15.687,2.063,24.283,17.671,108.756,0.061,31.519,0.000,0.074,1.377,0.103,2.020,1.638,-0.397,1.969,1.379,-0.412,1.940,1.657,-0.856,2.033,1.443,-0.868,2.004
1196,132.373,0,1,1,1,1,0,Avatar IK kemik fallback,1,1,1,1,-15.299,2.353,23.214,16.637,113.913,0.047,33.008,0.000,0.884,1.368,0.105,2.021,1.632,-0.395,1.977,1.377,-0.410,1.947,1.656,-0.855,2.035,1.443,-0.866,2.009
1197,132.485,0,1,1,1,1,0,Avatar IK kemik fallback,1,1,1,1,-14.384,2.507,21.394,14.885,116.875,0.045,35.884,0.000,1.305,1.363,0.107,2.022,1.624,-0.395,1.987,1.375,-0.409,1.957,1.653,-0.855,2.038,1.443,-0.865,2.014
1198,132.595,0,1,1,1,1,0,Avatar IK kemik fallback,1,1,1,1,-12.881,2.624,18.935,12.675,117.695,0.032,39.607,0.000,1.914,1.360,0.111,2.023,1.613,-0.394,1.996,1.372,-0.406,1.971,1.649,-0.855,2.042,1.442,-0.863,2.022
1199,132.708,0,1,1,1,1,0,Avatar IK kemik fallback,1,1,1,1,-12.521,2.661,18.336,11.548,116.392,0.030,45.424,0.000,2.222,1.359,0.112,2.025,1.611,-0.394,1.999,1.371,-0.406,1.979,1.648,-0.855,2.042,1.442,-0.863,2.026
1200,132.808,0,1,1,1,1,0,Avatar IK kemik fallback,1,1,1,1,-13.041,2.681,19.128,11.629,113.593,0.030,48.765,0.000,2.102,1.359,0.111,2.028,1.613,-0.393,1.997,1.371,-0.406,1.978,1.649,-0.854,2.040,1.443,-0.863,2.023
1201,132.918,0,1,1,1,1,0,Avatar IK kemik fallback,1,1,1,1,-13.522,2.679,19.830,11.716,107.910,0.017,51.440,0.000,2.033,1.359,0.110,2.030,1.616,-0.393,1.996,1.371,-0.407,1.978,1.650,-0.853,2.038,1.444,-0.864,2.021
1202,133.030,0,1,1,1,1,0,Avatar IK kemik fallback,1,1,1,1,-13.948,2.686,20.316,12.135,100.152,0.011,50.421,0.000,2.124,1.359,0.110,2.032,1.619,-0.392,1.994,1.372,-0.407,1.976,1.653,-0.853,2.036,1.444,-0.864,2.019
1203,133.142,0,1,1,1,1,0,Avatar IK kemik fallback,1,1,1,1,-14.761,2.715,21.131,13.166,90.707,0.012,46.447,0.000,2.274,1.359,0.108,2.034,1.624,-0.392,1.993,1.373,-0.408,1.971,1.656,-0.853,2.032,1.444,-0.865,2.015
1204,133.252,0,1,1,1,1,0,Avatar IK kemik fallback,1,1,1,1,-15.016,2.754,21.457,13.432,79.892,0.015,46.006,0.000,2.551,1.358,0.107,2.035,1.626,-0.392,1.993,1.373,-0.408,1.970,1.657,-0.853,2.031,1.444,-0.865,2.015
1205,133.364,0,1,1,1,1,0,Avatar IK kemik fallback,1,1,1,1,-15.662,2.798,22.441,14.526,68.077,0.019,42.823,0.000,2.622,1.357,0.105,2.036,1.629,-0.392,1.990,1.374,-0.409,1.964,1.660,-0.853,2.028,1.445,-0.866,2.011
1206,133.464,0,1,1,1,1,0,Avatar IK kemik fallback,1,1,1,1,-15.534,2.848,22.444,14.481,58.363,0.015,43.128,0.000,2.824,1.355,0.104,2.036,1.628,-0.392,1.991,1.374,-0.409,1.965,1.659,-0.853,2.029,1.445,-0.866,2.013
1207,133.576,0,1,1,1,1,0,Avatar IK kemik fallback,1,1,1,1,-15.872,2.906,23.118,15.088,46.723,0.019,42.033,0.000,2.874,1.353,0.103,2.037,1.629,-0.392,1.990,1.374,-0.410,1.962,1.660,-0.853,2.029,1.445,-0.867,2.011
1208,133.689,0,1,1,1,1,0,Avatar IK kemik fallback,1,1,1,1,-15.710,2.926,22.957,14.866,35.902,0.014,42.783,0.000,3.005,1.351,0.102,2.036,1.628,-0.392,1.990,1.373,-0.410,1.963,1.660,-0.853,2.029,1.446,-0.867,2.012
1209,133.798,0,1,1,1,1,0,Avatar IK kemik fallback,1,1,1,1,-15.736,2.965,22.957,14.667,26.831,0.014,44.072,0.000,3.087,1.350,0.102,2.035,1.627,-0.392,1.990,1.373,-0.411,1.964,1.660,-0.853,2.030,1.445,-0.867,2.014
1210,133.910,0,1,1,1,1,0,Avatar IK kemik fallback,1,1,1,1,-15.678,2.953,22.839,14.298,19.754,0.012,45.998,0.000,3.185,1.349,0.103,2.033,1.625,-0.392,1.990,1.372,-0.411,1.966,1.658,-0.853,2.030,1.445,-0.867,2.016
1211,134.021,0,1,1,1,1,0,Avatar IK kemik fallback,1,1,1,1,-15.881,2.943,23.105,14.563,14.592,0.022,45.352,0.000,3.302,1.348,0.102,2.031,1.626,-0.392,1.987,1.372,-0.411,1.964,1.658,-0.853,2.030,1.446,-0.867,2.016
1212,134.132,0,1,1,1,1,0,Avatar IK kemik fallback,1,1,1,1,-15.448,2.986,22.473,13.604,11.211,0.033,49.167,0.000,3.527,1.346,0.103,2.028,1.622,-0.392,1.989,1.370,-0.411,1.968,1.656,-0.853,2.032,1.445,-0.867,2.020
1213,134.244,0,1,1,1,1,0,Avatar IK kemik fallback,1,1,1,1,-15.136,3.046,21.967,12.870,9.239,0.034,52.226,0.000,3.846,1.344,0.104,2.024,1.618,-0.392,1.990,1.368,-0.411,1.971,1.654,-0.853,2.033,1.444,-0.866,2.024
1214,134.367,0,1,1,1,1,0,Avatar IK kemik fallback,1,1,1,1,-15.150,3.121,21.934,12.347,8.537,0.033,55.928,0.000,4.060,1.341,0.104,2.020,1.617,-0.392,1.989,1.367,-0.411,1.973,1.653,-0.853,2.034,1.444,-0.866,2.026
1215,134.478,0,1,1,1,1,0,Avatar IK kemik fallback,1,1,1,1,-14.834,3.093,21.322,11.176,8.801,0.032,62.443,0.000,4.434,1.340,0.106,2.016,1.614,-0.392,1.990,1.366,-0.410,1.978,1.650,-0.853,2.035,1.443,-0.866,2.031
1216,134.589,0,1,1,1,1,0,Avatar IK kemik fallback,1,1,1,1,-13.910,3.115,19.975,8.977,9.634,0.034,75.977,0.000,5.236,1.339,0.108,2.012,1.605,-0.393,1.993,1.362,-0.409,1.990,1.643,-0.853,2.038,1.441,-0.864,2.042
1217,134.701,0,1,1,1,1,0,Avatar IK kemik fallback,1,1,1,1,-13.448,3.123,19.257,8.341,10.814,0.022,79.103,0.000,5.265,1.338,0.109,2.009,1.601,-0.393,1.994,1.361,-0.408,1.993,1.639,-0.853,2.040,1.440,-0.863,2.044
1218,134.812,0,1,1,1,1,0,Avatar IK kemik fallback,1,1,1,1,-11.899,3.086,17.071,8.328,12.112,0.032,68.846,0.000,4.515,1.338,0.112,2.005,1.590,-0.394,2.000,1.360,-0.405,1.991,1.632,-0.854,2.046,1.440,-0.860,2.045
1219,134.923,0,1,1,1,1,0,Avatar IK kemik fallback,1,1,1,1,-11.494,3.063,16.513,8.300,13.369,0.021,66.202,0.000,4.280,1.338,0.113,2.003,1.588,-0.394,2.001,1.360,-0.404,1.990,1.631,-0.854,2.048,1.440,-0.859,2.045
1220,135.035,0,1,1,1,1,0,Avatar IK kemik fallback,1,1,1,1,-11.808,3.044,16.968,8.352,14.348,0.020,68.054,0.000,4.469,1.339,0.113,2.001,1.590,-0.394,1.998,1.360,-0.404,1.990,1.632,-0.854,2.047,1.440,-0.859,2.046
1221,135.147,0,1,1,1,1,0,Avatar IK kemik fallback,1,1,1,1,-12.762,3.059,18.266,8.350,14.982,0.005,74.516,0.000,4.868,1.339,0.111,2.001,1.596,-0.393,1.994,1.361,-0.406,1.990,1.635,-0.853,2.043,1.440,-0.861,2.046
1222,135.258,0,1,1,1,1,0,Avatar IK kemik fallback,1,1,1,1,-13.807,3.089,19.677,8.334,15.270,0.002,80.989,0.000,5.299,1.339,0.109,2.001,1.603,-0.393,1.989,1.361,-0.408,1.990,1.640,-0.853,2.039,1.440,-0.863,2.045
1223,135.369,0,1,1,1,1,0,Avatar IK kemik fallback,1,1,1,1,-14.428,3.116,20.498,8.939,15.229,0.004,78.536,0.000,5.279,1.339,0.108,2.001,1.607,-0.393,1.986,1.362,-0.409,1.986,1.642,-0.853,2.037,1.441,-0.864,2.043
1224,135.480,0,1,1,1,1,0,Avatar IK kemik fallback,1,1,1,1,-15.029,3.096,21.259,10.186,14.891,0.009,70.428,0.000,4.974,1.339,0.106,2.001,1.611,-0.393,1.983,1.363,-0.410,1.977,1.645,-0.853,2.034,1.442,-0.865,2.037
1225,135.592,0,1,1,1,1,0,Avatar IK kemik fallback,1,1,1,1,-15.619,3.079,22.030,11.274,14.288,0.008,64.595,0.000,4.706,1.339,0.105,2.002,1.615,-0.393,1.981,1.365,-0.411,1.970,1.648,-0.853,2.032,1.444,-0.865,2.031
1226,135.703,0,1,1,1,1,0,Avatar IK kemik fallback,1,1,1,1,-15.912,3.089,22.446,11.812,13.419,0.010,62.086,0.000,4.677,1.339,0.104,2.002,1.617,-0.393,1.980,1.366,-0.412,1.967,1.649,-0.853,2.031,1.444,-0.866,2.029
1227,135.814,0,1,1,1,1,0,Avatar IK kemik fallback,1,1,1,1,-16.285,3.082,22.943,12.422,12.295,0.008,59.499,0.000,4.527,1.339,0.103,2.002,1.620,-0.393,1.979,1.367,-0.412,1.963,1.650,-0.853,2.030,1.445,-0.866,2.026
1228,135.928,0,1,1,1,1,0,Avatar IK kemik fallback,1,1,1,1,-16.511,3.083,23.248,12.874,10.950,0.005,57.434,0.000,4.488,1.339,0.102,2.003,1.621,-0.393,1.978,1.368,-0.412,1.961,1.651,-0.853,2.029,1.445,-0.867,2.025
1229,136.037,0,1,1,1,1,0,Avatar IK kemik fallback,1,1,1,1,-16.352,3.079,23.004,12.628,9.429,0.009,58.242,0.000,4.535,1.339,0.103,2.003,1.620,-0.392,1.979,1.367,-0.412,1.963,1.650,-0.853,2.030,1.445,-0.866,2.026
1230,136.148,0,1,1,1,1,0,Avatar IK kemik fallback,1,1,1,1,-16.284,3.071,22.943,12.506,7.792,0.006,58.884,0.000,4.508,1.339,0.103,2.004,1.620,-0.392,1.979,1.367,-0.412,1.963,1.650,-0.853,2.030,1.445,-0.866,2.026
1231,136.262,0,1,1,1,1,0,Avatar IK kemik fallback,1,1,1,1,-16.055,3.067,22.729,12.226,6.155,0.004,60.096,0.000,4.569,1.340,0.104,2.004,1.619,-0.393,1.980,1.367,-0.412,1.965,1.649,-0.853,2.031,1.445,-0.866,2.027
1232,136.371,0,1,1,1,1,0,Avatar IK kemik fallback,1,1,1,1,-15.563,3.073,22.210,11.578,4.629,0.012,62.935,0.000,4.584,1.340,0.105,2.005,1.616,-0.393,1.983,1.367,-0.411,1.970,1.646,-0.853,2.033,1.444,-0.866,2.030
1233,136.483,0,1,1,1,1,0,Avatar IK kemik fallback,1,1,1,1,-14.864,2.999,21.440,10.941,3.387,0.033,64.848,0.000,4.373,1.342,0.106,2.005,1.611,-0.394,1.985,1.367,-0.411,1.973,1.642,-0.854,2.036,1.444,-0.865,2.032
1234,136.594,0,1,1,1,1,0,Avatar IK kemik fallback,1,1,1,1,-14.327,2.900,20.778,10.463,2.692,0.043,66.034,0.000,4.339,1.346,0.107,2.005,1.610,-0.395,1.987,1.367,-0.410,1.976,1.640,-0.855,2.037,1.444,-0.865,2.033
1235,136.707,0,1,1,1,1,0,Avatar IK kemik fallback,1,1,1,1,-13.531,2.830,19.726,9.021,3.013,0.040,74.476,0.000,4.457,1.350,0.110,2.005,1.606,-0.395,1.990,1.367,-0.409,1.984,1.636,-0.855,2.040,1.442,-0.864,2.039
1236,136.807,0,1,1,1,1,0,Avatar IK kemik fallback,1,1,1,1,-13.081,2.759,19.620,7.918,3.914,0.055,84.985,0.000,4.224,1.355,0.112,2.004,1.605,-0.395,1.991,1.367,-0.407,1.990,1.631,-0.855,2.046,1.440,-0.864,2.042
1237,136.917,0,1,1,1,1,0,Avatar IK kemik fallback,1,1,1,1,-12.701,2.585,20.625,7.660,5.764,0.058,91.670,0.000,2.867,1.362,0.116,2.003,1.606,-0.392,1.989,1.370,-0.404,1.989,1.625,-0.851,2.056,1.440,-0.861,2.040
1238,137.030,0,1,1,1,1,0,Avatar IK kemik fallback,1,1,1,1,-10.288,2.378,19.717,7.417,8.336,0.128,90.660,0.000,2.265,1.373,0.120,2.002,1.609,-0.391,1.988,1.373,-0.402,1.989,1.639,-0.847,2.064,1.439,-0.859,2.039
1239,137.144,0,1,1,1,1,0,Avatar IK kemik fallback,1,1,1,1,-6.723,2.131,14.786,7.254,12.025,0.181,68.355,0.000,1.570,1.388,0.121,2.000,1.608,-0.394,2.003,1.379,-0.402,1.988,1.657,-0.851,2.074,1.437,-0.860,2.039
1240,137.251,0,1,1,1,1,0,Avatar IK kemik fallback,1,1,1,1,-6.088,1.938,12.018,7.113,17.312,0.250,51.276,0.000,2.295,1.410,0.123,1.997,1.614,-0.396,2.009,1.387,-0.402,1.987,1.658,-0.855,2.067,1.433,-0.861,2.039
1241,137.363,0,1,1,1,1,0,Avatar IK kemik fallback,1,1,1,1,-6.164,1.866,10.577,8.425,24.461,0.284,22.658,0.000,3.037,1.436,0.123,1.995,1.626,-0.399,2.007,1.398,-0.404,1.977,1.657,-0.859,2.052,1.427,-0.864,2.031
1242,137.475,0,1,1,1,1,0,Avatar IK kemik fallback,1,1,1,1,-3.138,1.583,8.469,9.960,33.292,0.313,16.172,0.000,3.747,1.466,0.124,1.993,1.622,-0.402,1.996,1.410,-0.404,1.964,1.644,-0.864,2.032,1.422,-0.864,2.021
1243,137.585,0,1,1,1,1,0,Avatar IK kemik fallback,1,1,1,1,-2.743,1.254,7.140,11.712,43.820,0.319,48.509,0.000,4.354,1.501,0.124,1.992,1.635,-0.404,1.993,1.423,-0.404,1.953,1.641,-0.867,2.018,1.414,-0.864,2.014
1244,137.697,0,1,1,1,1,0,Avatar IK kemik fallback,1,1,1,1,-2.254,0.783,6.461,13.978,55.649,0.349,73.560,0.000,4.284,1.537,0.123,1.994,1.648,-0.406,1.992,1.436,-0.405,1.943,1.637,-0.870,2.013,1.406,-0.863,2.011
1245,137.809,0,1,1,1,1,0,Avatar IK kemik fallback,1,1,1,1,-1.818,0.028,6.285,18.067,68.246,0.350,96.763,0.000,3.977,1.572,0.120,1.998,1.660,-0.410,1.993,1.448,-0.405,1.930,1.630,-0.872,2.013,1.398,-0.860,2.012
1246,137.920,0,1,1,1,1,0,Avatar IK kemik fallback,1,1,1,1,-1.297,-0.857,5.868,24.085,81.053,0.345,121.633,0.000,5.115,1.607,0.119,2.003,1.672,-0.409,1.993,1.459,-0.401,1.916,1.625,-0.871,2.010,1.392,-0.848,2.027
1247,138.020,0,1,1,1,1,0,Avatar IK kemik fallback,1,1,1,1,-0.764,-5.248,5.207,29.924,93.603,0.243,140.718,0.000,2.700,1.637,0.119,2.006,1.683,-0.408,1.991,1.456,-0.390,1.888,1.623,-0.869,2.005,1.396,-0.834,2.010
1248,138.131,0,1,1,1,1,0,Avatar IK kemik fallback,1,1,1,1,-0.268,-7.624,5.185,30.761,104.673,0.162,142.300,2.058,0.000,1.655,0.112,2.009,1.689,-0.413,1.991,1.463,-0.388,1.870,1.623,-0.873,2.005,1.415,-0.838,1.973
1249,138.243,0,1,1,1,1,0,Avatar IK kemik fallback,1,1,1,1,0.052,-6.331,5.251,26.795,113.711,0.093,134.462,7.102,0.000,1.669,0.110,2.008,1.694,-0.415,1.991,1.486,-0.390,1.866,1.622,-0.874,2.006,1.440,-0.847,1.931
1250,138.367,0,1,1,1,1,0,Avatar IK kemik fallback,1,1,1,1,0.119,-4.738,5.303,25.818,121.110,0.043,131.837,8.309,0.000,1.675,0.108,2.007,1.696,-0.417,1.990,1.504,-0.394,1.864,1.621,-0.875,2.007,1.459,-0.852,1.923
1251,138.476,0,1,1,1,1,0,Avatar IK kemik fallback,1,1,1,1,0.079,-5.251,7.472,27.334,124.386,0.027,114.129,6.701,0.000,1.678,0.104,2.006,1.698,-0.419,1.976,1.506,-0.396,1.863,1.620,-0.877,1.999,1.464,-0.854,1.931
1252,138.577,0,1,1,1,1,0,Avatar IK kemik fallback,1,1,1,1,-0.044,-3.727,8.478,28.606,125.101,0.044,108.554,4.012,0.000,1.676,0.103,2.006,1.697,-0.420,1.970,1.509,-0.400,1.869,1.620,-0.878,1.995,1.462,-0.854,1.955
1253,138.688,0,1,1,1,1,0,Avatar IK kemik fallback,1,1,1,1,-0.095,-2.352,8.285,27.896,123.140,0.080,108.409,3.393,0.000,1.671,0.104,2.006,1.695,-0.419,1.971,1.506,-0.401,1.876,1.621,-0.877,1.997,1.454,-0.854,1.963
1254,138.799,0,1,1,1,1,0,Avatar IK kemik fallback,1,1,1,1,-0.164,-0.128,7.898,25.173,118.468,0.145,104.472,4.779,0.000,1.661,0.106,2.006,1.691,-0.418,1.974,1.506,-0.402,1.883,1.622,-0.877,2.001,1.449,-0.857,1.956
1255,138.911,0,1,1,1,1,0,Avatar IK kemik fallback,1,1,1,1,-0.477,-1.030,9.751,23.886,111.042,0.205,84.040,4.455,0.000,1.643,0.107,2.006,1.684,-0.418,1.964,1.490,-0.403,1.888,1.624,-0.878,1.997,1.442,-0.860,1.956
1256,139.024,0,1,1,1,1,0,Avatar IK kemik fallback,1,1,1,1,-0.673,-0.686,9.391,21.750,100.993,0.257,79.377,4.678,0.000,1.619,0.110,2.005,1.675,-0.417,1.968,1.482,-0.404,1.898,1.629,-0.877,2.002,1.448,-0.863,1.959
1257,139.144,0,1,1,1,1,0,Avatar IK kemik fallback,1,1,1,1,-0.855,-0.595,8.611,19.547,86.586,0.281,77.675,4.697,0.000,1.589,0.114,2.004,1.665,-0.414,1.973,1.472,-0.404,1.908,1.637,-0.876,2.006,1.458,-0.864,1.962
1258,139.256,0,1,1,1,1,0,Avatar IK kemik fallback,1,1,1,1,-1.049,-0.304,6.178,16.258,74.402,0.304,89.851,5.366,0.000,1.556,0.120,2.000,1.653,-0.410,1.988,1.462,-0.402,1.923,1.644,-0.873,2.020,1.468,-0.864,1.969
1259,139.379,0,1,1,1,1,0,Avatar IK kemik fallback,1,1,1,1,-1.478,0.086,7.365,11.335,63.202,0.225,42.466,5.488,0.000,1.521,0.126,1.999,1.640,-0.403,1.991,1.451,-0.399,1.946,1.649,-0.865,2.033,1.477,-0.861,1.979
1260,139.490,0,1,1,1,1,0,Avatar IK kemik fallback,1,1,1,1,-4.228,0.523,10.659,6.114,59.968,0.287,54.196,6.621,0.000,1.490,0.135,1.999,1.638,-0.393,1.998,1.442,-0.392,1.975,1.650,-0.852,2.065,1.485,-0.854,1.996
1261,139.603,0,1,1,1,1,0,Avatar IK kemik fallback,1,1,1,1,-5.493,0.876,12.888,5.970,63.820,0.234,73.365,6.056,0.000,1.462,0.133,2.002,1.634,-0.392,1.993,1.432,-0.392,1.975,1.656,-0.850,2.062,1.489,-0.853,1.993
1262,139.713,0,1,1,1,1,0,Avatar IK kemik fallback,1,1,1,1,-8.552,1.203,17.282,6.247,72.315,0.124,93.793,1.438,0.000,1.443,0.128,2.006,1.643,-0.390,1.963,1.425,-0.396,1.976,1.666,-0.849,2.023,1.490,-0.856,1.995
1263,139.813,0,1,1,1,1,0,Avatar IK kemik fallback,1,1,1,1,-8.389,1.184,16.125,9.197,81.667,0.040,54.721,0.150,0.000,1.437,0.119,2.007,1.635,-0.397,1.956,1.424,-0.402,1.960,1.659,-0.859,1.999,1.493,-0.861,1.986
1264,139.925,0,1,1,1,1,0,Avatar IK kemik fallback,1,1,1,1,-10.188,1.205,16.669,11.745,89.745,0.020,34.658,0.517,0.000,1.432,0.115,2.007,1.634,-0.401,1.957,1.422,-0.404,1.947,1.648,-0.863,1.996,1.494,-0.862,1.979
1265,140.035,0,1,1,1,1,0,Avatar IK kemik fallback,1,1,1,1,-12.895,1.339,19.654,13.099,95.626,0.052,40.029,0.453,0.000,1.428,0.113,2.006,1.646,-0.399,1.949,1.421,-0.405,1.939,1.653,-0.861,1.992,1.493,-0.863,1.976
1266,140.137,0,1,1,1,1,0,Avatar IK kemik fallback,1,1,1,1,-13.139,1.565,20.344,11.742,99.274,0.038,53.616,0.323,0.000,1.424,0.114,2.004,1.644,-0.397,1.948,1.420,-0.404,1.946,1.651,-0.858,1.996,1.493,-0.862,1.980
1267,140.248,0,1,1,1,1,0,Avatar IK kemik fallback,1,1,1,1,-16.196,1.556,24.921,15.178,100.619,0.056,48.593,0.766,0.000,1.421,0.107,2.004,1.660,-0.397,1.929,1.420,-0.408,1.925,1.661,-0.857,1.986,1.494,-0.865,1.966
1268,140.371,0,1,1,1,1,0,Avatar IK kemik fallback,1,1,1,1,-16.518,1.454,25.653,16.121,99.419,0.018,45.637,0.588,0.000,1.420,0.104,2.005,1.663,-0.397,1.925,1.420,-0.409,1.920,1.664,-0.857,1.983,1.496,-0.866,1.964
1269,140.481,0,1,1,1,1,0,Avatar IK kemik fallback,1,1,1,1,-16.590,1.632,25.628,16.368,96.018,0.026,44.098,0.000,0.015,1.417,0.103,2.004,1.663,-0.397,1.926,1.420,-0.410,1.918,1.666,-0.858,1.980,1.495,-0.866,1.964
1270,140.581,0,1,1,1,1,0,Avatar IK kemik fallback,1,1,1,1,-16.733,1.832,24.867,15.132,90.588,0.025,48.677,0.000,0.377,1.416,0.106,2.002,1.662,-0.396,1.931,1.419,-0.409,1.925,1.664,-0.857,1.982,1.493,-0.866,1.969
1271,140.693,0,1,1,1,1,0,Avatar IK kemik fallback,1,1,1,1,-16.845,2.018,24.494,14.124,83.101,0.044,53.706,0.000,0.323,1.413,0.107,1.999,1.660,-0.396,1.933,1.417,-0.408,1.929,1.663,-0.857,1.985,1.492,-0.865,1.971
1272,140.815,0,1,1,1,1,0,Avatar IK kemik fallback,1,1,1,1,-16.008,1.930,23.862,13.436,71.920,0.011,55.906,0.000,0.358,1.412,0.108,1.997,1.656,-0.396,1.934,1.417,-0.408,1.932,1.661,-0.857,1.988,1.494,-0.865,1.974
1273,140.915,0,1,1,1,1,0,Avatar IK kemik fallback,1,1,1,1,-15.253,1.834,23.210,12.874,61.409,0.025,57.288,0.000,0.623,1.412,0.109,1.997,1.653,-0.396,1.935,1.418,-0.408,1.936,1.660,-0.857,1.989,1.495,-0.865,1.977
1274,141.028,0,1,1,1,1,0,Avatar IK kemik fallback,1,1,1,1,-14.266,1.941,21.921,10.879,50.390,0.058,67.331,0.000,1.080,1.410,0.111,1.999,1.646,-0.396,1.943,1.416,-0.406,1.949,1.656,-0.857,1.994,1.494,-0.863,1.986
1275,141.128,0,1,1,1,1,0,Avatar IK kemik fallback,1,1,1,1,-14.552,2.129,22.627,11.000,39.577,0.103,69.153,0.000,1.571,1.406,0.111,2.004,1.646,-0.394,1.943,1.415,-0.406,1.952,1.657,-0.855,1.993,1.493,-0.863,1.988
1276,141.239,0,1,1,1,1,0,Avatar IK kemik fallback,1,1,1,1,-13.779,2.331,21.397,8.477,29.864,0.028,86.498,0.000,2.620,1.403,0.114,2.008,1.639,-0.393,1.952,1.412,-0.405,1.971,1.653,-0.854,1.998,1.491,-0.862,2.002
1277,141.351,0,1,1,1,1,0,Avatar IK kemik fallback,1,1,1,1,-14.142,2.285,22.160,10.145,21.858,0.029,74.380,0.000,2.259,1.401,0.112,2.012,1.641,-0.393,1.950,1.412,-0.406,1.964,1.655,-0.855,1.996,1.492,-0.863,1.997
1278,141.463,0,1,1,1,1,0,Avatar IK kemik fallback,1,1,1,1,-12.138,2.207,19.201,7.792,15.924,0.023,84.530,0.000,2.375,1.402,0.117,2.011,1.629,-0.393,1.962,1.411,-0.402,1.979,1.648,-0.855,2.005,1.492,-0.859,2.008
1279,141.583,0,1,1,1,1,0,Avatar IK kemik fallback,1,1,1,1,-8.383,2.015,13.245,7.282,12.347,0.083,58.105,0.000,0.269,1.400,0.131,2.001,1.605,-0.388,1.983,1.409,-0.388,1.973,1.633,-0.849,2.021,1.491,-0.845,2.004
1280,141.696,0,1,1,1,1,0,Avatar IK kemik fallback,1,1,1,1,-8.363,2.037,13.149,7.381,11.281,0.030,56.189,0.000,0.483,1.399,0.126,2.003,1.605,-0.392,1.984,1.409,-0.393,1.974,1.635,-0.854,2.020,1.492,-0.850,2.004
1281,141.819,0,1,1,1,1,0,Avatar IK kemik fallback,1,1,1,1,-8.389,2.159,13.099,7.433,10.559,0.035,55.192,0.000,0.648,1.396,0.125,2.001,1.604,-0.392,1.984,1.408,-0.393,1.973,1.635,-0.854,2.019,1.491,-0.850,2.005
1282,141.929,0,1,1,1,1,0,Avatar IK kemik fallback,1,1,1,1,-8.543,2.198,13.192,7.320,10.093,0.021,57.260,0.000,0.701,1.396,0.122,2.000,1.604,-0.395,1.983,1.408,-0.397,1.972,1.636,-0.857,2.018,1.492,-0.853,2.003
1283,142.029,0,1,1,1,1,0,Avatar IK kemik fallback,1,1,1,1,-12.078,2.189,18.464,7.344,9.727,0.042,86.178,0.000,2.537,1.397,0.116,1.999,1.628,-0.394,1.960,1.410,-0.403,1.972,1.651,-0.856,2.002,1.493,-0.859,2.004
1284,142.131,0,1,1,1,1,0,Avatar IK kemik fallback,1,1,1,1,-10.992,2.189,17.100,7.319,9.298,0.024,80.116,0.000,1.808,1.397,0.118,1.997,1.621,-0.394,1.965,1.410,-0.400,1.971,1.646,-0.856,2.009,1.493,-0.857,2.004
1285,142.241,0,1,1,1,1,0,Avatar IK kemik fallback,1,1,1,1,-13.505,2.352,21.337,7.704,8.965,0.019,93.889,0.000,3.128,1.395,0.113,1.996,1.637,-0.393,1.949,1.410,-0.405,1.968,1.654,-0.854,1.999,1.493,-0.862,2.003
1286,142.353,0,1,1,1,1,0,Avatar IK kemik fallback,1,1,1,1,-15.174,2.347,23.796,11.429,8.597,0.012,70.217,0.000,2.638,1.395,0.109,1.997,1.647,-0.393,1.940,1.413,-0.407,1.946,1.660,-0.854,1.993,1.494,-0.863,1.990
1287,142.464,0,1,1,1,1,0,Avatar IK kemik fallback,1,1,1,1,-17.144,2.293,26.671,15.417,8.266,0.027,53.477,0.000,1.881,1.396,0.102,1.998,1.660,-0.394,1.929,1.416,-0.410,1.924,1.668,-0.854,1.985,1.496,-0.866,1.975
1288,142.576,0,1,1,1,1,0,Avatar IK kemik fallback,1,1,1,1,-16.838,2.289,26.660,15.090,7.803,0.014,55.426,0.000,1.698,1.397,0.103,1.998,1.657,-0.394,1.928,1.415,-0.410,1.928,1.665,-0.854,1.988,1.495,-0.865,1.979
1289,142.687,0,1,1,1,1,0,Avatar IK kemik fallback,1,1,1,1,-17.082,2.236,26.859,14.273,7.423,0.040,61.198,0.000,1.343,1.398,0.105,1.995,1.657,-0.393,1.926,1.414,-0.410,1.930,1.663,-0.853,1.990,1.494,-0.865,1.981
1290,142.798,0,1,1,1,1,0,Avatar IK kemik fallback,1,1,1,1,-17.274,2.241,26.866,13.420,7.252,0.056,66.754,0.000,0.763,1.399,0.106,1.988,1.658,-0.393,1.924,1.414,-0.410,1.929,1.662,-0.852,1.993,1.494,-0.865,1.979
1291,142.899,0,1,1,1,1,0,Avatar IK kemik fallback,1,1,1,1,-16.442,2.196,26.282,10.687,7.494,0.073,84.367,0.000,0.412,1.402,0.110,1.983,1.654,-0.392,1.925,1.413,-0.407,1.942,1.659,-0.849,2.002,1.494,-0.863,1.986
1292,143.010,0,1,1,1,1,0,Avatar IK kemik fallback,1,1,1,1,-18.736,1.996,32.000,10.538,8.432,0.036,100.907,0.000,0.470,1.405,0.111,1.979,1.683,-0.379,1.903,1.415,-0.407,1.937,1.692,-0.833,2.001,1.496,-0.863,1.980
1293,143.120,0,1,1,1,1,0,Avatar IK kemik fallback,1,1,1,1,-21.918,1.916,40.391,10.189,9.435,0.122,119.423,2.772,0.000,1.411,0.113,1.983,1.709,-0.366,1.891,1.417,-0.406,1.940,1.705,-0.808,2.033,1.494,-0.863,1.980
1294,143.221,0,1,1,1,1,0,Avatar IK kemik fallback,1,1,1,1,-19.960,1.843,41.141,12.005,10.374,0.106,109.643,6.618,0.000,1.422,0.113,1.989,1.709,-0.371,1.898,1.421,-0.406,1.934,1.709,-0.805,2.061,1.490,-0.864,1.975
1295,143.333,0,1,1,1,1,0,Avatar IK kemik fallback,1,1,1,1,-13.677,1.568,31.570,13.235,12.514,0.238,81.841,9.080,0.000,1.443,0.115,1.996,1.687,-0.390,1.937,1.428,-0.405,1.931,1.700,-0.831,2.079,1.487,-0.864,1.972
1296,143.444,0,1,1,1,1,0,Avatar IK kemik fallback,1,1,1,1,-7.916,1.272,19.242,14.382,18.041,0.222,28.909,10.766,0.000,1.471,0.117,2.004,1.662,-0.404,1.989,1.439,-0.403,1.929,1.677,-0.856,2.092,1.481,-0.864,1.970
1297,143.556,0,1,1,1,1,0,Avatar IK kemik fallback,1,1,1,1,-5.372,0.954,10.363,14.529,26.875,0.354,33.473,11.085,0.000,1.504,0.122,2.012,1.659,-0.405,2.026,1.450,-0.400,1.930,1.665,-0.865,2.091,1.474,-0.862,1.967
1298,143.658,0,1,1,1,1,0,Avatar IK kemik fallback,1,1,1,1,-1.965,0.406,7.685,13.292,37.806,0.385,53.456,8.631,0.000,1.540,0.127,2.018,1.657,-0.403,2.022,1.462,-0.396,1.941,1.656,-0.864,2.069,1.468,-0.859,1.971
1299,143.768,0,1,1,1,1,0,Avatar IK kemik fallback,1,1,1,1,-1.374,-0.077,6.450,12.333,50.591,0.322,62.647,6.614,0.000,1.579,0.132,2.026,1.670,-0.398,2.021,1.472,-0.392,1.958,1.650,-0.860,2.057,1.459,-0.855,1.986
1300,143.889,0,1,1,1,1,0,Avatar IK kemik fallback,1,1,1,1,-0.095,-1.745,5.104,17.136,68.559,0.482,108.198,8.244,0.000,1.634,0.128,2.038,1.686,-0.400,2.017,1.477,-0.387,1.957,1.646,-0.861,2.044,1.448,-0.849,1.993
1301,144.002,0,1,1,1,1,0,Avatar IK kemik fallback,1,1,1,1,1.015,-6.457,5.211,18.899,87.384,0.282,113.551,13.584,0.000,1.676,0.127,2.042,1.696,-0.398,2.013,1.459,-0.375,1.969,1.644,-0.858,2.042,1.425,-0.838,1.981
1302,144.124,0,1,1,1,1,0,Avatar IK kemik fallback,1,1,1,1,1.196,-8.659,6.610,16.350,106.263,0.124,84.845,16.718,0.000,1.705,0.125,2.044,1.701,-0.397,2.011,1.459,-0.373,2.014,1.642,-0.856,2.056,1.407,-0.835,2.004
1303,144.225,0,1,1,1,1,0,Avatar IK kemik fallback,1,1,1,1,1.057,-9.437,7.604,16.771,118.479,0.126,75.213,16.909,0.000,1.719,0.117,2.048,1.701,-0.404,2.011,1.447,-0.375,2.053,1.641,-0.861,2.066,1.374,-0.834,2.056
1304,144.336,0,1,1,1,1,0,Avatar IK kemik fallback,1,1,1,1,0.694,-8.089,7.640,16.848,127.990,0.039,75.201,12.424,0.000,1.726,0.112,2.047,1.699,-0.408,2.009,1.452,-0.380,2.090,1.635,-0.865,2.066,1.372,-0.836,2.129
1305,144.446,0,1,1,1,1,0,Avatar IK kemik fallback,1,1,1,1,-0.280,-9.719,7.535,18.973,132.198,0.065,86.298,11.118,0.000,1.724,0.102,2.046,1.693,-0.417,2.009,1.442,-0.386,2.109,1.625,-0.872,2.074,1.373,-0.842,2.159
1306,144.558,0,1,1,1,1,0,Avatar IK kemik fallback,1,1,1,1,-0.938,-10.744,7.747,18.873,130.927,0.040,83.585,13.624,0.000,1.720,0.097,2.042,1.689,-0.423,2.009,1.432,-0.387,2.112,1.620,-0.877,2.082,1.356,-0.844,2.155
1307,144.669,0,1,1,1,1,0,Avatar IK kemik fallback,1,1,1,1,-1.265,-10.704,7.979,18.208,124.471,0.062,78.120,14.466,0.000,1.717,0.097,2.035,1.686,-0.423,2.006,1.434,-0.389,2.116,1.621,-0.876,2.088,1.358,-0.845,2.159
1308,144.780,0,1,1,1,1,0,Avatar IK kemik fallback,1,1,1,1,-1.775,-10.624,8.633,17.458,112.761,0.061,67.649,15.358,0.000,1.715,0.097,2.027,1.685,-0.422,2.005,1.440,-0.390,2.118,1.622,-0.873,2.099,1.364,-0.847,2.160
1309,144.891,0,1,1,1,1,0,Avatar IK kemik fallback,1,1,1,1,-1.717,-10.925,8.942,16.838,96.535,0.029,61.257,15.579,0.000,1.715,0.099,2.020,1.685,-0.420,2.002,1.445,-0.390,2.119,1.627,-0.870,2.102,1.371,-0.847,2.161
1310,145.004,0,1,1,1,1,0,Avatar IK kemik fallback,1,1,1,1,-1.293,-9.344,8.869,13.818,77.287,0.040,43.630,14.415,0.000,1.718,0.105,2.016,1.688,-0.414,1.999,1.465,-0.390,2.120,1.631,-0.864,2.098,1.384,-0.846,2.161
1311,145.114,0,1,1,1,1,0,Avatar IK kemik fallback,1,1,1,1,-0.760,-8.263,9.271,12.119,57.328,0.068,26.632,13.496,0.000,1.726,0.110,2.014,1.694,-0.408,1.998,1.482,-0.389,2.118,1.638,-0.859,2.097,1.398,-0.845,2.159
1312,145.237,0,1,1,1,1,0,Avatar IK kemik fallback,1,1,1,1,-0.252,-8.882,9.792,13.067,38.256,0.080,28.658,12.285,0.000,1.738,0.109,2.018,1.704,-0.409,1.998,1.485,-0.388,2.115,1.647,-0.860,2.093,1.405,-0.844,2.159
1313,145.359,0,1,1,1,1,0,Avatar IK kemik fallback,1,1,1,1,1.276,-12.366,10.087,20.344,23.825,0.065,67.416,9.999,0.000,1.742,0.108,2.027,1.707,-0.409,2.005,1.454,-0.379,2.098,1.647,-0.862,2.090,1.396,-0.836,2.161
1314,145.460,0,1,1,1,1,0,Avatar IK kemik fallback,1,1,1,1,1.762,-12.401,9.800,25.817,18.327,0.154,89.941,6.781,0.000,1.736,0.110,2.037,1.708,-0.408,2.012,1.437,-0.375,2.063,1.644,-0.862,2.086,1.394,-0.828,2.154
1315,145.560,0,1,1,1,1,0,Avatar IK kemik fallback,1,1,1,1,0.998,-9.801,9.020,30.644,15.847,0.212,109.034,4.352,0.000,1.720,0.113,2.047,1.710,-0.408,2.018,1.434,-0.375,2.013,1.641,-0.863,2.080,1.391,-0.821,2.133
1316,145.671,0,1,1,1,1,0,Avatar IK kemik fallback,1,1,1,1,0.603,-4.230,7.893,30.423,16.152,0.378,117.604,6.420,0.000,1.695,0.112,2.053,1.705,-0.411,2.024,1.460,-0.382,1.953,1.638,-0.869,2.070,1.400,-0.830,2.058
1317,145.783,0,1,1,1,1,0,Avatar IK kemik fallback,1,1,1,1,-0.446,1.126,6.927,27.396,19.969,0.351,119.276,12.635,0.000,1.659,0.109,2.052,1.696,-0.418,2.029,1.492,-0.386,1.897,1.634,-0.877,2.060,1.419,-0.842,1.951
1318,145.894,0,1,1,1,1,0,Avatar IK kemik fallback,1,1,1,1,-1.448,7.650,10.704,24.801,27.403,0.226,79.407,17.466,0.000,1.627,0.109,2.046,1.690,-0.418,2.008,1.530,-0.385,1.865,1.638,-0.878,2.043,1.456,-0.844,1.866
1319,145.994,0,1,1,1,1,0,Avatar IK kemik fallback,1,1,1,1,-2.292,11.453,14.516,25.691,37.081,0.210,55.587,17.948,0.000,1.595,0.105,2.038,1.685,-0.420,1.989,1.548,-0.386,1.853,1.645,-0.880,2.034,1.484,-0.847,1.843
1320,146.105,0,1,1,1,1,0,Avatar IK kemik fallback,1,1,1,1,-2.654,10.702,16.558,26.285,48.113,0.366,45.408,16.999,0.000,1.559,0.103,2.027,1.677,-0.422,1.979,1.536,-0.389,1.845,1.655,-0.882,2.036,1.495,-0.851,1.847
1321,146.207,0,1,1,1,1,0,Avatar IK kemik fallback,1,1,1,1,-2.519,8.735,18.568,26.010,60.292,0.249,33.389,17.444,0.000,1.529,0.099,2.015,1.670,-0.424,1.966,1.518,-0.391,1.834,1.668,-0.882,2.038,1.503,-0.854,1.843
1322,146.320,0,1,1,1,1,0,Avatar IK kemik fallback,1,1,1,1,-7.741,7.329,23.355,25.064,73.372,0.372,7.061,21.155,0.000,1.491,0.096,2.001,1.682,-0.422,1.967,1.499,-0.393,1.826,1.680,-0.874,2.071,1.513,-0.856,1.839
1323,146.440,0,1,1,1,1,0,Avatar IK kemik fallback,1,1,1,1,-13.241,7.428,34.989,22.869,89.956,0.284,41.895,20.137,0.000,1.452,0.098,1.990,1.690,-0.405,1.929,1.486,-0.394,1.833,1.669,-0.847,2.070,1.522,-0.856,1.847
1324,146.552,0,1,1,1,1,0,Avatar IK kemik fallback,1,1,1,1,-15.320,7.672,37.384,21.689,102.688,0.153,53.138,14.181,0.000,1.431,0.099,1.984,1.686,-0.393,1.897,1.476,-0.394,1.839,1.664,-0.840,2.021,1.523,-0.856,1.854
1325,146.654,0,1,1,1,1,0,Avatar IK kemik fallback,1,1,1,1,-13.628,7.634,34.576,20.662,113.441,0.105,50.380,11.514,0.000,1.420,0.100,1.980,1.665,-0.394,1.889,1.469,-0.394,1.843,1.652,-0.845,1.997,1.522,-0.855,1.859
1326,146.765,0,1,1,1,1,0,Avatar IK kemik fallback,1,1,1,1,-12.056,7.809,34.298,21.150,121.869,0.047,47.423,13.578,0.000,1.415,0.098,1.976,1.642,-0.401,1.886,1.465,-0.394,1.839,1.628,-0.850,2.005,1.523,-0.855,1.857
1327,146.886,0,1,1,1,1,0,Avatar IK kemik fallback,1,1,1,1,-12.190,7.752,36.167,21.450,128.564,0.019,51.086,13.481,0.000,1.412,0.097,1.973,1.645,-0.399,1.871,1.462,-0.395,1.835,1.638,-0.845,1.999,1.523,-0.855,1.855
1328,147.008,0,1,1,1,1,0,Avatar IK kemik fallback,1,1,1,1,-10.031,6.810,45.282,21.169,131.228,0.041,72.576,20.179,0.000,1.414,0.098,1.971,1.646,-0.394,1.857,1.457,-0.395,1.832,1.642,-0.815,2.053,1.520,-0.855,1.853
1329,147.120,0,1,1,1,1,0,Avatar IK kemik fallback,1,1,1,1,-6.969,5.729,47.825,21.772,129.793,0.111,74.869,24.350,0.000,1.423,0.097,1.971,1.654,-0.396,1.858,1.456,-0.395,1.824,1.669,-0.801,2.083,1.517,-0.855,1.845
1330,147.220,0,1,1,1,1,0,Avatar IK kemik fallback,1,1,1,1,-6.344,0.727,40.148,20.601,124.712,0.121,64.351,23.027,0.000,1.436,0.101,1.971,1.665,-0.400,1.882,1.433,-0.398,1.821,1.695,-0.819,2.077,1.499,-0.857,1.841
1331,147.343,0,1,1,1,1,0,Avatar IK kemik fallback,1,1,1,1,-6.071,0.279,25.417,20.427,114.022,0.192,21.772,18.307,0.000,1.462,0.106,1.973,1.669,-0.408,1.919,1.439,-0.396,1.823,1.703,-0.855,2.038,1.493,-0.857,1.840
1332,147.443,0,1,1,1,1,0,Avatar IK kemik fallback,1,1,1,1,-4.935,-0.034,17.364,19.788,102.115,0.253,13.051,19.673,0.000,1.496,0.111,1.979,1.663,-0.413,1.957,1.450,-0.392,1.828,1.677,-0.868,2.047,1.484,-0.855,1.839
1333,147.554,0,1,1,1,1,0,Avatar IK kemik fallback,1,1,1,1,-3.327,-0.385,10.061,19.043,88.839,0.403,61.721,20.783,0.000,1.534,0.116,1.986,1.664,-0.413,1.993,1.463,-0.389,1.835,1.662,-0.872,2.056,1.475,-0.853,1.839
1334,147.676,0,1,1,1,1,0,Avatar IK kemik fallback,1,1,1,1,-1.455,3.462,6.802,20.555,75.320,0.318,100.546,16.001,0.000,1.579,0.120,1.998,1.670,-0.410,1.995,1.494,-0.386,1.849,1.648,-0.872,2.030,1.463,-0.849,1.861
1335,147.787,0,1,1,1,1,0,Avatar IK kemik fallback,1,1,1,1,-1.498,-0.809,6.055,33.117,70.128,0.275,138.171,6.273,0.000,1.611,0.119,2.009,1.681,-0.410,1.997,1.501,-0.381,1.846,1.638,-0.871,2.019,1.473,-0.833,1.947
1336,147.900,0,1,1,1,1,0,Avatar IK kemik fallback,1,1,1,1,-1.124,-15.013,6.401,71.548,71.144,0.177,167.153,0.000,21.642,1.630,0.114,2.018,1.687,-0.414,2.001,1.519,-0.378,1.836,1.636,-0.875,2.022,1.560,-0.687,2.181
1337,148.010,0,1,1,1,1,0,Avatar IK kemik fallback,1,1,1,1,-0.880,-67.931,9.532,96.393,76.693,0.126,164.006,0.000,54.078,1.645,0.109,2.021,1.694,-0.417,1.984,1.534,-0.406,1.906,1.636,-0.877,2.013,1.655,-0.472,2.352
1338,148.123,0,1,1,1,1,0,Avatar IK kemik fallback,1,1,1,1,-0.633,-124.089,10.807,106.017,84.575,0.085,162.996,0.000,75.527,1.655,0.106,2.021,1.698,-0.419,1.977,1.594,-0.423,2.032,1.636,-0.878,2.011,1.764,-0.275,2.443
1339,148.244,0,1,1,1,1,0,Avatar IK kemik fallback,1,1,1,1,-0.320,-110.506,11.636,101.069,94.271,0.036,158.704,0.000,69.983,1.663,0.103,2.019,1.699,-0.421,1.970,1.575,-0.426,2.006,1.636,-0.879,2.011,1.767,-0.350,2.430
1340,148.356,0,1,1,1,1,0,Avatar IK kemik fallback,1,1,1,1,0.000,-35.376,11.949,85.085,100.460,0.058,150.743,0.000,44.041,1.665,0.102,2.014,1.698,-0.422,1.966,1.535,-0.410,1.899,1.638,-0.880,2.013,1.658,-0.578,2.316
1341,148.467,0,1,1,1,1,0,Avatar IK kemik fallback,1,1,1,1,0.426,-3.767,7.470,56.834,103.950,0.135,153.536,0.000,6.253,1.660,0.107,2.006,1.696,-0.420,1.985,1.513,-0.382,1.834,1.642,-0.879,2.026,1.524,-0.772,2.086
1342,148.579,0,1,1,1,1,0,Avatar IK kemik fallback,1,1,1,1,0.066,7.276,8.892,34.270,104.095,0.314,117.598,19.136,0.000,1.639,0.107,1.996,1.689,-0.421,1.975,1.531,-0.372,1.796,1.645,-0.880,2.023,1.475,-0.830,1.853
1343,148.679,0,1,1,1,1,0,Avatar IK kemik fallback,1,1,1,1,-0.631,9.135,11.463,29.900,100.756,0.313,89.144,22.131,0.000,1.607,0.105,1.984,1.679,-0.423,1.957,1.530,-0.378,1.788,1.649,-0.883,2.016,1.479,-0.839,1.810
1344,148.790,0,1,1,1,1,0,Avatar IK kemik fallback,1,1,1,1,-1.425,9.089,14.789,26.676,95.054,0.381,57.331,21.074,0.000,1.558,0.100,1.962,1.668,-0.428,1.934,1.519,-0.391,1.787,1.661,-0.885,2.012,1.494,-0.854,1.806
1345,148.901,0,1,1,1,1,0,Avatar IK kemik fallback,1,1,1,1,-7.537,8.243,21.693,24.121,89.040,0.341,10.601,23.941,0.000,1.508,0.097,1.938,1.681,-0.426,1.920,1.503,-0.398,1.780,1.676,-0.874,2.041,1.511,-0.862,1.799
1346,149.012,0,1,1,1,1,0,Avatar IK kemik fallback,1,1,1,1,-27.064,10.741,53.453,25.163,84.766,0.311,71.970,36.050,0.000,1.473,0.092,1.926,1.677,-0.421,1.869,1.502,-0.402,1.781,1.536,-0.788,2.122,1.518,-0.865,1.813
1347,149.113,0,1,1,1,1,0,Avatar IK kemik fallback,1,1,1,1,-64.801,13.090,83.730,27.174,83.289,0.225,101.990,53.916,0.000,1.451,0.086,1.917,1.656,-0.427,1.859,1.503,-0.404,1.778,1.348,-0.612,2.179,1.522,-0.866,1.821
1348,149.225,0,1,1,1,1,0,Avatar IK kemik fallback,1,1,1,1,-105.810,13.979,104.660,28.818,85.131,0.187,113.639,64.609,0.000,1.433,0.081,1.907,1.570,-0.447,1.906,1.501,-0.406,1.773,1.139,-0.372,2.143,1.522,-0.867,1.829
1349,149.335,0,1,1,1,1,0,Avatar IK kemik fallback,1,1,1,1,-111.000,14.881,107.875,29.324,90.576,0.208,114.508,62.808,0.000,1.416,0.079,1.895,1.511,-0.451,1.918,1.504,-0.406,1.772,1.063,-0.302,2.083,1.525,-0.866,1.835
1350,149.436,0,1,1,1,1,0,Avatar IK kemik fallback,1,1,1,1,-110.212,15.605,106.999,28.947,98.890,0.135,114.828,66.803,0.000,1.404,0.081,1.885,1.561,-0.445,1.919,1.507,-0.405,1.778,1.104,-0.363,2.108,1.526,-0.864,1.843
1351,149.548,0,1,1,1,1,0,Avatar IK kemik fallback,1,1,1,1,-118.424,15.407,107.884,26.945,108.284,0.113,120.062,80.359,0.000,1.393,0.087,1.875,1.624,-0.424,1.918,1.499,-0.403,1.791,1.261,-0.380,2.241,1.518,-0.862,1.855
1352,149.659,0,1,1,1,1,0,Avatar IK kemik fallback,1,1,1,1,137.100,14.356,109.652,24.118,116.774,0.030,127.882,80.649,0.000,1.390,0.094,1.870,1.654,-0.406,1.908,1.492,-0.400,1.802,1.487,-0.310,2.336,1.513,-0.860,1.858
1353,149.772,0,1,1,1,1,0,Avatar IK kemik fallback,1,1,1,1,80.472,13.909,101.648,20.224,122.289,0.164,133.622,60.884,0.000,1.401,0.104,1.868,1.676,-0.390,1.855,1.489,-0.396,1.814,1.643,-0.362,2.317,1.516,-0.858,1.852
1354,149.882,0,1,1,1,1,0,Avatar IK kemik fallback,1,1,1,1,20.894,14.240,72.342,17.531,123.948,0.215,121.974,33.949,0.000,1.422,0.113,1.868,1.681,-0.379,1.807,1.493,-0.392,1.827,1.702,-0.618,2.205,1.518,-0.855,1.847
1355,149.993,0,1,1,1,1,0,Avatar IK kemik fallback,1,1,1,1,-3.610,3.947,31.972,12.928,122.028,0.286,84.826,13.463,0.000,1.447,0.121,1.869,1.696,-0.384,1.864,1.452,-0.397,1.790,1.730,-0.810,2.046,1.484,-0.860,1.818
1356,150.116,0,1,1,1,1,0,Avatar IK kemik fallback,1,1,1,1,-13.743,3.646,19.318,18.384,116.619,0.423,4.954,8.403,0.000,1.491,0.115,1.882,1.730,-0.395,1.914,1.479,-0.399,1.763,1.736,-0.855,1.973,1.482,-0.861,1.795
1357,150.227,0,1,1,1,1,0,Avatar IK kemik fallback,1,1,1,1,-4.485,16.356,11.899,24.163,108.538,0.517,68.019,4.842,0.000,1.543,0.117,1.901,1.693,-0.409,1.904,1.562,-0.396,1.808,1.689,-0.871,1.945,1.503,-0.856,1.832
1358,150.339,0,1,1,1,1,0,Avatar IK kemik fallback,1,1,1,1,-3.646,11.257,8.694,27.650,100.176,0.495,104.311,5.064,0.000,1.596,0.118,1.920,1.708,-0.410,1.912,1.559,-0.391,1.776,1.682,-0.873,1.928,1.476,-0.846,1.820
1359,150.461,0,1,1,1,1,0,Avatar IK kemik fallback,1,1,1,1,-3.819,-2.637,12.179,47.990,92.577,0.283,119.034,0.000,12.108,1.627,0.111,1.944,1.724,-0.414,1.903,1.545,-0.389,1.766,1.674,-0.875,1.917,1.483,-0.800,1.973
1360,150.572,0,1,1,1,1,0,Avatar IK kemik fallback,1,1,1,1,-3.720,-23.974,13.090,73.844,90.205,0.189,139.770,0.000,43.853,1.644,0.106,1.960,1.735,-0.415,1.897,1.562,-0.405,1.815,1.679,-0.876,1.898,1.565,-0.653,2.207
1361,150.684,0,1,1,1,1,0,Avatar IK kemik fallback,1,1,1,1,-3.527,-83.106,13.592,90.623,92.824,0.132,147.831,0.000,71.956,1.655,0.104,1.972,1.743,-0.415,1.895,1.594,-0.424,1.932,1.685,-0.876,1.890,1.710,-0.437,2.383
1362,150.796,0,1,1,1,1,0,Avatar IK kemik fallback,1,1,1,1,-2.784,-102.865,11.967,95.125,99.637,0.132,155.303,0.000,76.136,1.664,0.105,1.980,1.740,-0.415,1.913,1.634,-0.419,2.011,1.680,-0.876,1.909,1.813,-0.313,2.432
1363,150.907,0,1,1,1,1,0,Avatar IK kemik fallback,1,1,1,1,-2.302,-102.133,11.143,94.365,108.394,0.106,157.756,0.000,74.611,1.673,0.105,1.987,1.735,-0.417,1.924,1.651,-0.418,2.019,1.669,-0.877,1.927,1.841,-0.317,2.438
1364,151.018,0,1,1,1,1,0,Avatar IK kemik fallback,1,1,1,1,-1.284,-85.095,7.159,90.415,116.517,0.074,170.653,0.000,67.056,1.681,0.108,1.991,1.727,-0.416,1.952,1.647,-0.418,1.974,1.662,-0.877,1.956,1.806,-0.408,2.415
1365,151.130,0,1,1,1,1,0,Avatar IK kemik fallback,1,1,1,1,-0.663,-18.825,6.008,80.969,122.950,0.023,172.369,0.000,53.705,1.686,0.111,1.993,1.727,-0.414,1.956,1.640,-0.408,1.909,1.665,-0.875,1.960,1.704,-0.561,2.344
1366,151.242,0,1,1,1,1,0,Avatar IK kemik fallback,1,1,1,1,-0.528,9.105,5.772,58.418,126.857,0.091,164.032,0.000,27.492,1.681,0.116,1.992,1.725,-0.410,1.954,1.602,-0.396,1.873,1.668,-0.871,1.958,1.565,-0.739,2.184
1367,151.364,0,1,1,1,1,0,Avatar IK kemik fallback,1,1,1,1,-0.706,11.798,6.097,32.053,126.973,0.218,136.077,0.000,3.110,1.662,0.117,1.991,1.719,-0.409,1.955,1.569,-0.396,1.873,1.672,-0.871,1.962,1.478,-0.838,1.987
1368,151.475,0,1,1,1,1,0,Avatar IK kemik fallback,1,1,1,1,-1.120,8.656,6.453,24.008,122.820,0.333,115.259,3.747,0.000,1.634,0.118,1.989,1.709,-0.410,1.956,1.538,-0.395,1.869,1.675,-0.873,1.966,1.463,-0.851,1.922
1369,151.587,0,1,1,1,1,0,Avatar IK kemik fallback,1,1,1,1,-1.431,6.511,7.092,20.990,114.774,0.401,98.986,3.369,0.000,1.597,0.117,1.987,1.696,-0.411,1.957,1.510,-0.400,1.880,1.683,-0.875,1.973,1.459,-0.859,1.930
1370,151.698,0,1,1,1,1,0,Avatar IK kemik fallback,1,1,1,1,-1.706,0.346,10.290,20.323,103.817,0.366,65.545,3.805,0.000,1.556,0.113,1.984,1.684,-0.413,1.942,1.461,-0.402,1.870,1.695,-0.876,1.970,1.450,-0.863,1.919
1371,151.808,0,1,1,1,1,0,Avatar IK kemik fallback,1,1,1,1,-5.862,0.141,15.101,19.141,92.476,0.591,23.595,6.715,0.000,1.512,0.110,1.978,1.688,-0.411,1.937,1.449,-0.405,1.863,1.708,-0.872,1.990,1.467,-0.867,1.902
1372,151.920,0,1,1,1,1,0,Avatar IK kemik fallback,1,1,1,1,-8.881,0.614,19.538,15.319,83.613,0.264,24.209,6.743,0.000,1.477,0.116,1.972,1.678,-0.401,1.935,1.439,-0.403,1.878,1.691,-0.859,2.007,1.476,-0.864,1.911
1373,152.032,0,1,1,1,1,0,Avatar IK kemik fallback,1,1,1,1,-11.869,1.280,20.256,12.789,79.154,0.214,45.190,3.139,0.000,1.454,0.119,1.969,1.669,-0.394,1.933,1.430,-0.401,1.891,1.670,-0.855,1.988,1.475,-0.862,1.922
1374,152.143,0,1,1,1,1,0,Avatar IK kemik fallback,1,1,1,1,-12.050,1.855,17.608,12.252,81.071,0.101,35.874,1.443,0.000,1.437,0.119,1.966,1.659,-0.395,1.944,1.425,-0.401,1.894,1.669,-0.857,1.981,1.474,-0.861,1.926
1375,152.254,0,1,1,1,1,0,Avatar IK kemik fallback,1,1,1,1,-12.705,2.190,17.189,12.719,87.917,0.107,29.891,0.253,0.000,1.425,0.117,1.964,1.658,-0.394,1.948,1.422,-0.401,1.891,1.677,-0.857,1.975,1.476,-0.861,1.926
1376,152.367,0,1,1,1,1,0,Avatar IK kemik fallback,1,1,1,1,-12.922,2.483,17.296,13.076,96.126,0.089,27.790,0.000,0.383,1.415,0.115,1.963,1.656,-0.394,1.948,1.419,-0.402,1.890,1.680,-0.856,1.974,1.476,-0.862,1.928
1377,152.477,0,1,1,1,1,0,Avatar IK kemik fallback,1,1,1,1,-14.341,2.690,19.140,14.165,103.555,0.079,29.872,0.000,0.813,1.406,0.112,1.963,1.662,-0.392,1.944,1.418,-0.403,1.885,1.687,-0.855,1.970,1.478,-0.862,1.926
1378,152.588,0,1,1,1,1,0,Avatar IK kemik fallback,1,1,1,1,-14.879,2.886,20.018,14.223,109.518,0.080,33.843,0.000,1.102,1.398,0.110,1.961,1.661,-0.392,1.942,1.416,-0.404,1.885,1.689,-0.854,1.971,1.479,-0.863,1.927
1379,152.711,0,1,1,1,1,0,Avatar IK kemik fallback,1,1,1,1,-15.093,2.996,20.570,14.454,113.663,0.067,34.929,0.000,1.374,1.391,0.108,1.960,1.660,-0.391,1.940,1.414,-0.405,1.883,1.690,-0.853,1.971,1.481,-0.863,1.928
1380,152.822,0,1,1,1,1,0,Avatar IK kemik fallback,1,1,1,1,-15.695,3.152,21.385,14.991,115.861,0.070,35.156,0.000,1.683,1.384,0.105,1.958,1.661,-0.391,1.938,1.413,-0.407,1.880,1.693,-0.853,1.970,1.482,-0.864,1.927
1381,152.933,0,1,1,1,1,0,Avatar IK kemik fallback,1,1,1,1,-15.868,3.256,21.598,15.248,115.692,0.041,34.469,0.000,2.065,1.379,0.103,1.957,1.661,-0.391,1.937,1.411,-0.408,1.879,1.696,-0.853,1.969,1.482,-0.865,1.928
1382,153.045,0,1,1,1,1,0,Avatar IK kemik fallback,1,1,1,1,-15.978,3.368,21.721,15.246,112.792,0.040,35.034,0.000,2.278,1.374,0.102,1.956,1.659,-0.391,1.937,1.410,-0.408,1.880,1.696,-0.853,1.970,1.482,-0.865,1.930
1383,153.157,0,1,1,1,1,0,Avatar IK kemik fallback,1,1,1,1,-15.977,12.015,21.933,17.477,106.739,0.016,22.614,0.000,3.516,1.372,0.102,1.957,1.658,-0.391,1.936,1.453,-0.398,1.909,1.696,-0.853,1.971,1.510,-0.858,1.951
1384,153.269,0,1,1,1,1,0,Avatar IK kemik fallback,1,1,1,1,-15.299,3.461,21.165,14.538,97.683,0.014,37.127,0.000,2.120,1.369,0.102,1.957,1.652,-0.392,1.938,1.406,-0.408,1.885,1.693,-0.853,1.973,1.481,-0.865,1.933
1385,153.380,0,1,1,1,1,0,Avatar IK kemik fallback,1,1,1,1,-14.646,3.447,20.183,13.552,86.091,0.001,39.310,0.000,2.214,1.368,0.104,1.957,1.647,-0.392,1.941,1.404,-0.408,1.891,1.691,-0.853,1.974,1.481,-0.864,1.938
1386,153.490,0,1,1,1,1,0,Avatar IK kemik fallback,1,1,1,1,-14.207,3.428,19.477,12.929,72.892,0.003,40.410,0.000,2.418,1.368,0.104,1.957,1.644,-0.393,1.942,1.402,-0.408,1.896,1.690,-0.854,1.975,1.480,-0.864,1.941
1387,153.592,0,1,1,1,1,0,Avatar IK kemik fallback,1,1,1,1,-14.256,3.462,19.505,12.874,62.001,0.006,40.960,0.000,2.525,1.367,0.104,1.957,1.644,-0.393,1.942,1.402,-0.408,1.896,1.690,-0.853,1.975,1.480,-0.864,1.942
1388,153.703,0,1,1,1,1,0,Avatar IK kemik fallback,1,1,1,1,-13.462,3.340,19.032,12.615,49.343,0.009,40.556,0.000,2.024,1.366,0.104,1.956,1.641,-0.393,1.942,1.401,-0.408,1.896,1.692,-0.853,1.978,1.481,-0.864,1.940
1389,153.813,0,1,1,1,1,0,Avatar IK kemik fallback,1,1,1,1,-11.415,3.238,17.783,10.811,38.369,0.047,48.767,0.000,1.749,1.369,0.108,1.956,1.633,-0.394,1.942,1.399,-0.406,1.907,1.688,-0.853,1.985,1.479,-0.863,1.947
1390,153.926,0,1,1,1,1,0,Avatar IK kemik fallback,1,1,1,1,-11.417,2.990,20.850,11.009,30.199,0.118,61.776,0.900,0.000,1.378,0.110,1.958,1.631,-0.395,1.933,1.402,-0.406,1.906,1.668,-0.853,1.999,1.479,-0.862,1.945
1391,154.037,0,1,1,1,1,0,Avatar IK kemik fallback,1,1,1,1,-10.242,2.640,22.655,12.458,24.064,0.161,58.083,3.449,0.000,1.391,0.110,1.959,1.635,-0.396,1.925,1.408,-0.405,1.896,1.670,-0.851,2.010,1.480,-0.863,1.937
1392,154.137,0,1,1,1,1,0,Avatar IK kemik fallback,1,1,1,1,-8.540,2.267,20.934,13.575,19.863,0.140,42.651,2.979,0.000,1.407,0.111,1.961,1.645,-0.396,1.921,1.414,-0.405,1.889,1.691,-0.851,1.999,1.479,-0.863,1.930
1393,154.248,0,1,1,1,1,0,Avatar IK kemik fallback,1,1,1,1,-5.494,1.847,18.700,15.497,18.793,0.252,18.737,4.116,0.000,1.433,0.112,1.963,1.649,-0.401,1.921,1.423,-0.404,1.878,1.701,-0.857,1.996,1.477,-0.864,1.921
1394,154.360,0,1,1,1,1,0,Avatar IK kemik fallback,1,1,1,1,-5.111,1.375,16.851,17.294,23.117,0.322,2.599,7.069,0.000,1.466,0.112,1.966,1.655,-0.407,1.933,1.434,-0.404,1.868,1.688,-0.864,2.006,1.471,-0.865,1.912
1395,154.471,0,1,1,1,1,0,Avatar IK kemik fallback,1,1,1,1,-5.335,1.167,14.232,19.039,32.319,0.271,28.898,7.128,0.000,1.501,0.112,1.969,1.667,-0.411,1.938,1.444,-0.404,1.860,1.681,-0.872,1.994,1.460,-0.865,1.904
1396,154.593,0,1,1,1,1,0,Avatar IK kemik fallback,1,1,1,1,-1.706,0.968,10.263,19.546,46.719,0.362,62.283,5.040,0.000,1.544,0.115,1.974,1.663,-0.412,1.938,1.455,-0.401,1.863,1.664,-0.875,1.972,1.445,-0.863,1.908
1397,154.704,0,1,1,1,1,0,Avatar IK kemik fallback,1,1,1,1,-1.635,9.044,8.840,22.316,59.906,0.263,86.509,3.589,0.000,1.575,0.115,1.980,1.672,-0.413,1.942,1.511,-0.401,1.872,1.655,-0.876,1.965,1.464,-0.860,1.922
1398,154.818,0,1,1,1,1,0,Avatar IK kemik fallback,1,1,1,1,-1.569,4.621,9.393,24.474,72.063,0.087,89.063,0.930,0.000,1.591,0.113,1.984,1.677,-0.414,1.941,1.509,-0.402,1.874,1.651,-0.877,1.964,1.483,-0.859,1.951
1399,154.928,0,1,1,1,1,0,Avatar IK kemik fallback,1,1,1,1,-1.438,4.940,12.054,23.254,81.676,0.033,63.440,0.000,0.822,1.594,0.109,1.986,1.679,-0.416,1.924,1.523,-0.407,1.883,1.654,-0.878,1.952,1.507,-0.865,1.956
1400,155.038,0,1,1,1,1,0,Avatar IK kemik fallback,1,1,1,1,-1.347,-0.153,13.446,21.203,88.080,0.027,44.776,0.799,0.000,1.588,0.108,1.985,1.679,-0.416,1.916,1.493,-0.408,1.878,1.659,-0.878,1.948,1.494,-0.868,1.936
1401,155.139,0,1,1,1,1,0,Avatar IK kemik fallback,1,1,1,1,-1.338,-0.141,13.058,19.687,91.924,0.089,40.491,2.486,0.000,1.581,0.109,1.984,1.677,-0.415,1.918,1.491,-0.407,1.877,1.662,-0.878,1.950,1.496,-0.868,1.923
1402,155.251,0,1,1,1,1,0,Avatar IK kemik fallback,1,1,1,1,-1.466,-0.034,13.326,19.365,93.457,0.089,36.949,2.489,0.000,1.574,0.110,1.983,1.675,-0.415,1.917,1.489,-0.407,1.877,1.664,-0.877,1.950,1.498,-0.868,1.922
1403,155.351,0,1,1,1,1,0,Avatar IK kemik fallback,1,1,1,1,-1.524,0.040,13.030,18.891,93.015,0.074,36.723,2.332,0.000,1.566,0.111,1.981,1.673,-0.414,1.919,1.488,-0.406,1.879,1.666,-0.877,1.953,1.502,-0.868,1.924
1404,155.463,0,1,1,1,1,0,Avatar IK kemik fallback,1,1,1,1,-1.469,0.099,12.998,18.824,90.881,0.032,36.616,1.801,0.000,1.562,0.111,1.980,1.672,-0.414,1.920,1.488,-0.407,1.882,1.668,-0.876,1.956,1.504,-0.868,1.932
1405,155.574,0,1,1,1,1,0,Avatar IK kemik fallback,1,1,1,1,-1.501,0.152,13.555,19.073,87.074,0.032,33.825,1.596,0.000,1.559,0.110,1.977,1.671,-0.414,1.916,1.487,-0.408,1.880,1.669,-0.877,1.955,1.505,-0.869,1.934
1406,155.684,0,1,1,1,1,0,Avatar IK kemik fallback,1,1,1,1,-1.478,0.182,13.191,18.821,81.508,0.029,35.172,1.677,0.000,1.558,0.111,1.973,1.670,-0.414,1.917,1.486,-0.408,1.881,1.668,-0.877,1.957,1.505,-0.869,1.937
1407,155.796,0,1,1,1,1,0,Avatar IK kemik fallback,1,1,1,1,-1.513,0.212,13.115,18.841,74.262,0.034,35.841,1.620,0.000,1.558,0.111,1.970,1.669,-0.415,1.915,1.485,-0.409,1.880,1.668,-0.877,1.957,1.505,-0.869,1.938
1408,155.908,0,1,1,1,1,0,Avatar IK kemik fallback,1,1,1,1,-1.565,0.294,12.843,18.690,65.558,0.032,37.082,1.649,0.000,1.557,0.112,1.967,1.669,-0.415,1.916,1.486,-0.409,1.879,1.667,-0.876,1.959,1.504,-0.868,1.938
1409,156.020,0,1,1,1,1,0,Avatar IK kemik fallback,1,1,1,1,-1.602,0.370,12.339,18.428,55.679,0.032,39.582,1.629,0.000,1.558,0.113,1.964,1.669,-0.414,1.918,1.486,-0.408,1.880,1.666,-0.876,1.961,1.504,-0.868,1.940
1410,156.131,0,1,1,1,1,0,Avatar IK kemik fallback,1,1,1,1,-1.537,0.398,11.232,17.763,44.942,0.027,45.053,1.797,0.000,1.558,0.114,1.961,1.669,-0.413,1.923,1.486,-0.407,1.882,1.666,-0.875,1.966,1.503,-0.867,1.943
1411,156.243,0,1,1,1,1,0,Avatar IK kemik fallback,1,1,1,1,-1.416,0.361,9.801,16.958,33.946,0.022,53.488,2.191,0.000,1.560,0.116,1.959,1.669,-0.412,1.930,1.486,-0.406,1.886,1.666,-0.874,1.972,1.503,-0.866,1.946
1412,156.354,0,1,1,1,1,0,Avatar IK kemik fallback,1,1,1,1,-1.342,0.278,9.701,16.937,24.440,0.021,54.324,2.244,0.000,1.561,0.117,1.957,1.669,-0.412,1.929,1.486,-0.407,1.885,1.666,-0.874,1.971,1.503,-0.866,1.945
1413,156.464,0,1,1,1,1,0,Avatar IK kemik fallback,1,1,1,1,-1.373,0.164,11.588,18.045,18.359,0.010,43.575,1.934,0.000,1.563,0.114,1.956,1.670,-0.414,1.917,1.486,-0.408,1.878,1.666,-0.875,1.962,1.503,-0.868,1.940
1414,156.577,0,1,1,1,1,0,Avatar IK kemik fallback,1,1,1,1,-1.432,0.152,12.815,18.803,16.340,0.005,37.881,1.653,0.000,1.563,0.112,1.955,1.671,-0.415,1.908,1.486,-0.409,1.873,1.667,-0.877,1.956,1.502,-0.869,1.937
1415,156.677,0,1,1,1,1,0,Avatar IK kemik fallback,1,1,1,1,-1.445,0.176,12.866,18.802,16.651,0.005,37.490,1.557,0.000,1.563,0.111,1.955,1.671,-0.415,1.907,1.487,-0.410,1.872,1.667,-0.877,1.955,1.503,-0.869,1.936
1416,156.788,0,1,1,1,1,0,Avatar IK kemik fallback,1,1,1,1,-1.531,0.209,13.576,19.170,16.299,0.003,34.170,1.349,0.000,1.563,0.110,1.954,1.671,-0.416,1.902,1.487,-0.411,1.869,1.667,-0.878,1.951,1.503,-0.870,1.934
1417,156.900,0,1,1,1,1,0,Avatar IK kemik fallback,1,1,1,1,-1.592,0.259,14.085,19.538,14.810,0.005,32.433,1.198,0.000,1.563,0.109,1.954,1.672,-0.417,1.899,1.487,-0.412,1.866,1.666,-0.878,1.949,1.502,-0.871,1.933
1418,157.010,0,1,1,1,1,0,Avatar IK kemik fallback,1,1,1,1,-1.641,0.239,15.013,20.237,13.256,0.004,29.643,1.023,0.000,1.563,0.107,1.953,1.672,-0.418,1.893,1.487,-0.413,1.862,1.667,-0.879,1.945,1.502,-0.872,1.930
1419,157.122,0,1,1,1,1,0,Avatar IK kemik fallback,1,1,1,1,-1.668,0.247,15.615,20.741,11.703,0.001,28.200,0.899,0.000,1.562,0.105,1.953,1.673,-0.419,1.889,1.487,-0.414,1.859,1.667,-0.880,1.942,1.502,-0.873,1.928
1420,157.232,0,1,1,1,1,0,Avatar IK kemik fallback,1,1,1,1,-1.723,0.281,15.775,20.792,10.450,0.006,27.442,0.882,0.000,1.561,0.105,1.952,1.673,-0.419,1.888,1.487,-0.414,1.858,1.667,-0.880,1.942,1.502,-0.873,1.927
1421,157.344,0,1,1,1,1,0,Avatar IK kemik fallback,1,1,1,1,-1.740,0.291,15.728,20.771,9.418,0.008,27.629,0.879,0.000,1.561,0.105,1.952,1.672,-0.420,1.889,1.487,-0.414,1.858,1.667,-0.880,1.943,1.502,-0.873,1.928
1422,157.456,0,1,1,1,1,0,Avatar IK kemik fallback,1,1,1,1,-1.722,0.303,15.379,20.533,8.395,0.009,28.706,0.892,0.000,1.561,0.106,1.951,1.672,-0.419,1.890,1.487,-0.414,1.859,1.667,-0.880,1.944,1.502,-0.872,1.929
1423,157.580,0,1,1,1,1,0,Avatar IK kemik fallback,1,1,1,1,-1.689,0.272,15.221,20.396,7.164,0.012,29.060,0.898,0.000,1.562,0.106,1.949,1.672,-0.419,1.890,1.487,-0.414,1.859,1.667,-0.880,1.944,1.502,-0.872,1.929
1424,157.689,0,1,1,1,1,0,Avatar IK kemik fallback,1,1,1,1,-1.650,0.269,14.887,20.149,6.211,0.009,30.039,0.917,0.000,1.562,0.107,1.949,1.672,-0.419,1.892,1.487,-0.413,1.860,1.667,-0.879,1.946,1.502,-0.872,1.931
1425,157.801,0,1,1,1,1,0,Avatar IK kemik fallback,1,1,1,1,-1.614,0.330,13.979,19.457,5.402,0.008,32.765,0.989,0.000,1.562,0.109,1.947,1.672,-0.418,1.897,1.488,-0.413,1.864,1.667,-0.878,1.950,1.502,-0.871,1.933
1426,157.902,0,1,1,1,1,0,Avatar IK kemik fallback,1,1,1,1,-1.552,0.346,12.878,18.700,4.762,0.014,36.872,1.106,0.000,1.562,0.111,1.946,1.672,-0.416,1.904,1.488,-0.411,1.868,1.667,-0.877,1.955,1.502,-0.870,1.937
1427,158.012,0,1,1,1,1,0,Avatar IK kemik fallback,1,1,1,1,-1.526,0.363,12.766,18.619,4.269,0.009,37.297,1.154,0.000,1.562,0.111,1.946,1.672,-0.416,1.905,1.488,-0.411,1.869,1.667,-0.877,1.957,1.502,-0.870,1.939
1428,158.124,0,1,1,1,1,0,Avatar IK kemik fallback,1,1,1,1,-1.525,0.364,12.800,18.728,3.961,0.007,37.602,1.068,0.000,1.562,0.111,1.945,1.671,-0.416,1.905,1.488,-0.411,1.869,1.667,-0.877,1.957,1.502,-0.870,1.940
1429,158.237,0,1,1,1,1,0,Avatar IK kemik fallback,1,1,1,1,-1.530,0.346,12.926,18.841,3.820,0.011,37.239,1.187,0.000,1.562,0.111,1.945,1.671,-0.417,1.905,1.488,-0.412,1.868,1.666,-0.877,1.958,1.502,-0.870,1.940
1430,158.347,0,1,1,1,1,0,Avatar IK kemik fallback,1,1,1,1,-1.453,0.341,11.859,18.197,3.781,0.006,42.171,1.468,0.000,1.562,0.113,1.945,1.671,-0.415,1.911,1.488,-0.411,1.873,1.666,-0.876,1.964,1.502,-0.869,1.944
1431,158.459,0,1,1,1,1,0,Avatar IK kemik fallback,1,1,1,1,-1.444,0.375,11.416,17.909,3.742,0.005,44.284,1.626,0.000,1.562,0.113,1.945,1.670,-0.415,1.914,1.487,-0.410,1.874,1.666,-0.876,1.966,1.502,-0.869,1.945
1432,158.570,0,1,1,1,1,0,Avatar IK kemik fallback,1,1,1,1,-1.372,0.391,10.054,17.180,3.651,0.007,52.327,1.896,0.000,1.562,0.115,1.945,1.669,-0.414,1.922,1.487,-0.409,1.879,1.666,-0.875,1.972,1.502,-0.868,1.948
1433,158.681,0,1,1,1,1,0,Avatar IK kemik fallback,1,1,1,1,-1.282,0.441,8.382,16.489,3.521,0.007,65.193,2.148,0.000,1.561,0.117,1.945,1.669,-0.412,1.932,1.486,-0.408,1.885,1.666,-0.874,1.978,1.501,-0.866,1.953
1434,158.792,0,1,1,1,1,0,Avatar IK kemik fallback,1,1,1,1,-1.124,0.474,6.418,15.416,3.343,0.012,82.422,2.167,0.000,1.560,0.120,1.945,1.668,-0.410,1.943,1.486,-0.406,1.893,1.668,-0.872,1.984,1.503,-0.865,1.960
1435,158.903,0,1,1,1,1,0,Avatar IK kemik fallback,1,1,1,1,-0.914,0.162,6.264,14.665,3.186,0.040,80.281,2.738,0.000,1.557,0.121,1.946,1.667,-0.409,1.942,1.483,-0.404,1.897,1.672,-0.871,1.983,1.507,-0.864,1.958
1436,159.004,0,1,1,1,1,0,Avatar IK kemik fallback,1,1,1,1,-0.516,-0.273,6.272,14.014,3.273,0.033,76.333,3.751,0.000,1.554,0.123,1.947,1.665,-0.407,1.941,1.480,-0.403,1.902,1.676,-0.869,1.984,1.510,-0.863,1.957
1437,159.126,0,1,1,1,1,0,Avatar IK kemik fallback,1,1,1,1,0.069,-1.163,6.615,14.682,3.904,0.042,75.755,6.530,0.000,1.549,0.121,1.949,1.662,-0.409,1.939,1.472,-0.403,1.901,1.684,-0.869,1.989,1.515,-0.863,1.949
1438,159.226,0,1,1,1,1,0,Avatar IK kemik fallback,1,1,1,1,0.246,-2.130,9.084,16.381,5.000,0.098,57.315,9.723,0.000,1.544,0.118,1.952,1.657,-0.412,1.932,1.462,-0.405,1.896,1.689,-0.870,1.997,1.518,-0.864,1.940
1439,159.327,0,1,1,1,1,0,Avatar IK kemik fallback,1,1,1,1,-0.341,-3.066,20.036,18.552,6.721,0.102,7.693,11.883,0.000,1.538,0.113,1.957,1.641,-0.414,1.889,1.452,-0.407,1.890,1.687,-0.864,1.997,1.520,-0.865,1.929
1440,159.438,0,1,1,1,1,0,Avatar IK kemik fallback,1,1,1,1,-3.524,-3.543,31.882,19.119,9.590,0.055,50.051,13.758,0.000,1.531,0.111,1.961,1.633,-0.409,1.846,1.445,-0.407,1.892,1.689,-0.843,2.002,1.522,-0.864,1.925
1441,159.549,0,1,1,1,1,0,Avatar IK kemik fallback,1,1,1,1,-0.345,-3.543,39.259,21.078,12.572,0.055,60.266,13.331,0.000,1.526,0.106,1.967,1.604,-0.406,1.819,1.438,-0.409,1.888,1.684,-0.831,1.992,1.520,-0.866,1.923
1442,159.649,0,1,1,1,1,0,Avatar IK kemik fallback,1,1,1,1,2.139,-3.173,40.658,22.006,15.164,0.086,59.530,13.129,0.000,1.520,0.103,1.972,1.591,-0.408,1.819,1.435,-0.411,1.885,1.682,-0.831,1.992,1.520,-0.867,1.924
1443,159.761,0,1,1,1,1,0,Avatar IK kemik fallback,1,1,1,1,0.428,-2.539,39.335,22.030,18.527,0.223,56.399,12.447,0.000,1.510,0.101,1.976,1.602,-0.410,1.825,1.436,-0.412,1.883,1.682,-0.836,1.994,1.522,-0.867,1.925
1444,159.885,0,1,1,1,1,0,Avatar IK kemik fallback,1,1,1,1,-2.684,-1.604,35.005,20.696,22.592,0.157,51.378,8.505,0.000,1.495,0.102,1.982,1.636,-0.406,1.833,1.442,-0.411,1.885,1.706,-0.843,1.973,1.526,-0.867,1.927
1445,160.006,0,1,1,1,1,0,Avatar IK kemik fallback,1,1,1,1,-6.135,-0.377,36.394,20.032,27.312,0.110,57.993,11.100,0.000,1.482,0.100,1.987,1.674,-0.403,1.859,1.451,-0.411,1.884,1.733,-0.835,2.019,1.528,-0.867,1.930
1446,160.117,0,1,1,1,1,0,Avatar IK kemik fallback,1,1,1,1,-10.894,0.594,38.563,19.625,30.873,0.043,65.093,17.487,0.000,1.477,0.101,1.991,1.703,-0.404,1.907,1.460,-0.410,1.885,1.725,-0.825,2.102,1.528,-0.867,1.935
1447,160.229,0,1,1,1,1,0,Avatar IK kemik fallback,1,1,1,1,-16.205,1.502,33.089,19.363,33.513,0.020,52.335,19.129,0.000,1.477,0.103,1.992,1.713,-0.408,1.977,1.472,-0.409,1.886,1.684,-0.839,2.145,1.527,-0.867,1.941
1448,160.329,0,1,1,1,1,0,Avatar IK kemik fallback,1,1,1,1,-16.748,2.315,25.662,20.148,34.927,0.099,24.071,15.749,0.000,1.483,0.105,1.993,1.701,-0.411,2.030,1.487,-0.408,1.888,1.651,-0.858,2.144,1.522,-0.866,1.952
1449,160.440,0,1,1,1,1,0,Avatar IK kemik fallback,1,1,1,1,-14.075,10.738,19.732,23.020,35.109,0.109,15.382,9.775,0.000,1.493,0.110,1.997,1.687,-0.409,2.064,1.542,-0.400,1.920,1.643,-0.865,2.140,1.534,-0.859,1.988
1450,160.553,0,1,1,1,1,0,Avatar IK kemik fallback,1,1,1,1,-11.583,8.876,15.685,25.435,34.402,0.134,47.419,5.858,0.000,1.506,0.115,2.002,1.669,-0.408,2.085,1.549,-0.398,1.916,1.628,-0.868,2.135,1.514,-0.854,1.996
1451,160.663,0,1,1,1,1,0,Avatar IK kemik fallback,1,1,1,1,-12.052,6.735,15.822,31.893,33.340,0.127,67.366,2.745,0.000,1.520,0.115,2.011,1.673,-0.409,2.096,1.568,-0.395,1.896,1.624,-0.870,2.126,1.500,-0.844,1.995
1452,160.774,0,1,1,1,1,0,Avatar IK kemik fallback,1,1,1,1,-9.961,5.644,12.568,39.435,32.745,0.128,103.327,0.456,0.000,1.535,0.118,2.022,1.657,-0.410,2.106,1.591,-0.387,1.878,1.610,-0.871,2.116,1.479,-0.826,1.988
1453,160.887,0,1,1,1,1,0,Avatar IK kemik fallback,1,1,1,1,-10.269,12.681,12.218,50.180,33.226,0.097,121.676,0.000,2.328,1.548,0.119,2.033,1.660,-0.409,2.115,1.630,-0.375,1.865,1.611,-0.871,2.106,1.440,-0.796,1.958
1454,161.008,0,1,1,1,1,0,Avatar IK kemik fallback,1,1,1,1,-10.218,25.158,12.466,58.762,34.542,0.068,129.995,0.000,3.120,1.555,0.123,2.040,1.660,-0.405,2.119,1.667,-0.364,1.874,1.607,-0.866,2.104,1.407,-0.761,1.914
1455,161.119,0,1,1,1,1,0,Avatar IK kemik fallback,1,1,1,1,-10.214,34.062,12.839,65.136,36.157,0.040,134.137,0.000,2.060,1.557,0.120,2.044,1.659,-0.409,2.122,1.701,-0.358,1.884,1.604,-0.869,2.101,1.406,-0.737,1.877
1456,161.232,0,1,1,1,1,0,Avatar IK kemik fallback,1,1,1,1,-11.466,34.420,14.342,67.106,37.791,0.067,129.564,0.000,0.895,1.559,0.118,2.049,1.668,-0.410,2.128,1.715,-0.353,1.877,1.610,-0.870,2.102,1.417,-0.729,1.863
1457,161.342,0,1,1,1,1,0,Avatar IK kemik fallback,1,1,1,1,-12.132,34.006,15.085,66.469,39.755,0.050,126.011,0.716,0.000,1.562,0.117,2.056,1.676,-0.410,2.131,1.713,-0.351,1.871,1.614,-0.870,2.104,1.419,-0.730,1.856
1458,161.454,0,1,1,1,1,0,Avatar IK kemik fallback,1,1,1,1,-12.945,34.702,15.616,64.609,42.019,0.087,122.138,2.976,0.000,1.566,0.116,2.064,1.686,-0.411,2.133,1.696,-0.351,1.861,1.619,-0.870,2.107,1.404,-0.731,1.840
1459,161.565,0,1,1,1,1,0,Avatar IK kemik fallback,1,1,1,1,-13.834,31.176,16.047,60.097,44.434,0.059,115.703,4.214,0.000,1.569,0.114,2.071,1.696,-0.413,2.135,1.664,-0.356,1.850,1.627,-0.872,2.110,1.386,-0.745,1.839
1460,161.676,0,1,1,1,1,0,Avatar IK kemik fallback,1,1,1,1,-15.088,26.268,16.598,52.844,46.514,0.007,104.391,5.222,0.000,1.570,0.112,2.073,1.706,-0.414,2.137,1.623,-0.366,1.850,1.637,-0.873,2.112,1.374,-0.771,1.847
1461,161.788,0,1,1,1,1,0,Avatar IK kemik fallback,1,1,1,1,-11.693,23.179,12.210,44.676,47.572,0.161,114.142,8.668,0.000,1.565,0.117,2.066,1.685,-0.412,2.132,1.588,-0.370,1.854,1.633,-0.873,2.113,1.374,-0.791,1.840
1462,161.900,0,1,1,1,1,0,Avatar IK kemik fallback,1,1,1,1,-10.259,22.077,10.689,40.037,46.656,0.431,115.714,10.272,0.000,1.541,0.118,2.046,1.665,-0.409,2.122,1.565,-0.375,1.850,1.631,-0.872,2.115,1.377,-0.805,1.822
1463,162.011,0,1,1,1,1,0,Avatar IK kemik fallback,1,1,1,1,-10.902,23.678,11.923,39.628,44.559,0.654,107.485,6.879,0.000,1.494,0.117,2.013,1.646,-0.406,2.110,1.539,-0.383,1.844,1.632,-0.870,2.119,1.356,-0.815,1.808
1464,162.123,0,1,1,1,1,0,Avatar IK kemik fallback,1,1,1,1,-10.819,22.189,13.444,38.899,46.839,0.860,97.264,0.000,1.304,1.429,0.108,1.966,1.616,-0.404,2.093,1.504,-0.398,1.841,1.635,-0.867,2.129,1.341,-0.837,1.824
1465,162.234,0,1,1,1,1,0,Avatar IK kemik fallback,1,1,1,1,-10.084,16.488,14.496,33.448,60.357,0.836,79.058,0.000,9.893,1.360,0.105,1.907,1.580,-0.390,2.070,1.462,-0.402,1.832,1.639,-0.846,2.134,1.353,-0.855,1.843
1466,162.344,0,1,1,1,1,0,Avatar IK kemik fallback,1,1,1,1,-10.485,11.469,13.691,25.334,83.223,0.697,59.668,0.000,18.589,1.302,0.108,1.851,1.536,-0.367,2.053,1.410,-0.398,1.823,1.643,-0.816,2.124,1.356,-0.859,1.856
1467,162.457,0,1,1,1,1,0,Avatar IK kemik fallback,1,1,1,1,-11.835,6.961,18.634,16.432,109.134,0.461,12.558,0.000,11.237,1.260,0.113,1.812,1.447,-0.369,2.034,1.340,-0.400,1.802,1.483,-0.826,2.109,1.318,-0.861,1.849
1468,162.568,0,1,1,1,1,0,Avatar IK kemik fallback,1,1,1,1,-12.330,6.369,23.145,15.090,133.993,0.277,42.133,7.032,0.000,1.234,0.120,1.785,1.352,-0.377,2.015,1.329,-0.388,1.790,1.292,-0.833,2.078,1.328,-0.849,1.846
1469,162.679,0,1,1,1,1,0,Avatar IK kemik fallback,1,1,1,1,-11.995,6.461,23.562,15.089,155.617,0.124,43.839,16.639,0.000,1.218,0.122,1.774,1.294,-0.380,2.007,1.323,-0.383,1.785,1.196,-0.831,2.070,1.330,-0.844,1.843
1470,162.780,0,1,1,1,1,0,Avatar IK kemik fallback,1,1,1,1,-11.979,6.754,21.504,15.407,172.874,0.062,33.033,15.463,0.000,1.211,0.126,1.771,1.282,-0.377,2.003,1.319,-0.379,1.783,1.200,-0.831,2.060,1.327,-0.839,1.839
1471,162.890,0,1,1,1,1,0,Avatar IK kemik fallback,1,1,1,1,-12.343,7.057,18.480,15.765,185.482,0.113,15.859,8.761,0.000,1.208,0.131,1.778,1.293,-0.374,2.000,1.317,-0.375,1.786,1.257,-0.834,2.043,1.323,-0.836,1.836
1472,163.002,0,1,1,1,1,0,Avatar IK kemik fallback,1,1,1,1,-12.311,7.396,17.218,16.192,193.368,0.188,6.140,6.902,0.000,1.209,0.130,1.794,1.298,-0.377,2.005,1.316,-0.377,1.794,1.275,-0.840,2.039,1.319,-0.840,1.835
1473,163.113,0,1,1,1,1,0,Avatar IK kemik fallback,1,1,1,1,-12.653,7.596,15.715,16.644,196.915,0.202,5.740,5.541,0.000,1.213,0.128,1.816,1.300,-0.383,2.017,1.317,-0.382,1.803,1.291,-0.846,2.039,1.315,-0.845,1.835
1474,163.225,0,1,1,1,1,0,Avatar IK kemik fallback,1,1,1,1,-12.605,7.604,15.438,16.679,196.688,0.188,7.724,6.204,0.000,1.218,0.125,1.836,1.304,-0.389,2.027,1.319,-0.387,1.812,1.291,-0.853,2.040,1.315,-0.850,1.835
1475,163.337,0,1,1,1,1,0,Avatar IK kemik fallback,1,1,1,1,-12.469,7.595,15.403,16.951,192.891,0.154,9.569,6.925,0.000,1.220,0.119,1.855,1.307,-0.398,2.034,1.319,-0.394,1.820,1.288,-0.861,2.041,1.313,-0.858,1.835
1476,163.447,0,1,1,1,1,0,Avatar IK kemik fallback,1,1,1,1,-12.383,9.288,15.216,21.008,185.485,0.088,31.977,8.475,0.000,1.223,0.115,1.868,1.309,-0.403,2.040,1.342,-0.393,1.830,1.289,-0.867,2.041,1.325,-0.856,1.838
1477,163.559,0,1,1,1,1,0,Avatar IK kemik fallback,1,1,1,1,-12.245,10.134,15.061,23.525,174.184,0.084,43.872,9.194,0.000,1.224,0.113,1.878,1.310,-0.406,2.044,1.357,-0.391,1.837,1.290,-0.870,2.041,1.333,-0.854,1.840
1478,163.670,0,1,1,1,1,0,Avatar IK kemik fallback,1,1,1,1,-12.190,10.246,15.040,24.384,158.603,0.036,47.407,9.034,0.000,1.224,0.112,1.883,1.310,-0.407,2.046,1.362,-0.391,1.839,1.291,-0.870,2.040,1.335,-0.854,1.839
1479,163.782,0,1,1,1,1,0,Avatar IK kemik fallback,1,1,1,1,-12.088,9.899,15.120,24.157,138.319,0.056,46.019,8.950,0.000,1.223,0.113,1.886,1.309,-0.407,2.047,1.361,-0.390,1.840,1.290,-0.870,2.039,1.335,-0.854,1.838
1480,163.892,0,1,1,1,1,0,Avatar IK kemik fallback,1,1,1,1,-12.037,9.726,15.154,24.158,114.138,0.020,45.809,9.065,0.000,1.221,0.112,1.888,1.307,-0.408,2.048,1.360,-0.391,1.840,1.288,-0.871,2.039,1.335,-0.855,1.837
1481,164.005,0,1,1,1,1,0,Avatar IK kemik fallback,1,1,1,1,-12.010,9.673,15.129,24.133,88.713,0.014,45.865,9.090,0.000,1.220,0.112,1.889,1.307,-0.408,2.049,1.361,-0.391,1.840,1.289,-0.872,2.038,1.336,-0.855,1.837
1482,164.116,0,1,1,1,1,0,Avatar IK kemik fallback,1,1,1,1,-12.003,9.753,15.111,24.468,66.545,0.014,47.280,9.103,0.000,1.220,0.111,1.890,1.306,-0.409,2.049,1.363,-0.391,1.841,1.290,-0.872,2.038,1.338,-0.855,1.837
1483,164.227,0,1,1,1,1,0,Avatar IK kemik fallback,1,1,1,1,-11.974,9.911,15.143,25.063,52.846,0.015,49.349,9.216,0.000,1.219,0.110,1.891,1.306,-0.410,2.050,1.366,-0.391,1.842,1.290,-0.873,2.038,1.341,-0.855,1.837
1484,164.339,0,1,1,1,1,0,Avatar IK kemik fallback,1,1,1,1,-11.906,9.435,15.142,24.082,48.019,0.023,45.581,8.929,0.000,1.218,0.111,1.892,1.306,-0.408,2.050,1.360,-0.392,1.842,1.289,-0.872,2.038,1.337,-0.855,1.837
1485,164.450,0,1,1,1,1,0,Avatar IK kemik fallback,1,1,1,1,-11.829,8.938,15.114,22.875,47.334,0.029,40.860,8.726,0.000,1.218,0.113,1.895,1.306,-0.407,2.051,1.353,-0.392,1.841,1.289,-0.870,2.039,1.332,-0.856,1.836
1486,164.561,0,1,1,1,1,0,Avatar IK kemik fallback,1,1,1,1,-11.791,8.543,15.053,21.702,46.503,0.019,36.180,8.560,0.000,1.218,0.115,1.898,1.307,-0.406,2.052,1.346,-0.393,1.841,1.289,-0.869,2.039,1.329,-0.856,1.836
1487,164.672,0,1,1,1,1,0,Avatar IK kemik fallback,1,1,1,1,-11.737,8.095,14.982,20.549,43.919,0.027,31.337,8.253,0.000,1.218,0.116,1.900,1.307,-0.405,2.053,1.339,-0.393,1.841,1.289,-0.868,2.039,1.325,-0.857,1.835
1488,164.786,0,1,1,1,1,0,Avatar IK kemik fallback,1,1,1,1,-11.687,7.133,14.906,18.195,39.478,0.016,19.876,7.290,0.000,1.219,0.119,1.902,1.307,-0.402,2.053,1.326,-0.394,1.839,1.289,-0.865,2.039,1.315,-0.858,1.833
1489,164.897,0,1,1,1,1,0,Avatar IK kemik fallback,1,1,1,1,-11.654,6.579,14.782,16.903,33.366,0.026,13.387,6.637,0.000,1.221,0.124,1.903,1.307,-0.397,2.054,1.319,-0.391,1.838,1.289,-0.860,2.038,1.310,-0.855,1.831
1490,165.008,0,1,1,1,1,0,Avatar IK kemik fallback,1,1,1,1,-11.576,6.471,14.638,16.868,26.542,0.030,14.155,6.463,0.000,1.223,0.132,1.905,1.308,-0.390,2.054,1.319,-0.384,1.838,1.289,-0.853,2.038,1.308,-0.848,1.831
1491,165.118,0,1,1,1,1,0,Avatar IK kemik fallback,1,1,1,1,-11.518,6.409,14.424,16.704,20.458,0.022,14.652,6.625,0.000,1.225,0.138,1.909,1.309,-0.384,2.056,1.319,-0.378,1.839,1.290,-0.847,2.038,1.308,-0.842,1.831
1492,165.230,0,1,1,1,1,0,Avatar IK kemik fallback,1,1,1,1,-11.477,6.339,14.330,16.559,15.764,0.032,14.435,6.705,0.000,1.228,0.140,1.911,1.310,-0.382,2.057,1.320,-0.376,1.840,1.290,-0.845,2.038,1.308,-0.840,1.830
1493,165.341,0,1,1,1,1,0,Avatar IK kemik fallback,1,1,1,1,-11.471,6.321,14.206,16.612,12.943,0.055,15.614,6.847,0.000,1.230,0.134,1.915,1.312,-0.389,2.059,1.321,-0.382,1.841,1.291,-0.852,2.039,1.308,-0.846,1.831
1494,165.452,0,1,1,1,1,0,Avatar IK kemik fallback,1,1,1,1,-11.450,6.261,14.391,16.673,12.005,0.027,14.695,6.959,0.000,1.231,0.126,1.919,1.313,-0.398,2.061,1.322,-0.391,1.842,1.289,-0.860,2.039,1.308,-0.855,1.829
1495,165.565,0,1,1,1,1,0,Avatar IK kemik fallback,1,1,1,1,-11.610,7.762,14.648,23.667,12.022,0.016,47.075,7.910,0.000,1.232,0.120,1.919,1.312,-0.403,2.061,1.358,-0.388,1.845,1.288,-0.866,2.037,1.321,-0.851,1.833
1496,165.676,0,1,1,1,1,0,Avatar IK kemik fallback,1,1,1,1,-11.910,9.447,14.567,39.526,12.272,0.047,92.284,4.186,0.000,1.232,0.117,1.918,1.311,-0.406,2.062,1.409,-0.375,1.838,1.293,-0.869,2.034,1.294,-0.827,1.829
1497,165.786,0,1,1,1,1,0,Avatar IK kemik fallback,1,1,1,1,-11.984,13.926,14.748,47.242,11.957,0.205,104.837,5.085,0.000,1.231,0.119,1.903,1.306,-0.402,2.056,1.448,-0.358,1.830,1.295,-0.866,2.032,1.313,-0.803,1.782
1498,165.898,0,1,1,1,1,0,Avatar IK kemik fallback,1,1,1,1,-11.860,10.983,15.161,31.400,12.397,0.363,69.754,10.943,0.000,1.233,0.115,1.871,1.302,-0.403,2.044,1.428,-0.376,1.791,1.297,-0.866,2.032,1.394,-0.833,1.715
1499,166.023,0,1,1,1,1,0,Avatar IK kemik fallback,1,1,1,1,-11.674,7.292,15.304,22.954,18.180,0.457,39.991,12.982,0.000,1.243,0.112,1.828,1.300,-0.400,2.026,1.431,-0.385,1.756,1.298,-0.864,2.034,1.448,-0.845,1.699
1500,166.132,0,1,1,1,1,0,Avatar IK kemik fallback,1,1,1,1,-10.282,5.663,15.454,21.533,31.242,0.553,32.874,11.834,0.000,1.261,0.113,1.772,1.303,-0.392,1.999,1.440,-0.387,1.731,1.287,-0.853,2.043,1.453,-0.851,1.707
1501,166.243,0,1,1,1,1,0,Avatar IK kemik fallback,1,1,1,1,-10.384,3.890,16.770,19.766,48.288,0.488,16.403,12.216,0.000,1.279,0.116,1.721,1.309,-0.382,1.968,1.451,-0.385,1.708,1.279,-0.842,2.027,1.463,-0.848,1.721
1502,166.355,0,1,1,1,1,0,Avatar IK kemik fallback,1,1,1,1,-11.371,3.913,19.021,19.520,65.498,0.274,2.592,14.399,0.000,1.290,0.115,1.688,1.316,-0.388,1.922,1.456,-0.384,1.694,1.272,-0.849,1.954,1.464,-0.847,1.724
1503,166.467,0,1,1,1,1,0,Avatar IK kemik fallback,1,1,1,1,-11.713,4.652,18.730,19.477,80.661,0.118,3.909,14.239,0.000,1.296,0.118,1.670,1.325,-0.393,1.879,1.457,-0.380,1.688,1.290,-0.856,1.884,1.463,-0.843,1.724
1504,166.578,0,1,1,1,1,0,Avatar IK kemik fallback,1,1,1,1,-12.466,5.220,17.748,19.631,92.680,0.025,10.074,14.486,0.000,1.299,0.118,1.666,1.324,-0.397,1.862,1.457,-0.380,1.687,1.297,-0.860,1.851,1.461,-0.842,1.726
1505,166.689,0,1,1,1,1,0,Avatar IK kemik fallback,1,1,1,1,-12.463,5.610,15.753,19.941,101.605,0.013,23.469,11.571,0.000,1.301,0.124,1.666,1.323,-0.390,1.865,1.457,-0.374,1.688,1.317,-0.854,1.863,1.457,-0.837,1.723
1506,166.801,0,1,1,1,1,0,Avatar IK kemik fallback,1,1,1,1,-12.659,5.547,15.440,19.873,107.896,0.032,25.109,11.067,0.000,1.298,0.128,1.668,1.320,-0.386,1.867,1.455,-0.370,1.688,1.321,-0.850,1.865,1.458,-0.833,1.722
1507,166.911,0,1,1,1,1,0,Avatar IK kemik fallback,1,1,1,1,-12.697,5.487,15.364,20.014,111.799,0.057,26.291,10.989,0.000,1.292,0.127,1.672,1.319,-0.387,1.870,1.453,-0.370,1.688,1.323,-0.851,1.867,1.458,-0.833,1.720
1508,167.024,0,1,1,1,1,0,Avatar IK kemik fallback,1,1,1,1,-12.753,5.575,15.171,20.171,113.460,0.079,28.297,11.037,0.000,1.286,0.129,1.680,1.317,-0.386,1.874,1.450,-0.368,1.690,1.325,-0.850,1.868,1.458,-0.831,1.718
1509,167.135,0,1,1,1,1,0,Avatar IK kemik fallback,1,1,1,1,-12.676,5.715,14.876,20.481,112.878,0.086,31.705,10.933,0.000,1.279,0.132,1.690,1.315,-0.384,1.879,1.446,-0.365,1.693,1.327,-0.847,1.870,1.455,-0.829,1.716
1510,167.247,0,1,1,1,1,0,Avatar IK kemik fallback,1,1,1,1,-12.527,5.755,14.697,20.616,110.224,0.106,33.518,11.096,0.000,1.273,0.133,1.700,1.314,-0.383,1.883,1.443,-0.364,1.696,1.327,-0.847,1.870,1.454,-0.827,1.715
1511,167.357,0,1,1,1,1,0,Avatar IK kemik fallback,1,1,1,1,-12.307,5.699,14.559,20.950,105.613,0.086,35.994,10.735,0.000,1.266,0.133,1.708,1.312,-0.384,1.885,1.439,-0.364,1.699,1.329,-0.848,1.869,1.452,-0.828,1.713
1512,167.468,0,1,1,1,1,0,Avatar IK kemik fallback,1,1,1,1,-12.138,5.622,14.610,21.412,98.896,0.084,37.764,10.117,0.000,1.258,0.133,1.713,1.309,-0.385,1.887,1.436,-0.364,1.701,1.329,-0.848,1.867,1.449,-0.828,1.710
1513,167.580,0,1,1,1,1,0,Avatar IK kemik fallback,1,1,1,1,-11.991,5.513,14.698,21.691,90.057,0.065,38.435,9.697,0.000,1.252,0.134,1.718,1.306,-0.383,1.888,1.433,-0.362,1.703,1.329,-0.846,1.864,1.446,-0.826,1.708
1514,167.691,0,1,1,1,1,0,Avatar IK kemik fallback,1,1,1,1,-11.813,5.357,14.836,21.902,78.670,0.102,38.467,9.573,0.000,1.243,0.134,1.723,1.303,-0.383,1.889,1.429,-0.361,1.705,1.329,-0.846,1.862,1.446,-0.825,1.706
1515,167.804,0,1,1,1,1,0,Avatar IK kemik fallback,1,1,1,1,-11.652,5.384,14.967,22.292,65.162,0.090,39.321,9.201,0.000,1.235,0.132,1.728,1.302,-0.385,1.891,1.426,-0.363,1.707,1.330,-0.847,1.861,1.443,-0.826,1.704
1516,167.915,0,1,1,1,1,0,Avatar IK kemik fallback,1,1,1,1,-11.476,5.267,15.321,22.782,51.511,0.100,39.163,8.738,0.000,1.227,0.129,1.732,1.300,-0.387,1.891,1.422,-0.364,1.707,1.329,-0.849,1.859,1.439,-0.828,1.701
1517,168.037,0,1,1,1,1,0,Avatar IK kemik fallback,1,1,1,1,-11.223,5.028,15.839,23.678,41.252,0.103,39.671,7.882,0.000,1.215,0.123,1.735,1.295,-0.391,1.892,1.418,-0.369,1.708,1.327,-0.853,1.856,1.434,-0.832,1.696
1518,168.148,0,1,1,1,1,0,Avatar IK kemik fallback,1,1,1,1,-11.120,4.924,16.255,24.594,38.424,0.104,40.829,7.193,0.000,1.205,0.117,1.738,1.292,-0.397,1.893,1.414,-0.373,1.709,1.326,-0.858,1.855,1.428,-0.837,1.692
1519,168.259,0,1,1,1,1,0,Avatar IK kemik fallback,1,1,1,1,-11.004,5.031,16.410,25.498,41.312,0.092,43.372,6.642,0.000,1.197,0.112,1.745,1.290,-0.401,1.896,1.409,-0.377,1.712,1.325,-0.862,1.855,1.421,-0.840,1.689
1520,168.371,0,1,1,1,1,0,Avatar IK kemik fallback,1,1,1,1,-10.893,5.171,16.403,26.033,45.126,0.104,45.390,6.606,0.000,1.193,0.109,1.754,1.289,-0.404,1.901,1.408,-0.379,1.715,1.325,-0.865,1.857,1.418,-0.842,1.688
1521,168.484,0,1,1,1,1,0,Avatar IK kemik fallback,1,1,1,1,-10.887,5.450,16.134,26.318,47.840,0.114,47.982,6.863,0.000,1.191,0.109,1.765,1.290,-0.405,1.906,1.405,-0.378,1.720,1.325,-0.865,1.859,1.415,-0.841,1.690
1522,168.594,0,1,1,1,1,0,Avatar IK kemik fallback,1,1,1,1,-10.949,5.897,15.759,26.439,49.397,0.109,50.618,7.344,0.000,1.192,0.112,1.777,1.292,-0.404,1.912,1.404,-0.376,1.724,1.325,-0.864,1.862,1.412,-0.839,1.693
1523,168.705,0,1,1,1,1,0,Avatar IK kemik fallback,1,1,1,1,-11.015,6.289,15.340,26.488,49.905,0.076,53.302,7.692,0.000,1.194,0.114,1.786,1.295,-0.402,1.917,1.403,-0.374,1.728,1.327,-0.862,1.865,1.410,-0.836,1.695
1524,168.808,0,1,1,1,1,0,Avatar IK kemik fallback,1,1,1,1,-11.155,6.486,15.209,26.548,49.492,0.029,54.309,7.810,0.000,1.196,0.117,1.789,1.296,-0.400,1.918,1.403,-0.371,1.730,1.327,-0.860,1.865,1.409,-0.834,1.697
1525,168.928,0,1,1,1,1,0,Avatar IK kemik fallback,1,1,1,1,-11.319,6.687,15.220,26.845,47.416,0.055,55.269,7.554,0.000,1.199,0.121,1.786,1.296,-0.396,1.917,1.405,-0.368,1.729,1.327,-0.856,1.864,1.407,-0.830,1.696
1526,169.029,0,1,1,1,1,0,Avatar IK kemik fallback,1,1,1,1,-11.281,6.205,15.574,26.542,44.459,0.173,52.086,8.050,0.000,1.202,0.126,1.774,1.294,-0.391,1.911,1.411,-0.362,1.724,1.325,-0.851,1.861,1.417,-0.825,1.694
1527,169.150,0,1,1,1,1,0,Avatar IK kemik fallback,1,1,1,1,-10.964,5.499,16.142,26.593,39.032,0.177,48.913,8.044,0.000,1.208,0.131,1.749,1.291,-0.384,1.898,1.428,-0.357,1.712,1.324,-0.845,1.855,1.440,-0.819,1.674
1528,169.274,0,1,1,1,1,0,Avatar IK kemik fallback,1,1,1,1,-10.259,3.721,16.755,24.739,34.119,0.472,38.482,11.595,0.000,1.221,0.133,1.716,1.288,-0.379,1.880,1.462,-0.348,1.705,1.324,-0.841,1.849,1.504,-0.810,1.681
1529,169.384,0,1,1,1,1,0,Avatar IK kemik fallback,1,1,1,1,-9.440,1.594,17.318,24.038,33.414,0.345,32.500,9.271,0.000,1.243,0.136,1.683,1.289,-0.373,1.862,1.479,-0.349,1.691,1.322,-0.835,1.843,1.514,-0.812,1.674
1530,169.485,0,1,1,1,1,0,Avatar IK kemik fallback,1,1,1,1,-9.202,0.857,17.657,22.878,37.902,0.160,25.760,9.388,0.000,1.259,0.135,1.663,1.293,-0.373,1.851,1.490,-0.352,1.684,1.319,-0.836,1.840,1.525,-0.815,1.679
1531,169.597,0,1,1,1,1,0,Avatar IK kemik fallback,1,1,1,1,-9.511,1.075,17.325,22.257,44.874,0.096,24.918,10.183,0.000,1.273,0.140,1.657,1.298,-0.369,1.849,1.495,-0.349,1.681,1.318,-0.832,1.842,1.527,-0.812,1.683
1532,169.708,0,1,1,1,1,0,Avatar IK kemik fallback,1,1,1,1,-10.168,1.915,16.972,22.102,51.604,0.072,26.258,12.050,0.000,1.279,0.137,1.659,1.303,-0.373,1.853,1.496,-0.351,1.680,1.318,-0.837,1.847,1.527,-0.815,1.688
1533,169.819,0,1,1,1,1,0,Avatar IK kemik fallback,1,1,1,1,-10.865,2.933,16.656,21.923,56.020,0.046,27.303,13.971,0.000,1.281,0.138,1.666,1.308,-0.374,1.858,1.495,-0.350,1.681,1.317,-0.837,1.849,1.526,-0.813,1.691
1534,169.919,0,1,1,1,1,0,Avatar IK kemik fallback,1,1,1,1,-11.186,3.547,16.487,22.043,59.236,0.038,28.842,14.802,0.000,1.280,0.137,1.671,1.309,-0.376,1.861,1.492,-0.351,1.682,1.318,-0.840,1.851,1.525,-0.814,1.692
1535,170.032,0,1,1,1,1,0,Avatar IK kemik fallback,1,1,1,1,-11.328,3.985,16.435,22.358,61.160,0.085,30.538,15.574,0.000,1.274,0.130,1.678,1.309,-0.384,1.865,1.489,-0.356,1.685,1.318,-0.847,1.853,1.524,-0.819,1.694
1536,170.142,0,1,1,1,1,0,Avatar IK kemik fallback,1,1,1,1,-11.481,4.510,16.184,22.679,61.696,0.108,33.425,16.298,0.000,1.270,0.126,1.688,1.310,-0.389,1.871,1.486,-0.359,1.688,1.319,-0.853,1.856,1.522,-0.822,1.695
1537,170.253,0,1,1,1,1,0,Avatar IK kemik fallback,1,1,1,1,-11.707,5.128,15.934,22.783,60.913,0.080,35.383,17.260,0.000,1.266,0.121,1.698,1.311,-0.394,1.877,1.484,-0.362,1.692,1.320,-0.858,1.858,1.523,-0.825,1.696
1538,170.366,0,1,1,1,1,0,Avatar IK kemik fallback,1,1,1,1,-11.887,5.708,15.667,22.781,58.784,0.114,37.006,18.250,0.000,1.262,0.118,1.709,1.312,-0.399,1.883,1.482,-0.364,1.697,1.322,-0.862,1.860,1.525,-0.827,1.698
1539,170.477,0,1,1,1,1,0,Avatar IK kemik fallback,1,1,1,1,-11.949,6.142,15.370,22.878,55.363,0.085,39.260,18.680,0.000,1.261,0.116,1.719,1.314,-0.402,1.888,1.481,-0.366,1.701,1.324,-0.865,1.862,1.525,-0.829,1.698
1540,170.587,0,1,1,1,1,0,Avatar IK kemik fallback,1,1,1,1,-11.933,6.462,15.154,23.246,50.824,0.071,42.148,18.504,0.000,1.259,0.113,1.726,1.314,-0.405,1.891,1.480,-0.369,1.704,1.327,-0.868,1.863,1.524,-0.831,1.697
1541,170.700,0,1,1,1,1,0,Avatar IK kemik fallback,1,1,1,1,-11.832,6.577,14.963,23.401,45.546,0.064,43.991,18.119,0.000,1.255,0.116,1.731,1.313,-0.403,1.893,1.477,-0.366,1.706,1.329,-0.866,1.864,1.523,-0.828,1.696
1542,170.810,0,1,1,1,1,0,Avatar IK kemik fallback,1,1,1,1,-11.723,6.703,14.651,23.053,40.151,0.054,44.569,18.428,0.000,1.251,0.120,1.735,1.312,-0.398,1.896,1.476,-0.360,1.709,1.332,-0.861,1.865,1.527,-0.821,1.698
1543,170.922,0,1,1,1,1,0,Avatar IK kemik fallback,1,1,1,1,-11.695,6.070,14.295,22.773,35.806,0.019,45.741,18.204,0.000,1.251,0.125,1.738,1.312,-0.394,1.898,1.472,-0.355,1.716,1.334,-0.856,1.868,1.522,-0.817,1.717
1544,171.032,0,1,1,1,1,0,Avatar IK kemik fallback,1,1,1,1,-11.782,5.355,14.273,22.963,33.096,0.066,46.673,16.555,0.000,1.256,0.126,1.738,1.314,-0.393,1.898,1.464,-0.357,1.721,1.331,-0.856,1.868,1.497,-0.820,1.739
1545,171.145,0,1,1,1,1,0,Avatar IK kemik fallback,1,1,1,1,-11.967,5.909,14.262,22.570,32.094,0.139,45.110,16.826,0.000,1.268,0.125,1.736,1.321,-0.395,1.897,1.463,-0.362,1.722,1.326,-0.859,1.869,1.489,-0.825,1.745
1546,171.269,0,1,1,1,1,0,Avatar IK kemik fallback,1,1,1,1,-12.330,6.475,15.335,21.554,32.169,0.159,33.719,21.161,0.000,1.285,0.118,1.728,1.330,-0.404,1.892,1.474,-0.369,1.720,1.307,-0.866,1.866,1.504,-0.831,1.752
1547,171.379,0,1,1,1,1,0,Avatar IK kemik fallback,1,1,1,1,-18.930,5.876,26.537,20.830,32.536,0.179,24.096,28.116,0.000,1.303,0.111,1.721,1.356,-0.407,1.907,1.482,-0.378,1.717,1.256,-0.859,1.857,1.510,-0.839,1.766
1548,171.489,0,1,1,1,1,0,Avatar IK kemik fallback,1,1,1,1,-27.958,6.708,41.596,20.547,32.993,0.183,67.743,27.811,0.000,1.317,0.109,1.728,1.442,-0.386,1.960,1.485,-0.381,1.720,1.282,-0.824,1.917,1.510,-0.842,1.771
1549,171.600,0,1,1,1,1,0,Avatar IK kemik fallback,1,1,1,1,-17.829,7.446,29.024,19.112,34.300,0.310,41.183,23.480,0.000,1.338,0.119,1.745,1.462,-0.385,1.952,1.490,-0.375,1.726,1.353,-0.837,1.980,1.521,-0.836,1.774
1550,171.712,0,1,1,1,1,0,Avatar IK kemik fallback,1,1,1,1,-10.270,7.904,16.459,17.716,38.453,0.402,7.358,13.631,0.000,1.365,0.130,1.774,1.511,-0.378,1.957,1.495,-0.369,1.739,1.495,-0.837,2.021,1.528,-0.831,1.777
1551,171.825,0,1,1,1,1,0,Avatar IK kemik fallback,1,1,1,1,-9.325,8.779,14.397,17.044,46.998,0.359,16.835,11.541,0.000,1.394,0.134,1.810,1.560,-0.376,1.970,1.501,-0.370,1.754,1.564,-0.835,2.035,1.529,-0.833,1.774
1552,171.925,0,1,1,1,1,0,Avatar IK kemik fallback,1,1,1,1,-8.971,9.406,13.425,16.470,59.900,0.578,20.373,16.518,0.000,1.427,0.129,1.854,1.578,-0.390,1.987,1.509,-0.380,1.773,1.561,-0.850,2.044,1.529,-0.843,1.769
1553,172.035,0,1,1,1,1,0,Avatar IK kemik fallback,1,1,1,1,-8.987,10.555,11.537,16.349,76.689,0.609,34.514,19.198,0.000,1.468,0.128,1.902,1.600,-0.397,2.004,1.521,-0.383,1.796,1.568,-0.859,2.040,1.523,-0.846,1.764
1554,172.148,0,1,1,1,1,0,Avatar IK kemik fallback,1,1,1,1,-9.317,10.220,9.930,14.966,95.824,0.535,40.455,21.680,0.000,1.506,0.129,1.944,1.620,-0.400,2.020,1.534,-0.381,1.818,1.575,-0.862,2.029,1.533,-0.842,1.767
1555,172.258,0,1,1,1,1,0,Avatar IK kemik fallback,1,1,1,1,-3.565,12.199,6.711,21.873,115.286,0.410,106.086,14.850,0.000,1.537,0.126,1.976,1.617,-0.404,1.995,1.552,-0.381,1.844,1.566,-0.865,2.008,1.518,-0.844,1.839
1556,172.370,0,1,1,1,1,0,Avatar IK kemik fallback,1,1,1,1,-2.311,9.547,5.353,26.959,133.300,0.280,133.732,6.215,0.000,1.562,0.119,1.998,1.626,-0.410,1.996,1.537,-0.390,1.866,1.569,-0.871,2.005,1.494,-0.848,1.930
1557,172.471,0,1,1,1,1,0,Avatar IK kemik fallback,1,1,1,1,-1.363,1.081,4.745,24.612,148.443,0.167,135.343,0.000,0.443,1.578,0.115,2.008,1.629,-0.412,1.994,1.481,-0.403,1.907,1.570,-0.873,2.005,1.461,-0.857,2.002
1558,172.580,0,1,1,1,1,0,Avatar IK kemik fallback,1,1,1,1,-0.452,-8.729,4.693,21.845,160.354,0.064,129.263,0.000,4.031,1.587,0.114,2.014,1.629,-0.413,1.991,1.421,-0.408,1.964,1.574,-0.874,2.008,1.435,-0.862,2.056
1559,172.682,0,1,1,1,1,0,Avatar IK kemik fallback,1,1,1,1,0.048,-3.063,5.205,18.132,168.534,0.085,110.781,0.000,1.155,1.585,0.113,2.020,1.624,-0.414,1.990,1.441,-0.410,1.981,1.577,-0.875,2.014,1.446,-0.869,2.052
1560,172.794,0,1,1,1,1,0,Avatar IK kemik fallback,1,1,1,1,-4.220,-4.525,13.362,18.736,172.890,0.095,33.490,5.364,0.000,1.577,0.108,2.027,1.626,-0.418,1.968,1.428,-0.412,1.984,1.583,-0.875,2.041,1.450,-0.872,2.033
1561,172.916,0,1,1,1,1,0,Avatar IK kemik fallback,1,1,1,1,-3.167,-17.888,28.885,20.906,173.625,0.153,32.053,5.076,0.000,1.580,0.111,2.025,1.602,-0.407,1.902,1.376,-0.406,2.069,1.618,-0.852,2.032,1.425,-0.868,2.079
1562,173.025,0,1,1,1,1,0,Avatar IK kemik fallback,1,1,1,1,10.020,-17.997,34.519,21.059,170.935,0.190,48.437,4.306,0.000,1.597,0.112,2.013,1.559,-0.397,1.882,1.388,-0.402,2.081,1.655,-0.844,1.971,1.425,-0.865,2.082
1563,173.138,0,1,1,1,1,0,Avatar IK kemik fallback,1,1,1,1,16.137,-16.470,30.384,19.479,165.591,0.440,43.738,3.205,0.000,1.628,0.112,1.984,1.566,-0.399,1.884,1.424,-0.399,2.083,1.668,-0.853,1.902,1.440,-0.863,2.083
1564,173.260,0,1,1,1,1,0,Avatar IK kemik fallback,1,1,1,1,11.675,-10.980,22.931,14.194,156.431,0.610,47.069,6.291,0.000,1.671,0.110,1.943,1.614,-0.407,1.871,1.485,-0.401,2.065,1.679,-0.867,1.888,1.462,-0.864,2.085
1565,173.382,0,1,1,1,1,0,Avatar IK kemik fallback,1,1,1,1,7.084,-9.799,15.278,14.415,145.721,0.400,5.814,11.529,0.000,1.718,0.114,1.897,1.670,-0.406,1.855,1.508,-0.385,2.047,1.692,-0.868,1.892,1.454,-0.844,2.093
1566,173.483,0,1,1,1,1,0,Avatar IK kemik fallback,1,1,1,1,7.351,-11.302,13.963,15.436,137.115,0.484,10.023,10.708,0.000,1.753,0.117,1.860,1.678,-0.396,1.838,1.536,-0.373,2.032,1.670,-0.858,1.881,1.469,-0.830,2.078
1567,173.583,0,1,1,1,1,0,Avatar IK kemik fallback,1,1,1,1,7.729,-12.470,13.849,18.573,130.673,0.268,29.140,0.632,0.000,1.779,0.115,1.833,1.686,-0.393,1.826,1.597,-0.382,2.020,1.662,-0.854,1.875,1.583,-0.843,2.070
1568,173.683,0,1,1,1,1,0,Avatar IK kemik fallback,1,1,1,1,7.989,-12.389,13.979,20.084,127.442,0.230,35.847,0.000,8.079,1.796,0.116,1.811,1.691,-0.388,1.816,1.652,-0.387,2.010,1.660,-0.848,1.871,1.681,-0.847,2.064
1569,173.805,0,1,1,1,1,0,Avatar IK kemik fallback,1,1,1,1,7.835,-12.638,13.723,18.499,127.423,0.087,29.647,0.000,11.661,1.804,0.116,1.799,1.693,-0.385,1.811,1.686,-0.388,2.009,1.657,-0.844,1.872,1.717,-0.848,2.061
1570,173.906,0,1,1,1,1,0,Avatar IK kemik fallback,1,1,1,1,7.955,-13.059,13.652,16.870,129.605,0.018,21.090,0.000,10.595,1.808,0.118,1.797,1.695,-0.383,1.810,1.692,-0.386,2.010,1.656,-0.841,1.871,1.706,-0.847,2.058
1571,174.006,0,1,1,1,1,0,Avatar IK kemik fallback,1,1,1,1,8.075,-13.215,13.779,16.256,132.646,0.055,16.500,0.000,10.120,1.810,0.117,1.800,1.697,-0.384,1.811,1.692,-0.387,2.012,1.656,-0.842,1.871,1.698,-0.849,2.058
1572,174.117,0,1,1,1,1,0,Avatar IK kemik fallback,1,1,1,1,8.268,-13.235,13.714,15.870,135.538,0.039,14.571,0.000,10.353,1.810,0.119,1.805,1.697,-0.382,1.813,1.692,-0.387,2.014,1.654,-0.841,1.869,1.695,-0.849,2.056
1573,174.218,0,1,1,1,1,0,Avatar IK kemik fallback,1,1,1,1,8.502,-13.381,13.405,15.338,136.107,0.171,13.445,0.000,10.535,1.804,0.122,1.810,1.695,-0.380,1.815,1.690,-0.384,2.016,1.651,-0.839,1.867,1.691,-0.847,2.053
1574,174.340,0,1,1,1,1,0,Avatar IK kemik fallback,1,1,1,1,8.965,-13.617,12.522,14.589,134.018,0.111,15.249,0.000,10.927,1.794,0.129,1.816,1.691,-0.375,1.819,1.687,-0.380,2.019,1.642,-0.835,1.862,1.683,-0.843,2.048
1575,174.451,0,1,1,1,1,0,Avatar IK kemik fallback,1,1,1,1,9.601,-13.871,11.295,14.128,129.751,0.170,22.285,0.000,11.474,1.778,0.138,1.820,1.687,-0.368,1.825,1.683,-0.373,2.022,1.631,-0.828,1.857,1.675,-0.837,2.041
1576,174.551,0,1,1,1,1,0,Avatar IK kemik fallback,1,1,1,1,9.993,-13.928,10.126,13.953,122.642,0.213,31.790,0.000,11.057,1.755,0.141,1.823,1.683,-0.369,1.832,1.677,-0.373,2.024,1.616,-0.829,1.852,1.658,-0.836,2.031
1577,174.663,0,1,1,1,1,0,Avatar IK kemik fallback,1,1,1,1,9.874,-13.836,10.090,14.659,111.959,0.204,36.919,0.000,9.985,1.732,0.138,1.822,1.681,-0.376,1.834,1.672,-0.376,2.024,1.602,-0.834,1.845,1.637,-0.839,2.020
1578,174.775,0,1,1,1,1,0,Avatar IK kemik fallback,1,1,1,1,9.577,-15.089,11.268,18.171,98.177,0.276,46.898,0.000,8.329,1.703,0.124,1.820,1.674,-0.392,1.833,1.666,-0.389,2.031,1.588,-0.850,1.838,1.611,-0.850,2.014
1579,174.886,0,1,1,1,1,0,Avatar IK kemik fallback,1,1,1,1,16.287,-24.656,21.988,32.158,83.125,0.254,37.566,0.000,8.337,1.676,0.102,1.820,1.689,-0.405,1.882,1.688,-0.387,2.097,1.591,-0.860,1.867,1.613,-0.844,2.052
1580,174.997,0,1,1,1,1,0,Avatar IK kemik fallback,1,1,1,1,21.946,-29.488,33.318,41.291,70.163,0.230,21.371,0.000,7.241,1.653,0.078,1.823,1.719,-0.412,1.928,1.707,-0.391,2.133,1.603,-0.863,1.892,1.617,-0.844,2.071
1581,175.100,0,1,1,1,1,0,Avatar IK kemik fallback,1,1,1,1,24.251,-31.941,39.753,46.796,64.039,0.169,16.273,0.000,6.693,1.635,0.059,1.827,1.738,-0.419,1.948,1.721,-0.396,2.151,1.612,-0.866,1.903,1.621,-0.845,2.081
1582,175.209,0,1,1,1,1,0,Avatar IK kemik fallback,1,1,1,1,26.292,-34.643,45.034,51.213,63.611,0.157,12.840,0.000,5.908,1.618,0.043,1.829,1.753,-0.424,1.959,1.731,-0.399,2.164,1.620,-0.869,1.907,1.625,-0.846,2.087
1583,175.320,0,1,1,1,1,0,Avatar IK kemik fallback,1,1,1,1,27.777,-36.630,48.959,54.453,68.901,0.075,10.625,0.000,5.368,1.605,0.030,1.830,1.765,-0.428,1.965,1.739,-0.402,2.172,1.624,-0.870,1.908,1.627,-0.847,2.091
1584,175.421,0,1,1,1,1,0,Avatar IK kemik fallback,1,1,1,1,28.777,-38.104,51.291,56.286,74.688,0.096,9.286,0.000,4.950,1.594,0.022,1.830,1.770,-0.430,1.967,1.742,-0.403,2.177,1.628,-0.871,1.908,1.629,-0.848,2.093
1585,175.531,0,1,1,1,1,0,Avatar IK kemik fallback,1,1,1,1,29.581,-39.401,52.809,57.511,81.557,0.073,8.524,0.000,4.311,1.584,0.017,1.830,1.773,-0.430,1.966,1.743,-0.404,2.178,1.630,-0.871,1.907,1.629,-0.848,2.093
1586,175.643,0,1,1,1,1,0,Avatar IK kemik fallback,1,1,1,1,29.741,-39.913,53.251,57.799,86.713,0.030,8.191,0.000,3.822,1.578,0.016,1.830,1.773,-0.429,1.963,1.742,-0.403,2.177,1.631,-0.871,1.905,1.629,-0.848,2.092
1587,175.755,0,1,1,1,1,0,Avatar IK kemik fallback,1,1,1,1,29.432,-39.976,53.007,57.318,89.740,0.010,7.814,0.000,3.719,1.575,0.018,1.829,1.772,-0.428,1.959,1.740,-0.402,2.175,1.629,-0.870,1.903,1.628,-0.847,2.091
1588,175.865,0,1,1,1,1,0,Avatar IK kemik fallback,1,1,1,1,28.428,-39.292,51.598,55.840,90.505,0.058,7.895,0.000,3.915,1.579,0.026,1.828,1.768,-0.426,1.953,1.736,-0.400,2.171,1.625,-0.868,1.900,1.626,-0.846,2.089
1589,175.977,0,1,1,1,1,0,Avatar IK kemik fallback,1,1,1,1,25.612,-36.511,47.873,52.472,88.735,0.162,9.166,0.000,4.705,1.591,0.041,1.831,1.761,-0.423,1.946,1.729,-0.398,2.164,1.619,-0.866,1.897,1.623,-0.845,2.085
1590,176.089,0,1,1,1,1,0,Avatar IK kemik fallback,1,1,1,1,22.059,-32.106,41.445,46.957,84.152,0.260,12.470,0.000,5.901,1.614,0.063,1.839,1.747,-0.419,1.939,1.719,-0.395,2.154,1.613,-0.864,1.893,1.621,-0.844,2.080
1591,176.202,0,1,1,1,1,0,Avatar IK kemik fallback,1,1,1,1,17.724,-26.503,32.215,39.330,77.335,0.294,19.888,0.000,7.473,1.640,0.089,1.854,1.724,-0.413,1.926,1.704,-0.392,2.138,1.605,-0.862,1.885,1.619,-0.844,2.070
1592,176.311,0,1,1,1,1,0,Avatar IK kemik fallback,1,1,1,1,13.360,-21.541,20.613,30.533,69.633,0.208,38.792,0.000,9.153,1.664,0.112,1.873,1.692,-0.405,1.902,1.685,-0.389,2.117,1.596,-0.859,1.869,1.618,-0.845,2.056
1593,176.412,0,1,1,1,1,0,Avatar IK kemik fallback,1,1,1,1,7.864,-15.344,9.387,20.471,62.585,0.358,74.246,0.000,9.612,1.687,0.130,1.896,1.670,-0.394,1.869,1.667,-0.388,2.085,1.596,-0.852,1.848,1.617,-0.847,2.033
1594,176.523,0,1,1,1,1,0,Avatar IK kemik fallback,1,1,1,1,3.783,-11.652,6.540,13.829,58.652,0.275,71.563,0.000,11.353,1.707,0.143,1.920,1.650,-0.378,1.840,1.662,-0.382,2.069,1.600,-0.840,1.829,1.630,-0.843,2.023
1595,176.646,0,1,1,1,1,0,Avatar IK kemik fallback,1,1,1,1,3.631,-11.671,8.871,12.350,59.908,0.294,32.794,0.000,11.346,1.723,0.147,1.947,1.665,-0.372,1.854,1.663,-0.379,2.082,1.629,-0.835,1.841,1.651,-0.841,2.034
1596,176.768,0,1,1,1,1,0,Avatar IK kemik fallback,1,1,1,1,6.363,-11.752,12.145,11.768,67.447,0.157,3.156,0.000,11.107,1.736,0.142,1.973,1.673,-0.376,1.883,1.660,-0.385,2.090,1.655,-0.839,1.866,1.674,-0.847,2.045
1597,176.881,0,1,1,1,1,0,Avatar IK kemik fallback,1,1,1,1,5.695,-11.372,13.897,11.643,76.141,0.125,17.651,0.000,11.908,1.742,0.131,1.995,1.676,-0.384,1.886,1.656,-0.397,2.097,1.666,-0.847,1.867,1.682,-0.858,2.051
1598,177.003,0,1,1,1,1,0,Avatar IK kemik fallback,1,1,1,1,4.682,-18.520,16.520,19.684,86.554,0.110,17.482,0.000,10.448,1.744,0.118,2.011,1.681,-0.395,1.886,1.614,-0.405,2.127,1.685,-0.859,1.873,1.663,-0.863,2.073
1599,177.113,0,1,1,1,1,0,Avatar IK kemik fallback,1,1,1,1,5.317,-22.400,22.115,24.927,93.923,0.048,11.953,0.000,10.925,1.746,0.107,2.019,1.660,-0.398,1.879,1.584,-0.410,2.135,1.677,-0.861,1.877,1.653,-0.867,2.081
1600,177.224,0,1,1,1,1,0,Avatar IK kemik fallback,1,1,1,1,5.875,-23.356,25.299,26.738,99.370,0.028,5.528,0.000,11.513,1.746,0.103,2.022,1.647,-0.396,1.875,1.573,-0.412,2.133,1.671,-0.860,1.879,1.650,-0.868,2.082
1601,177.325,0,1,1,1,1,0,Avatar IK kemik fallback,1,1,1,1,6.087,-23.309,25.943,27.047,102.773,0.017,4.167,0.000,11.791,1.747,0.102,2.024,1.646,-0.395,1.875,1.571,-0.413,2.130,1.671,-0.859,1.880,1.651,-0.868,2.082
1602,177.436,0,1,1,1,1,0,Avatar IK kemik fallback,1,1,1,1,5.978,-23.143,25.669,26.971,103.980,0.029,4.948,0.000,11.584,1.749,0.103,2.025,1.650,-0.396,1.876,1.572,-0.413,2.129,1.674,-0.859,1.882,1.653,-0.868,2.081
1603,177.547,0,1,1,1,1,0,Avatar IK kemik fallback,1,1,1,1,5.826,-22.763,24.663,26.541,102.877,0.038,7.337,0.000,11.030,1.751,0.104,2.023,1.656,-0.397,1.879,1.576,-0.412,2.127,1.679,-0.860,1.884,1.656,-0.868,2.079
1604,177.648,0,1,1,1,1,0,Avatar IK kemik fallback,1,1,1,1,5.731,-22.740,24.302,26.545,99.353,0.020,8.824,0.000,10.813,1.753,0.104,2.021,1.658,-0.397,1.879,1.579,-0.411,2.127,1.680,-0.860,1.883,1.656,-0.867,2.079
1605,177.760,0,1,1,1,1,0,Avatar IK kemik fallback,1,1,1,1,4.650,-20.841,19.996,24.194,93.250,0.026,18.998,0.000,9.312,1.754,0.110,2.018,1.682,-0.400,1.888,1.593,-0.408,2.123,1.696,-0.863,1.890,1.665,-0.865,2.076
1606,177.882,0,1,1,1,1,0,Avatar IK kemik fallback,1,1,1,1,4.336,-20.089,19.065,23.291,82.660,0.027,19.954,0.000,9.080,1.756,0.112,2.017,1.687,-0.399,1.889,1.599,-0.407,2.121,1.698,-0.863,1.890,1.667,-0.865,2.074
1607,178.004,0,1,1,1,1,0,Avatar IK kemik fallback,1,1,1,1,4.163,-19.003,19.132,22.218,69.734,0.032,14.928,0.000,9.089,1.759,0.114,2.017,1.689,-0.397,1.889,1.607,-0.406,2.118,1.699,-0.860,1.891,1.672,-0.864,2.072
1608,178.116,0,1,1,1,1,0,Avatar IK kemik fallback,1,1,1,1,4.162,-17.490,19.223,20.532,56.053,0.021,6.587,0.000,9.217,1.761,0.117,2.016,1.690,-0.394,1.889,1.619,-0.405,2.114,1.700,-0.857,1.892,1.679,-0.863,2.069
1609,178.216,0,1,1,1,1,0,Avatar IK kemik fallback,1,1,1,1,4.141,-16.313,19.258,19.161,45.086,0.006,0.508,0.000,9.386,1.763,0.119,2.016,1.690,-0.392,1.888,1.627,-0.404,2.111,1.701,-0.855,1.892,1.684,-0.863,2.067
1610,178.316,0,1,1,1,1,0,Avatar IK kemik fallback,1,1,1,1,4.149,-15.196,19.264,17.890,34.848,0.011,7.395,0.000,9.706,1.763,0.121,2.017,1.691,-0.390,1.889,1.634,-0.403,2.108,1.701,-0.854,1.892,1.689,-0.863,2.065
1611,178.417,0,1,1,1,1,0,Avatar IK kemik fallback,1,1,1,1,4.172,-15.936,19.291,18.816,25.985,0.021,2.493,0.000,9.653,1.763,0.119,2.018,1.691,-0.391,1.890,1.629,-0.404,2.110,1.701,-0.855,1.892,1.686,-0.863,2.067
1612,178.528,0,1,1,1,1,0,Avatar IK kemik fallback,1,1,1,1,4.184,-17.758,19.383,20.974,17.021,0.027,7.884,0.000,9.256,1.763,0.116,2.021,1.691,-0.394,1.891,1.617,-0.405,2.115,1.701,-0.858,1.893,1.679,-0.864,2.070
1613,178.628,0,1,1,1,1,0,Avatar IK kemik fallback,1,1,1,1,4.158,-19.063,19.419,22.456,11.627,0.015,14.505,0.000,8.890,1.762,0.113,2.024,1.691,-0.397,1.892,1.607,-0.407,2.120,1.701,-0.861,1.894,1.672,-0.865,2.072
1614,178.741,0,1,1,1,1,0,Avatar IK kemik fallback,1,1,1,1,4.196,-19.515,19.219,22.960,8.641,0.011,17.737,0.000,8.944,1.761,0.112,2.025,1.690,-0.398,1.894,1.603,-0.407,2.121,1.699,-0.862,1.894,1.670,-0.865,2.073
1615,178.863,0,1,1,1,1,0,Avatar IK kemik fallback,1,1,1,1,4.204,-20.114,19.038,23.752,7.432,0.009,22.031,0.000,8.896,1.762,0.110,2.025,1.691,-0.399,1.894,1.600,-0.408,2.123,1.698,-0.863,1.892,1.668,-0.865,2.073
1616,178.964,0,1,1,1,1,0,Avatar IK kemik fallback,1,1,1,1,4.224,-19.237,18.950,22.676,7.056,0.013,17.902,0.000,9.156,1.761,0.113,2.025,1.690,-0.397,1.894,1.606,-0.407,2.121,1.698,-0.861,1.892,1.672,-0.865,2.072
1617,179.074,0,1,1,1,1,0,Avatar IK kemik fallback,1,1,1,1,4.010,-18.510,18.701,21.768,6.472,0.025,15.156,0.000,9.262,1.759,0.114,2.023,1.689,-0.396,1.892,1.611,-0.407,2.119,1.697,-0.860,1.891,1.675,-0.864,2.070
1618,179.197,0,1,1,1,1,0,Avatar IK kemik fallback,1,1,1,1,3.755,-18.343,18.542,21.561,5.704,0.036,15.058,0.000,8.658,1.760,0.115,2.020,1.688,-0.397,1.890,1.615,-0.406,2.120,1.697,-0.860,1.888,1.675,-0.864,2.068
1619,179.298,0,1,1,1,1,0,Avatar IK kemik fallback,1,1,1,1,3.772,-19.559,18.585,22.859,5.091,0.016,20.624,0.000,7.865,1.762,0.112,2.016,1.687,-0.399,1.889,1.612,-0.407,2.125,1.698,-0.863,1.885,1.671,-0.864,2.069
1620,179.409,0,1,1,1,1,0,Avatar IK kemik fallback,1,1,1,1,4.306,-22.031,21.791,25.908,4.758,0.031,17.261,0.000,8.361,1.765,0.106,2.014,1.669,-0.400,1.881,1.599,-0.409,2.132,1.686,-0.863,1.879,1.662,-0.865,2.073
1621,179.509,0,1,1,1,1,0,Avatar IK kemik fallback,1,1,1,1,3.607,-18.775,18.231,21.861,4.594,0.072,18.111,0.000,7.981,1.759,0.115,2.015,1.685,-0.398,1.888,1.617,-0.406,2.124,1.696,-0.861,1.883,1.674,-0.863,2.067
1622,179.632,0,1,1,1,1,0,Avatar IK kemik fallback,1,1,1,1,3.557,-15.720,18.082,18.328,4.426,0.024,1.351,0.000,8.683,1.757,0.121,2.015,1.685,-0.392,1.888,1.635,-0.403,2.114,1.697,-0.856,1.883,1.686,-0.862,2.060
1623,179.743,0,1,1,1,1,0,Avatar IK kemik fallback,1,1,1,1,3.709,-11.474,17.293,12.767,5.323,0.119,30.116,0.000,9.835,1.744,0.154,2.014,1.683,-0.361,1.889,1.657,-0.374,2.099,1.697,-0.824,1.884,1.701,-0.834,2.050
1624,179.864,0,1,1,1,1,0,Avatar IK kemik fallback,1,1,1,1,3.782,-11.524,15.767,12.027,10.195,0.147,26.910,0.000,10.193,1.720,0.197,2.004,1.675,-0.321,1.886,1.648,-0.332,2.097,1.693,-0.785,1.882,1.696,-0.792,2.049
1625,179.967,0,1,1,1,1,0,Avatar IK kemik fallback,1,1,1,1,3.822,-11.543,14.772,11.708,16.245,0.161,23.139,0.000,10.263,1.702,0.223,1.993,1.668,-0.298,1.881,1.641,-0.307,2.094,1.689,-0.761,1.879,1.692,-0.766,2.047
